location,clinic_name,day,start,end,start_minutes,end_minutes,overnight,display
Ang Mo Kio,Appletree Medical,Mon,09:00,12:00,540,720,False,9:00am - 12:00pm
Ang Mo Kio,Appletree Medical,Mon,13:00,15:00,780,900,False,1:00pm - 3:00pm
Ang Mo Kio,Appletree Medical,Tues,09:00,12:00,540,720,False,9:00am - 12:00pm
Ang Mo Kio,Appletree Medical,Tues,13:00,15:00,780,900,False,1:00pm - 3:00pm
Ang Mo Kio,Appletree Medical,Wed,09:00,12:00,540,720,False,9:00am - 12:00pm
Ang Mo Kio,Appletree Medical,Wed,13:00,15:00,780,900,False,1:00pm - 3:00pm
Ang Mo Kio,Appletree Medical,Thurs,09:00,12:00,540,720,False,9:00am - 12:00pm
Ang Mo Kio,Appletree Medical,Thurs,13:00,15:00,780,900,False,1:00pm - 3:00pm
Ang Mo Kio,Appletree Medical,Fri,09:00,12:00,540,720,False,9:00am - 12:00pm
Ang Mo Kio,Appletree Medical,Fri,13:00,15:00,780,900,False,1:00pm - 3:00pm
Ang Mo Kio,Appletree Medical,Sat,09:00,12:00,540,720,False,9:00am - 12:00pm
Ang Mo Kio,Atrio Family Clinic (Ang Mo Kio),Mon,08:00,14:00,480,840,False,8:00am - 2:00pm
Ang Mo Kio,Atrio Family Clinic (Ang Mo Kio),Mon,17:30,21:30,1050,1290,False,5:30pm - 9:30pm
Ang Mo Kio,Atrio Family Clinic (Ang Mo Kio),Tues,08:00,14:00,480,840,False,8:00am - 2:00pm
Ang Mo Kio,Atrio Family Clinic (Ang Mo Kio),Tues,17:30,21:30,1050,1290,False,5:30pm - 9:30pm
Ang Mo Kio,Atrio Family Clinic (Ang Mo Kio),Wed,08:00,14:00,480,840,False,8:00am - 2:00pm
Ang Mo Kio,Atrio Family Clinic (Ang Mo Kio),Wed,17:30,21:30,1050,1290,False,5:30pm - 9:30pm
Ang Mo Kio,Atrio Family Clinic (Ang Mo Kio),Thurs,08:00,14:00,480,840,False,8:00am - 2:00pm
Ang Mo Kio,Atrio Family Clinic (Ang Mo Kio),Thurs,17:30,21:30,1050,1290,False,5:30pm - 9:30pm
Ang Mo Kio,Atrio Family Clinic (Ang Mo Kio),Fri,08:00,14:00,480,840,False,8:00am - 2:00pm
Ang Mo Kio,Atrio Family Clinic (Ang Mo Kio),Fri,17:30,21:30,1050,1290,False,5:30pm - 9:30pm
Ang Mo Kio,Atrio Family Clinic (Ang Mo Kio),Sat,08:00,14:00,480,840,False,8:00am - 2:00pm
Ang Mo Kio,Atrio Family Clinic (Ang Mo Kio),Sun,09:00,14:00,540,840,False,9:00am - 2:00pm
Ang Mo Kio,Beacon Clinic and Surgery,Mon,09:00,21:00,540,1260,False,9:00am - 9:00pm
Ang Mo Kio,Beacon Clinic and Surgery,Tues,09:00,21:00,540,1260,False,9:00am - 9:00pm
Ang Mo Kio,Beacon Clinic and Surgery,Wed,09:00,21:00,540,1260,False,9:00am - 9:00pm
Ang Mo Kio,Beacon Clinic and Surgery,Thurs,09:00,21:00,540,1260,False,9:00am - 9:00pm
Ang Mo Kio,Beacon Clinic and Surgery,Fri,09:00,21:00,540,1260,False,9:00am - 9:00pm
Ang Mo Kio,Beacon Clinic and Surgery,Sat,09:00,21:00,540,1260,False,9:00am - 9:00pm
Ang Mo Kio,Beacon Clinic and Surgery,Sun,09:00,21:00,540,1260,False,9:00am - 9:00pm
Ang Mo Kio,Beacon Clinic and Surgery,PH,09:00,21:00,540,1260,False,9:00am - 9:00pm
Ang Mo Kio,DA Clinic @ Ang Mo Kio,Mon,08:00,00:00,480,0,True,8:00am - 12:00am
Ang Mo Kio,DA Clinic @ Ang Mo Kio,Tues,08:00,00:00,480,0,True,8:00am - 12:00am
Ang Mo Kio,DA Clinic @ Ang Mo Kio,Wed,08:00,00:00,480,0,True,8:00am - 12:00am
Ang Mo Kio,DA Clinic @ Ang Mo Kio,Thurs,08:00,00:00,480,0,True,8:00am - 12:00am
Ang Mo Kio,DA Clinic @ Ang Mo Kio,Fri,08:00,00:00,480,0,True,8:00am - 12:00am
Ang Mo Kio,DA Clinic @ Ang Mo Kio,Sat,08:00,00:00,480,0,True,8:00am - 12:00am
Ang Mo Kio,DA Clinic @ Ang Mo Kio,Sun,08:00,00:00,480,0,True,8:00am - 12:00am
Ang Mo Kio,Frontier Medical Associates (Ang Mo Kio),Mon,08:30,16:30,510,990,False,8:30am - 4:30pm
Ang Mo Kio,Frontier Medical Associates (Ang Mo Kio),Mon,18:00,21:00,1080,1260,False,6:00pm - 9:00pm
Ang Mo Kio,Frontier Medical Associates (Ang Mo Kio),Tues,08:30,16:30,510,990,False,8:30am - 4:30pm
Ang Mo Kio,Frontier Medical Associates (Ang Mo Kio),Tues,18:00,21:00,1080,1260,False,6:00pm - 9:00pm
Ang Mo Kio,Frontier Medical Associates (Ang Mo Kio),Wed,08:30,16:30,510,990,False,8:30am - 4:30pm
Ang Mo Kio,Frontier Medical Associates (Ang Mo Kio),Wed,18:00,21:00,1080,1260,False,6:00pm - 9:00pm
Ang Mo Kio,Frontier Medical Associates (Ang Mo Kio),Thurs,08:30,13:00,510,780,False,8:30am - 1:00pm
Ang Mo Kio,Frontier Medical Associates (Ang Mo Kio),Thurs,18:00,21:00,1080,1260,False,6:00pm - 9:00pm
Ang Mo Kio,Frontier Medical Associates (Ang Mo Kio),Fri,08:30,16:30,510,990,False,8:30am - 4:30pm
Ang Mo Kio,Frontier Medical Associates (Ang Mo Kio),Sat,08:30,13:00,510,780,False,8:30am - 1:00pm
Ang Mo Kio,Healthway Medical (Ang Mo Kio Ave 1),Mon,09:00,13:00,540,780,False,9:00am - 1:00pm
Ang Mo Kio,Healthway Medical (Ang Mo Kio Ave 1),Mon,14:00,17:00,840,1020,False,2:00pm - 5:00pm
Ang Mo Kio,Healthway Medical (Ang Mo Kio Ave 1),Mon,18:00,21:00,1080,1260,False,6:00pm - 9:00pm
Ang Mo Kio,Healthway Medical (Ang Mo Kio Ave 1),Tues,09:00,13:00,540,780,False,9:00am - 1:00pm
Ang Mo Kio,Healthway Medical (Ang Mo Kio Ave 1),Tues,14:00,17:00,840,1020,False,2:00pm - 5:00pm
Ang Mo Kio,Healthway Medical (Ang Mo Kio Ave 1),Tues,18:00,21:00,1080,1260,False,6:00pm - 9:00pm
Ang Mo Kio,Healthway Medical (Ang Mo Kio Ave 1),Wed,09:00,13:00,540,780,False,9:00am - 1:00pm
Ang Mo Kio,Healthway Medical (Ang Mo Kio Ave 1),Wed,14:00,17:00,840,1020,False,2:00pm - 5:00pm
Ang Mo Kio,Healthway Medical (Ang Mo Kio Ave 1),Thurs,09:00,12:30,540,750,False,9:00am - 12:30pm
Ang Mo Kio,Healthway Medical (Ang Mo Kio Ave 1),Thurs,14:00,17:00,840,1020,False,2:00pm - 5:00pm
Ang Mo Kio,Healthway Medical (Ang Mo Kio Ave 1),Thurs,18:00,21:00,1080,1260,False,6:00pm - 9:00pm
Ang Mo Kio,Healthway Medical (Ang Mo Kio Ave 1),Fri,09:00,13:00,540,780,False,9:00am - 1:00pm
Ang Mo Kio,Healthway Medical (Ang Mo Kio Ave 1),Fri,14:00,17:00,840,1020,False,2:00pm - 5:00pm
Ang Mo Kio,Healthway Medical (Ang Mo Kio Ave 1),Sat,09:00,13:00,540,780,False,9:00am - 1:00pm
Ang Mo Kio,Healthway Medical (Ang Mo Kio Ave 1),Sun,09:00,13:00,540,780,False,9:00am - 1:00pm
Ang Mo Kio,Healthway Medical (Ang Mo Kio Ave 1),PH,09:00,13:00,540,780,False,9:00am - 1:00pm
Ang Mo Kio,Healthway Medical (Ang Mo Kio Ave 8),Mon,08:00,15:00,480,900,False,8:00am - 3:00pm
Ang Mo Kio,Healthway Medical (Ang Mo Kio Ave 8),Mon,18:00,21:00,1080,1260,False,6:00pm - 9:00pm
Ang Mo Kio,Healthway Medical (Ang Mo Kio Ave 8),Tues,08:00,15:00,480,900,False,8:00am - 3:00pm
Ang Mo Kio,Healthway Medical (Ang Mo Kio Ave 8),Wed,08:00,15:00,480,900,False,8:00am - 3:00pm
Ang Mo Kio,Healthway Medical (Ang Mo Kio Ave 8),Thurs,08:00,15:00,480,900,False,8:00am - 3:00pm
Ang Mo Kio,Healthway Medical (Ang Mo Kio Ave 8),Fri,08:00,15:00,480,900,False,8:00am - 3:00pm
Ang Mo Kio,Healthway Medical (Ang Mo Kio Ave 8),Sat,08:30,12:30,510,750,False,8:30am - 12:30pm
Ang Mo Kio,Intemedical Teck,Mon,08:00,22:00,480,1320,False,8:00am - 10:00pm
Ang Mo Kio,Intemedical Teck,Tues,08:00,22:00,480,1320,False,8:00am - 10:00pm
Ang Mo Kio,Intemedical Teck,Wed,08:00,22:00,480,1320,False,8:00am - 10:00pm
Ang Mo Kio,Intemedical Teck,Thurs,08:00,22:00,480,1320,False,8:00am - 10:00pm
Ang Mo Kio,Intemedical Teck,Fri,08:00,22:00,480,1320,False,8:00am - 10:00pm
Ang Mo Kio,Intemedical Teck,Sat,08:00,22:00,480,1320,False,8:00am - 10:00pm
Ang Mo Kio,Gee,PH,08:00,22:00,480,1320,False,8:00am - 10:00pm
Ang Mo Kio,Keystone Clinic & Surgery (Ang Mo Kio),Mon,08:00,20:00,480,1200,False,8:00am - 8:00pm
Ang Mo Kio,Keystone Clinic & Surgery (Ang Mo Kio),Tues,08:00,20:00,480,1200,False,8:00am - 8:00pm
Ang Mo Kio,Keystone Clinic & Surgery (Ang Mo Kio),Wed,08:00,20:00,480,1200,False,8:00am - 8:00pm
Ang Mo Kio,Keystone Clinic & Surgery (Ang Mo Kio),Thurs,08:00,20:00,480,1200,False,8:00am - 8:00pm
Ang Mo Kio,Keystone Clinic & Surgery (Ang Mo Kio),Fri,08:00,20:00,480,1200,False,8:00am - 8:00pm
Ang Mo Kio,Keystone Clinic & Surgery (Ang Mo Kio),Sat,08:00,20:00,480,1200,False,8:00am - 8:00pm
Ang Mo Kio,Keystone Clinic & Surgery (Ang Mo Kio),Sun,08:00,20:00,480,1200,False,8:00am - 8:00pm
Ang Mo Kio,Keystone Clinic & Surgery (Ang Mo Kio),PH,08:00,20:00,480,1200,False,8:00am - 8:00pm
Ang Mo Kio,Ki Medical Clinic,Mon,08:00,12:00,480,720,False,8:00am - 12:00pm
Ang Mo Kio,Ki Medical Clinic,Mon,14:30,16:30,870,990,False,2:30pm - 4:30pm
Ang Mo Kio,Ki Medical Clinic,Mon,18:00,21:00,1080,1260,False,6:00pm - 9:00pm
Ang Mo Kio,Ki Medical Clinic,Tues,08:00,12:00,480,720,False,8:00am - 12:00pm
Ang Mo Kio,Ki Medical Clinic,Tues,14:30,16:30,870,990,False,2:30pm - 4:30pm
Ang Mo Kio,Ki Medical Clinic,Tues,18:00,21:00,1080,1260,False,6:00pm - 9:00pm
Ang Mo Kio,Ki Medical Clinic,Wed,08:00,12:00,480,720,False,8:00am - 12:00pm
Ang Mo Kio,Ki Medical Clinic,Wed,14:30,16:30,870,990,False,2:30pm - 4:30pm
Ang Mo Kio,Ki Medical Clinic,Wed,18:00,21:00,1080,1260,False,6:00pm - 9:00pm
Ang Mo Kio,Ki Medical Clinic,Thurs,08:00,12:00,480,720,False,8:00am - 12:00pm
Ang Mo Kio,Ki Medical Clinic,Thurs,14:30,16:30,870,990,False,2:30pm - 4:30pm
Ang Mo Kio,Ki Medical Clinic,Thurs,18:00,21:00,1080,1260,False,6:00pm - 9:00pm
Ang Mo Kio,Ki Medical Clinic,Fri,08:00,12:00,480,720,False,8:00am - 12:00pm
Ang Mo Kio,Ki Medical Clinic,Fri,18:00,21:00,1080,1260,False,6:00pm - 9:00pm
Ang Mo Kio,Ki Medical Clinic,Sat,08:00,12:00,480,720,False,8:00am - 12:00pm
Ang Mo Kio,Ki Medical Clinic,Sat,18:00,20:30,1080,1230,False,6:00pm - 8:30pm
Ang Mo Kio,Ki Medical Clinic,Sun,08:00,12:00,480,720,False,8:00am - 12:00pm
Ang Mo Kio,Ki Medical Clinic,Sun,18:00,20:30,1080,1230,False,6:00pm - 8:30pm
Ang Mo Kio,Ki Medical Clinic,PH,08:00,12:00,480,720,False,8:00am - 12:00pm
Ang Mo Kio,Pancare Medical Clinic (Ang Mo Kio),Mon,08:00,13:00,480,780,False,8:00am - 1:00pm
Ang Mo Kio,Pancare Medical Clinic (Ang Mo Kio),Mon,14:00,17:00,840,1020,False,2:00pm - 5:00pm
Ang Mo Kio,Pancare Medical Clinic (Ang Mo Kio),Mon,18:00,21:00,1080,1260,False,6:00pm - 9:00pm
Ang Mo Kio,Pancare Medical Clinic (Ang Mo Kio),Tues,08:00,13:00,480,780,False,8:00am - 1:00pm
Ang Mo Kio,Pancare Medical Clinic (Ang Mo Kio),Tues,14:00,17:00,840,1020,False,2:00pm - 5:00pm
Ang Mo Kio,Pancare Medical Clinic (Ang Mo Kio),Wed,08:00,13:00,480,780,False,8:00am - 1:00pm
Ang Mo Kio,Pancare Medical Clinic (Ang Mo Kio),Wed,18:00,21:00,1080,1260,False,6:00pm - 9:00pm
Ang Mo Kio,Pancare Medical Clinic (Ang Mo Kio),Thurs,08:00,13:00,480,780,False,8:00am - 1:00pm
Ang Mo Kio,Pancare Medical Clinic (Ang Mo Kio),Thurs,18:00,21:00,1080,1260,False,6:00pm - 9:00pm
Ang Mo Kio,Pancare Medical Clinic (Ang Mo Kio),Fri,08:00,13:00,480,780,False,8:00am - 1:00pm
Ang Mo Kio,Pancare Medical Clinic (Ang Mo Kio),Fri,14:00,17:00,840,1020,False,2:00pm - 5:00pm
Ang Mo Kio,Pancare Medical Clinic (Ang Mo Kio),Sat,08:00,13:00,480,780,False,8:00am - 1:00pm
Ang Mo Kio,Pancare Medical Clinic (Ang Mo Kio),Sun,08:00,13:00,480,780,False,8:00am - 1:00pm
Ang Mo Kio,Pancare Medical Clinic (Ang Mo Kio),PH,08:00,13:00,480,780,False,8:00am - 1:00pm
Ang Mo Kio,Procare GP Clinic Mayflower,Mon,08:00,14:00,480,840,False,8:00am - 2:00pm
Ang Mo Kio,Procare GP Clinic Mayflower,Mon,18:00,21:00,1080,1260,False,6:00pm - 9:00pm
Ang Mo Kio,Procare GP Clinic Mayflower,Mon,08:00,13:00,480,780,False,8:00am - 1:00pm
Ang Mo Kio,Procare GP Clinic Mayflower,Tues,08:00,14:00,480,840,False,8:00am - 2:00pm
Ang Mo Kio,Procare GP Clinic Mayflower,Tues,18:00,21:00,1080,1260,False,6:00pm - 9:00pm
Ang Mo Kio,Procare GP Clinic Mayflower,Tues,08:00,13:00,480,780,False,8:00am - 1:00pm
Ang Mo Kio,Procare GP Clinic Mayflower,Wed,08:00,14:00,480,840,False,8:00am - 2:00pm
Ang Mo Kio,Procare GP Clinic Mayflower,Wed,18:00,21:00,1080,1260,False,6:00pm - 9:00pm
Ang Mo Kio,Procare GP Clinic Mayflower,Wed,08:00,13:00,480,780,False,8:00am - 1:00pm
Ang Mo Kio,Procare GP Clinic Mayflower,Thurs,08:00,14:00,480,840,False,8:00am - 2:00pm
Ang Mo Kio,Procare GP Clinic Mayflower,Thurs,18:00,21:00,1080,1260,False,6:00pm - 9:00pm
Ang Mo Kio,Procare GP Clinic Mayflower,Thurs,08:00,13:00,480,780,False,8:00am - 1:00pm
Ang Mo Kio,Procare GP Clinic Mayflower,Fri,08:00,14:00,480,840,False,8:00am - 2:00pm
Ang Mo Kio,Procare GP Clinic Mayflower,Fri,18:00,21:00,1080,1260,False,6:00pm - 9:00pm
Ang Mo Kio,Procare GP Clinic Mayflower,Fri,08:00,13:00,480,780,False,8:00am - 1:00pm
Ang Mo Kio,SATA CommHealth Medical Centre (Ang Mo Kio),Mon,08:30,12:30,510,750,False,8:30am - 12:30pm
Ang Mo Kio,SATA CommHealth Medical Centre (Ang Mo Kio),Mon,13:30,17:00,810,1020,False,1:30pm - 5:00pm
Ang Mo Kio,SATA CommHealth Medical Centre (Ang Mo Kio),Tues,08:30,12:30,510,750,False,8:30am - 12:30pm
Ang Mo Kio,SATA CommHealth Medical Centre (Ang Mo Kio),Tues,13:30,17:00,810,1020,False,1:30pm - 5:00pm
Ang Mo Kio,SATA CommHealth Medical Centre (Ang Mo Kio),Wed,08:30,12:30,510,750,False,8:30am - 12:30pm
Ang Mo Kio,SATA CommHealth Medical Centre (Ang Mo Kio),Wed,13:30,17:00,810,1020,False,1:30pm - 5:00pm
Ang Mo Kio,SATA CommHealth Medical Centre (Ang Mo Kio),Thurs,08:30,12:30,510,750,False,8:30am - 12:30pm
Ang Mo Kio,SATA CommHealth Medical Centre (Ang Mo Kio),Thurs,13:30,17:00,810,1020,False,1:30pm - 5:00pm
Ang Mo Kio,SATA CommHealth Medical Centre (Ang Mo Kio),Fri,08:30,12:30,510,750,False,8:30am - 12:30pm
Ang Mo Kio,SATA CommHealth Medical Centre (Ang Mo Kio),Fri,13:30,17:00,810,1020,False,1:30pm - 5:00pm
Ang Mo Kio,SATA CommHealth Medical Centre (Ang Mo Kio),Sat,08:30,13:00,510,780,False,8:30am - 1:00pm
Ang Mo Kio,Summit Medical Clinic,Mon,08:30,12:30,510,750,False,8:30am - 12:30pm
Ang Mo Kio,Summit Medical Clinic,Mon,13:30,15:30,810,930,False,1:30pm - 3:30pm
Ang Mo Kio,Summit Medical Clinic,Tues,08:30,12:30,510,750,False,8:30am - 12:30pm
Ang Mo Kio,Summit Medical Clinic,Tues,13:30,15:30,810,930,False,1:30pm - 3:30pm
Ang Mo Kio,Summit Medical Clinic,Wed,08:30,12:30,510,750,False,8:30am - 12:30pm
Ang Mo Kio,Summit Medical Clinic,Wed,13:30,15:30,810,930,False,1:30pm - 3:30pm
Ang Mo Kio,Summit Medical Clinic,Thurs,08:30,12:30,510,750,False,8:30am - 12:30pm
Ang Mo Kio,Summit Medical Clinic,Thurs,13:30,15:30,810,930,False,1:30pm - 3:30pm
Ang Mo Kio,Summit Medical Clinic,Fri,08:30,12:30,510,750,False,8:30am - 12:30pm
Ang Mo Kio,Summit Medical Clinic,Fri,13:30,15:30,810,930,False,1:30pm - 3:30pm
Ang Mo Kio,Summit Medical Clinic,Sat,08:30,12:30,510,750,False,8:30am - 12:30pm
Ang Mo Kio,Trust Health Medical,Mon,09:00,12:30,540,750,False,9:00am - 12:30pm
Ang Mo Kio,Trust Health Medical,Mon,13:30,16:30,810,990,False,1:30pm - 4:30pm
Ang Mo Kio,Trust Health Medical,Tues,09:00,12:30,540,750,False,9:00am - 12:30pm
Ang Mo Kio,Trust Health Medical,Tues,13:30,16:30,810,990,False,1:30pm - 4:30pm
Ang Mo Kio,Trust Health Medical,Wed,09:00,12:30,540,750,False,9:00am - 12:30pm
Ang Mo Kio,Trust Health Medical,Wed,13:30,16:30,810,990,False,1:30pm - 4:30pm
Ang Mo Kio,Trust Health Medical,Thurs,09:00,12:30,540,750,False,9:00am - 12:30pm
Ang Mo Kio,Trust Health Medical,Thurs,13:30,16:30,810,990,False,1:30pm - 4:30pm
Ang Mo Kio,Trust Health Medical,Fri,09:00,12:30,540,750,False,9:00am - 12:30pm
Ang Mo Kio,Trust Health Medical,Fri,13:30,16:30,810,990,False,1:30pm - 4:30pm
Ang Mo Kio,Trust Health Medical,Sat,09:00,13:00,540,780,False,9:00am - 1:00pm
Ang Mo Kio,Vital-Care Clinic & Surgery Pte Ltd,Mon,08:00,13:00,480,780,False,8:00am - 1:00pm
Ang Mo Kio,Vital-Care Clinic & Surgery Pte Ltd,Mon,14:00,17:00,840,1020,False,2:00pm - 5:00pm
Ang Mo Kio,Vital-Care Clinic & Surgery Pte Ltd,Tues,08:00,13:00,480,780,False,8:00am - 1:00pm
Ang Mo Kio,Vital-Care Clinic & Surgery Pte Ltd,Tues,14:00,17:00,840,1020,False,2:00pm - 5:00pm
Ang Mo Kio,Vital-Care Clinic & Surgery Pte Ltd,Wed,08:00,13:00,480,780,False,8:00am - 1:00pm
Ang Mo Kio,Vital-Care Clinic & Surgery Pte Ltd,Wed,14:00,17:00,840,1020,False,2:00pm - 5:00pm
Ang Mo Kio,Vital-Care Clinic & Surgery Pte Ltd,Thurs,08:00,13:00,480,780,False,8:00am - 1:00pm
Ang Mo Kio,Vital-Care Clinic & Surgery Pte Ltd,Thurs,14:00,17:00,840,1020,False,2:00pm - 5:00pm
Ang Mo Kio,Vital-Care Clinic & Surgery Pte Ltd,Fri,08:00,13:00,480,780,False,8:00am - 1:00pm
Ang Mo Kio,Vital-Care Clinic & Surgery Pte Ltd,Fri,14:00,17:00,840,1020,False,2:00pm - 5:00pm
Ang Mo Kio,Vital-Care Clinic & Surgery Pte Ltd,Sat,08:00,12:30,480,750,False,8:00am - 12:30pm
Ang Mo Kio,Well Family Clinic & Surgery,Mon,09:00,22:00,540,1320,False,9:00am - 10:00pm
Ang Mo Kio,Well Family Clinic & Surgery,Tues,09:00,22:00,540,1320,False,9:00am - 10:00pm
Ang Mo Kio,Well Family Clinic & Surgery,Wed,09:00,22:00,540,1320,False,9:00am - 10:00pm
Ang Mo Kio,Well Family Clinic & Surgery,Thurs,09:00,22:00,540,1320,False,9:00am - 10:00pm
Ang Mo Kio,Well Family Clinic & Surgery,Fri,09:00,22:00,540,1320,False,9:00am - 10:00pm
Ang Mo Kio,Well Family Clinic & Surgery,Sat,09:00,22:00,540,1320,False,9:00am - 10:00pm
Ang Mo Kio,Well Family Clinic & Surgery,Sun,09:00,22:00,540,1320,False,9:00am - 10:00pm
Ang Mo Kio,Well Family Clinic & Surgery,PH,09:00,22:00,540,1320,False,9:00am - 10:00pm
Ang Mo Kio,1 Medical Teck Ghee,Mon,07:00,23:00,420,1380,False,7:00am - 11:00pm
Ang Mo Kio,1 Medical Teck Ghee,Tues,07:00,23:00,420,1380,False,7:00am - 11:00pm
Ang Mo Kio,1 Medical Teck Ghee,Wed,07:00,23:00,420,1380,False,7:00am - 11:00pm
Ang Mo Kio,1 Medical Teck Ghee,Thurs,07:00,23:00,420,1380,False,7:00am - 11:00pm
Ang Mo Kio,1 Medical Teck Ghee,Fri,07:00,23:00,420,1380,False,7:00am - 11:00pm
Ang Mo Kio,1 Medical Teck Ghee,Sat,07:00,23:00,420,1380,False,7:00am - 11:00pm
Ang Mo Kio,1 Medical Teck Ghee,Sun,07:00,23:00,420,1380,False,7:00am - 11:00pm
Ang Mo Kio,1 Medical Teck Ghee,PH,07:00,13:00,420,780,False,7:00am - 1:00pm
Ang Mo Kio,1 Medical Teck Ghee,PH,18:00,23:00,1080,1380,False,6:00pm - 11:00pm
Balestier,Family Health Clinic & Surgery,Mon,09:00,12:30,540,750,False,9:00am - 12:30pm
Balestier,Family Health Clinic & Surgery,Mon,14:00,17:30,840,1050,False,2:00pm - 5:30pm
Balestier,Family Health Clinic & Surgery,Tues,09:00,12:30,540,750,False,9:00am - 12:30pm
Balestier,Family Health Clinic & Surgery,Tues,14:00,17:30,840,1050,False,2:00pm - 5:30pm
Balestier,Family Health Clinic & Surgery,Wed,09:00,12:30,540,750,False,9:00am - 12:30pm
Balestier,Family Health Clinic & Surgery,Wed,14:00,17:30,840,1050,False,2:00pm - 5:30pm
Balestier,Family Health Clinic & Surgery,Thurs,09:00,12:30,540,750,False,9:00am - 12:30pm
Balestier,Family Health Clinic & Surgery,Thurs,14:00,17:30,840,1050,False,2:00pm - 5:30pm
Balestier,Family Health Clinic & Surgery,Fri,09:00,12:30,540,750,False,9:00am - 12:30pm
Balestier,Family Health Clinic & Surgery,Fri,14:00,17:30,840,1050,False,2:00pm - 5:30pm
Balestier,Family Health Clinic & Surgery,Sat,09:00,12:30,540,750,False,9:00am - 12:30pm
Balestier,Heal Medical Centre,Mon,09:00,17:00,540,1020,False,9:00am - 5:00pm
Balestier,Heal Medical Centre,Tues,09:00,17:00,540,1020,False,9:00am - 5:00pm
Balestier,Heal Medical Centre,Wed,09:00,17:00,540,1020,False,9:00am - 5:00pm
Balestier,Heal Medical Centre,Thurs,09:00,17:00,540,1020,False,9:00am - 5:00pm
Balestier,Heal Medical Centre,Fri,09:00,17:00,540,1020,False,9:00am - 5:00pm
Balestier,Heal Medical Centre,Sat,09:00,13:00,540,780,False,9:00am - 1:00pm
Balestier,Healthify Medical Family Clinic,Mon,08:30,13:00,510,780,False,8:30am - 1:00pm
Balestier,Healthify Medical Family Clinic,Tues,08:30,13:00,510,780,False,8:30am - 1:00pm
Balestier,Healthify Medical Family Clinic,Wed,08:30,13:00,510,780,False,8:30am - 1:00pm
Balestier,Healthify Medical Family Clinic,Wed,14:00,17:00,840,1020,False,2:00pm - 5:00pm
Balestier,Healthify Medical Family Clinic,Thurs,14:00,17:00,840,1020,False,2:00pm - 5:00pm
Balestier,Healthify Medical Family Clinic,Thurs,18:00,20:30,1080,1230,False,6:00pm - 8:30pm
Balestier,Healthify Medical Family Clinic,Fri,08:30,13:00,510,780,False,8:30am - 1:00pm
Balestier,Healthify Medical Family Clinic,Fri,14:00,17:00,840,1020,False,2:00pm - 5:00pm
Balestier,Healthify Medical Family Clinic,Sat,08:30,13:00,510,780,False,8:30am - 1:00pm
Balestier,Livewell Medical Family Clinic,Mon,08:30,13:30,510,810,False,8:30am - 1:30pm
Balestier,Livewell Medical Family Clinic,Mon,18:00,21:30,1080,1290,False,6:00pm - 9:30pm
Balestier,Livewell Medical Family Clinic,Tues,08:30,13:30,510,810,False,8:30am - 1:30pm
Balestier,Livewell Medical Family Clinic,Wed,08:30,13:30,510,810,False,8:30am - 1:30pm
Balestier,Livewell Medical Family Clinic,Wed,18:00,21:30,1080,1290,False,6:00pm - 9:30pm
Balestier,Livewell Medical Family Clinic,Thurs,08:30,13:00,510,780,False,8:30am - 1:00pm
Balestier,Livewell Medical Family Clinic,Thurs,14:00,17:30,840,1050,False,2:00pm - 5:30pm
Balestier,Livewell Medical Family Clinic,Fri,08:30,13:30,510,810,False,8:30am - 1:30pm
Balestier,Livewell Medical Family Clinic,Sat,18:30,21:30,1110,1290,False,6:30pm - 9:30pm
Balestier,Livewell Medical Family Clinic,Sun,18:30,21:30,1110,1290,False,6:30pm - 9:30pm
Balestier,Livewell Medical Family Clinic,PH,18:30,21:30,1110,1290,False,6:30pm - 9:30pm
Balestier,mydoctor@Balestier,Mon,08:30,13:00,510,780,False,8:30am - 1:00pm
Balestier,mydoctor@Balestier,Mon,18:00,21:00,1080,1260,False,6:00pm - 9:00pm
Balestier,mydoctor@Balestier,Tues,08:30,13:00,510,780,False,8:30am - 1:00pm
Balestier,mydoctor@Balestier,Tues,18:00,21:00,1080,1260,False,6:00pm - 9:00pm
Balestier,mydoctor@Balestier,Wed,08:30,13:00,510,780,False,8:30am - 1:00pm
Balestier,mydoctor@Balestier,Wed,18:00,21:00,1080,1260,False,6:00pm - 9:00pm
Balestier,mydoctor@Balestier,Thurs,08:30,13:00,510,780,False,8:30am - 1:00pm
Balestier,mydoctor@Balestier,Thurs,18:00,21:00,1080,1260,False,6:00pm - 9:00pm
Balestier,mydoctor@Balestier,Fri,08:30,13:00,510,780,False,8:30am - 1:00pm
Balestier,mydoctor@Balestier,Fri,18:00,21:00,1080,1260,False,6:00pm - 9:00pm
Balestier,mydoctor@Balestier,Sat,08:30,12:30,510,750,False,8:30am - 12:30pm
Balestier,mydoctor@Balestier,Sun,08:30,12:30,510,750,False,8:30am - 12:30pm
Balestier,mydoctor@Balestier,PH,08:30,12:30,510,750,False,8:30am - 12:30pm
Balestier,Oaklife Family Clinic,Mon,08:30,13:00,510,780,False,8:30am - 1:00pm
Balestier,Oaklife Family Clinic,Mon,16:00,20:30,960,1230,False,4:00pm - 8:30pm
Balestier,Oaklife Family Clinic,Tues,08:30,13:00,510,780,False,8:30am - 1:00pm
Balestier,Oaklife Family Clinic,Tues,16:00,20:30,960,1230,False,4:00pm - 8:30pm
Balestier,Oaklife Family Clinic,Wed,08:30,13:00,510,780,False,8:30am - 1:00pm
Balestier,Oaklife Family Clinic,Wed,16:00,20:30,960,1230,False,4:00pm - 8:30pm
Balestier,Oaklife Family Clinic,Thurs,08:30,13:00,510,780,False,8:30am - 1:00pm
Balestier,Oaklife Family Clinic,Thurs,16:00,20:30,960,1230,False,4:00pm - 8:30pm
Balestier,Oaklife Family Clinic,Fri,08:30,13:00,510,780,False,8:30am - 1:00pm
Balestier,Oaklife Family Clinic,Fri,16:00,20:30,960,1230,False,4:00pm - 8:30pm
Balestier,Oaklife Family Clinic,Sat,08:30,13:00,510,780,False,8:30am - 1:00pm
Balestier,Oaklife Family Clinic,Sun,17:00,20:30,1020,1230,False,5:00pm - 8:30pm
Balestier,Plushealth Medical Clinic & Surgery,Mon,08:30,12:30,510,750,False,8:30am - 12:30pm
Balestier,Plushealth Medical Clinic & Surgery,Mon,14:00,16:30,840,990,False,2:00pm - 4:30pm
Balestier,Plushealth Medical Clinic & Surgery,Mon,18:00,21:00,1080,1260,False,6:00pm - 9:00pm
Balestier,Plushealth Medical Clinic & Surgery,Tues,08:30,12:30,510,750,False,8:30am - 12:30pm
Balestier,Plushealth Medical Clinic & Surgery,Tues,14:00,16:30,840,990,False,2:00pm - 4:30pm
Balestier,Plushealth Medical Clinic & Surgery,Tues,18:00,21:00,1080,1260,False,6:00pm - 9:00pm
Balestier,Plushealth Medical Clinic & Surgery,Wed,08:30,12:30,510,750,False,8:30am - 12:30pm
Balestier,Plushealth Medical Clinic & Surgery,Wed,14:00,16:30,840,990,False,2:00pm - 4:30pm
Balestier,Plushealth Medical Clinic & Surgery,Wed,18:00,21:00,1080,1260,False,6:00pm - 9:00pm
Balestier,Plushealth Medical Clinic & Surgery,Thurs,08:30,12:30,510,750,False,8:30am - 12:30pm
Balestier,Plushealth Medical Clinic & Surgery,Thurs,14:00,16:30,840,990,False,2:00pm - 4:30pm
Balestier,Plushealth Medical Clinic & Surgery,Thurs,18:00,21:00,1080,1260,False,6:00pm - 9:00pm
Balestier,Plushealth Medical Clinic & Surgery,Fri,08:30,12:30,510,750,False,8:30am - 12:30pm
Balestier,Plushealth Medical Clinic & Surgery,Fri,14:00,16:30,840,990,False,2:00pm - 4:30pm
Balestier,Plushealth Medical Clinic & Surgery,Sat,09:00,13:00,540,780,False,9:00am - 1:00pm
Balestier,Plushealth Medical Clinic & Surgery,Sun,09:00,13:00,540,780,False,9:00am - 1:00pm
Bedok,Balkis Family Clinic,Mon,08:00,12:00,480,720,False,8:00am - 12:00pm
Bedok,Balkis Family Clinic,Mon,14:00,18:00,840,1080,False,2:00pm - 6:00pm
Bedok,Balkis Family Clinic,Tues,08:00,12:00,480,720,False,8:00am - 12:00pm
Bedok,Balkis Family Clinic,Tues,14:00,18:00,840,1080,False,2:00pm - 6:00pm
Bedok,Balkis Family Clinic,Wed,08:00,12:00,480,720,False,8:00am - 12:00pm
Bedok,Balkis Family Clinic,Wed,14:00,18:00,840,1080,False,2:00pm - 6:00pm
Bedok,Balkis Family Clinic,Thurs,08:00,12:00,480,720,False,8:00am - 12:00pm
Bedok,Balkis Family Clinic,Thurs,14:00,18:00,840,1080,False,2:00pm - 6:00pm
Bedok,Balkis Family Clinic,Fri,09:00,12:00,540,720,False,9:00am - 12:00pm
Bedok,Balkis Family Clinic,Sat,09:00,12:00,540,720,False,9:00am - 12:00pm
Bedok,Balkis Family Clinic,Sun,09:00,12:00,540,720,False,9:00am - 12:00pm
Bedok,Bedok Clinic and Surgery Family Medical Centre,Mon,09:30,13:00,570,780,False,9:30am - 1:00pm
Bedok,Bedok Clinic and Surgery Family Medical Centre,Mon,14:30,17:00,870,1020,False,2:30pm - 5:00pm
Bedok,Bedok Clinic and Surgery Family Medical Centre,Mon,18:00,20:00,1080,1200,False,6:00pm - 8:00pm
Bedok,Bedok Clinic and Surgery Family Medical Centre,Tues,09:30,13:00,570,780,False,9:30am - 1:00pm
Bedok,Bedok Clinic and Surgery Family Medical Centre,Tues,14:30,17:00,870,1020,False,2:30pm - 5:00pm
Bedok,Bedok Clinic and Surgery Family Medical Centre,Tues,18:00,20:00,1080,1200,False,6:00pm - 8:00pm
Bedok,Bedok Clinic and Surgery Family Medical Centre,Wed,09:30,13:00,570,780,False,9:30am - 1:00pm
Bedok,Bedok Clinic and Surgery Family Medical Centre,Wed,14:30,17:00,870,1020,False,2:30pm - 5:00pm
Bedok,Bedok Clinic and Surgery Family Medical Centre,Wed,18:00,20:00,1080,1200,False,6:00pm - 8:00pm
Bedok,Bedok Clinic and Surgery Family Medical Centre,Thurs,09:30,13:00,570,780,False,9:30am - 1:00pm
Bedok,Bedok Clinic and Surgery Family Medical Centre,Thurs,14:30,17:00,870,1020,False,2:30pm - 5:00pm
Bedok,Bedok Clinic and Surgery Family Medical Centre,Thurs,18:00,20:00,1080,1200,False,6:00pm - 8:00pm
Bedok,Bedok Clinic and Surgery Family Medical Centre,Fri,09:30,13:00,570,780,False,9:30am - 1:00pm
Bedok,Bedok Clinic and Surgery Family Medical Centre,Fri,14:30,17:00,870,1020,False,2:30pm - 5:00pm
Bedok,Bedok Clinic and Surgery Family Medical Centre,Fri,18:00,20:00,1080,1200,False,6:00pm - 8:00pm
Bedok,Bedok Clinic and Surgery Family Medical Centre,Sat,09:30,12:30,570,750,False,9:30am - 12:30pm
Bedok,Bok Family Clinic Pte Ltd,Mon,09:00,12:30,540,750,False,9:00am - 12:30pm
Bedok,Bok Family Clinic Pte Ltd,Mon,15:00,16:30,900,990,False,3:00pm - 4:30pm
Bedok,Bok Family Clinic Pte Ltd,Mon,20:00,21:00,1200,1260,False,8:00pm - 9:00pm
Bedok,Bok Family Clinic Pte Ltd,Tues,09:00,12:30,540,750,False,9:00am - 12:30pm
Bedok,Bok Family Clinic Pte Ltd,Tues,15:00,16:30,900,990,False,3:00pm - 4:30pm
Bedok,Bok Family Clinic Pte Ltd,Tues,20:00,21:00,1200,1260,False,8:00pm - 9:00pm
Bedok,Bok Family Clinic Pte Ltd,Wed,09:00,12:30,540,750,False,9:00am - 12:30pm
Bedok,Bok Family Clinic Pte Ltd,Wed,15:00,16:30,900,990,False,3:00pm - 4:30pm
Bedok,Bok Family Clinic Pte Ltd,Wed,20:00,21:00,1200,1260,False,8:00pm - 9:00pm
Bedok,Bok Family Clinic Pte Ltd,Thurs,09:00,12:30,540,750,False,9:00am - 12:30pm
Bedok,Bok Family Clinic Pte Ltd,Thurs,15:00,16:30,900,990,False,3:00pm - 4:30pm
Bedok,Bok Family Clinic Pte Ltd,Thurs,20:00,21:00,1200,1260,False,8:00pm - 9:00pm
Bedok,Bok Family Clinic Pte Ltd,Fri,09:00,12:30,540,750,False,9:00am - 12:30pm
Bedok,Bok Family Clinic Pte Ltd,Fri,15:00,16:30,900,990,False,3:00pm - 4:30pm
Bedok,Bok Family Clinic Pte Ltd,Sat,09:00,12:30,540,750,False,9:00am - 12:30pm
Bedok,Bok Family Clinic Pte Ltd,Sun,09:00,12:30,540,750,False,9:00am - 12:30pm
Bedok,Carelite Medical Clinic,Mon,08:30,13:00,510,780,False,8:30am - 1:00pm
Bedok,Carelite Medical Clinic,Mon,14:00,17:00,840,1020,False,2:00pm - 5:00pm
Bedok,Carelite Medical Clinic,Tues,08:30,13:00,510,780,False,8:30am - 1:00pm
Bedok,Carelite Medical Clinic,Tues,14:00,17:00,840,1020,False,2:00pm - 5:00pm
Bedok,Carelite Medical Clinic,Wed,08:30,13:00,510,780,False,8:30am - 1:00pm
Bedok,Carelite Medical Clinic,Wed,14:00,17:00,840,1020,False,2:00pm - 5:00pm
Bedok,Carelite Medical Clinic,Thurs,08:30,13:00,510,780,False,8:30am - 1:00pm
Bedok,Carelite Medical Clinic,Thurs,14:00,17:00,840,1020,False,2:00pm - 5:00pm
Bedok,Carelite Medical Clinic,Fri,08:30,13:00,510,780,False,8:30am - 1:00pm
Bedok,Carelite Medical Clinic,Fri,14:00,17:00,840,1020,False,2:00pm - 5:00pm
Bedok,Carelite Medical Clinic,Sat,08:30,13:00,510,780,False,8:30am - 1:00pm
Bedok,Clinic@Costa,Mon,08:30,14:30,510,870,False,8:30am - 2:30pm
Bedok,Clinic@Costa,Tues,08:30,14:30,510,870,False,8:30am - 2:30pm
Bedok,Clinic@Costa,Wed,08:30,14:30,510,870,False,8:30am - 2:30pm
Bedok,Clinic@Costa,Thurs,18:30,21:00,1110,1260,False,6:30pm - 9:00pm
Bedok,Clinic@Costa,Fri,08:30,14:30,510,870,False,8:30am - 2:30pm
Bedok,Clinic@Costa,Sat,08:30,13:00,510,780,False,8:30am - 1:00pm
Bedok,Eastern Medical Centre,Mon,08:30,13:00,510,780,False,8:30am - 1:00pm
Bedok,Eastern Medical Centre,Tues,08:30,13:00,510,780,False,8:30am - 1:00pm
Bedok,Eastern Medical Centre,Wed,08:30,13:00,510,780,False,8:30am - 1:00pm
Bedok,Eastern Medical Centre,Thurs,14:00,16:30,840,990,False,2:00pm - 4:30pm
Bedok,Eastern Medical Centre,Fri,08:30,13:00,510,780,False,8:30am - 1:00pm
Bedok,Eastern Medical Centre,Sat,08:30,13:00,510,780,False,8:30am - 1:00pm
Bedok,EH Medical Family Clinic (Bedok South),Mon,08:30,14:00,510,840,False,8:30am - 2:00pm
Bedok,EH Medical Family Clinic (Bedok South),Mon,17:00,21:30,1020,1290,False,5:00pm - 9:30pm
Bedok,EH Medical Family Clinic (Bedok South),Tues,08:30,14:00,510,840,False,8:30am - 2:00pm
Bedok,EH Medical Family Clinic (Bedok South),Tues,17:00,21:30,1020,1290,False,5:00pm - 9:30pm
Bedok,EH Medical Family Clinic (Bedok South),Wed,08:30,14:00,510,840,False,8:30am - 2:00pm
Bedok,EH Medical Family Clinic (Bedok South),Wed,17:00,21:30,1020,1290,False,5:00pm - 9:30pm
Bedok,EH Medical Family Clinic (Bedok South),Thurs,08:30,14:00,510,840,False,8:30am - 2:00pm
Bedok,EH Medical Family Clinic (Bedok South),Thurs,17:00,21:30,1020,1290,False,5:00pm - 9:30pm
Bedok,EH Medical Family Clinic (Bedok South),Fri,08:30,14:00,510,840,False,8:30am - 2:00pm
Bedok,EH Medical Family Clinic (Bedok South),Sat,08:30,12:30,510,750,False,8:30am - 12:30pm
Bedok,EH Medical Family Clinic (Bedok South),Sun,08:30,12:30,510,750,False,8:30am - 12:30pm
Bedok,Famicare Bedok Clinic,Mon,11:00,19:30,660,1170,False,11:00am - 7:30pm
Bedok,Famicare Bedok Clinic,Mon,10:00,16:30,600,990,False,10:00am - 4:30pm
Bedok,Famicare Bedok Clinic,Mon,10:00,14:00,600,840,False,10:00am - 2:00pm
Bedok,Famicare Bedok Clinic,Tues,11:00,19:30,660,1170,False,11:00am - 7:30pm
Bedok,Famicare Bedok Clinic,Tues,10:00,16:30,600,990,False,10:00am - 4:30pm
Bedok,Famicare Bedok Clinic,Tues,10:00,14:00,600,840,False,10:00am - 2:00pm
Bedok,Famicare Bedok Clinic,Wed,11:00,19:30,660,1170,False,11:00am - 7:30pm
Bedok,Famicare Bedok Clinic,Wed,10:00,16:30,600,990,False,10:00am - 4:30pm
Bedok,Famicare Bedok Clinic,Wed,10:00,14:00,600,840,False,10:00am - 2:00pm
Bedok,Famicare Bedok Clinic,Thurs,11:00,19:30,660,1170,False,11:00am - 7:30pm
Bedok,Famicare Bedok Clinic,Thurs,10:00,16:30,600,990,False,10:00am - 4:30pm
Bedok,Famicare Bedok Clinic,Thurs,10:00,14:00,600,840,False,10:00am - 2:00pm
Bedok,Famicare Bedok Clinic,Fri,11:00,19:30,660,1170,False,11:00am - 7:30pm
Bedok,Famicare Bedok Clinic,Fri,10:00,16:30,600,990,False,10:00am - 4:30pm
Bedok,Famicare Bedok Clinic,Fri,10:00,14:00,600,840,False,10:00am - 2:00pm
Bedok,Gryphon Medical Clinic,Mon,08:00,13:00,480,780,False,8:00am - 1:00pm
Bedok,Gryphon Medical Clinic,Mon,14:00,17:00,840,1020,False,2:00pm - 5:00pm
Bedok,Gryphon Medical Clinic,Mon,18:00,21:00,1080,1260,False,6:00pm - 9:00pm
Bedok,Gryphon Medical Clinic,Tues,08:00,13:00,480,780,False,8:00am - 1:00pm
Bedok,Gryphon Medical Clinic,Tues,14:00,17:00,840,1020,False,2:00pm - 5:00pm
Bedok,Gryphon Medical Clinic,Tues,18:00,21:00,1080,1260,False,6:00pm - 9:00pm
Bedok,Gryphon Medical Clinic,Wed,08:00,13:00,480,780,False,8:00am - 1:00pm
Bedok,Gryphon Medical Clinic,Wed,14:00,17:00,840,1020,False,2:00pm - 5:00pm
Bedok,Gryphon Medical Clinic,Wed,18:00,21:00,1080,1260,False,6:00pm - 9:00pm
Bedok,Gryphon Medical Clinic,Thurs,08:00,13:00,480,780,False,8:00am - 1:00pm
Bedok,Gryphon Medical Clinic,Thurs,14:00,17:00,840,1020,False,2:00pm - 5:00pm
Bedok,Gryphon Medical Clinic,Thurs,18:00,21:00,1080,1260,False,6:00pm - 9:00pm
Bedok,Gryphon Medical Clinic,Fri,08:00,13:00,480,780,False,8:00am - 1:00pm
Bedok,Gryphon Medical Clinic,Fri,14:00,17:00,840,1020,False,2:00pm - 5:00pm
Bedok,Gryphon Medical Clinic,Fri,18:00,21:00,1080,1260,False,6:00pm - 9:00pm
Bedok,Gryphon Medical Clinic,Sat,08:00,13:00,480,780,False,8:00am - 1:00pm
Bedok,Gryphon Medical Clinic,Sun,08:00,13:00,480,780,False,8:00am - 1:00pm
Bedok,Gryphon Medical Clinic,PH,08:00,13:00,480,780,False,8:00am - 1:00pm
Bedok,Good Medical Clinic (Bedok North),Mon,08:00,12:00,480,720,False,8:00am - 12:00pm
Bedok,Good Medical Clinic (Bedok North),Mon,18:00,22:00,1080,1320,False,6:00pm - 10:00pm
Bedok,Good Medical Clinic (Bedok North),Tues,08:00,12:00,480,720,False,8:00am - 12:00pm
Bedok,Good Medical Clinic (Bedok North),Tues,18:00,22:00,1080,1320,False,6:00pm - 10:00pm
Bedok,Good Medical Clinic (Bedok North),Wed,08:00,12:00,480,720,False,8:00am - 12:00pm
Bedok,Good Medical Clinic (Bedok North),Wed,18:00,22:00,1080,1320,False,6:00pm - 10:00pm
Bedok,Good Medical Clinic (Bedok North),Thurs,08:00,12:00,480,720,False,8:00am - 12:00pm
Bedok,Good Medical Clinic (Bedok North),Thurs,18:00,22:00,1080,1320,False,6:00pm - 10:00pm
Bedok,Good Medical Clinic (Bedok North),Fri,08:00,12:00,480,720,False,8:00am - 12:00pm
Bedok,Good Medical Clinic (Bedok North),Fri,18:00,22:00,1080,1320,False,6:00pm - 10:00pm
Bedok,Good Medical Clinic (Bedok North),Sat,08:00,12:00,480,720,False,8:00am - 12:00pm
Bedok,Good Medical Clinic (Bedok North),Sat,18:00,22:00,1080,1320,False,6:00pm - 10:00pm
Bedok,Good Medical Clinic (Bedok North),Sun,08:00,12:00,480,720,False,8:00am - 12:00pm
Bedok,Good Medical Clinic (Bedok North),Sun,18:00,22:00,1080,1320,False,6:00pm - 10:00pm
Bedok,Good Medical Clinic (Bedok North),PH,08:00,12:00,480,720,False,8:00am - 12:00pm
Bedok,Good Medical Clinic (Bedok North),PH,18:00,22:00,1080,1320,False,6:00pm - 10:00pm
Bedok,Healthplus Clinic & Surgery (Bedok),Mon,09:00,13:00,540,780,False,9:00am - 1:00pm
Bedok,Healthplus Clinic & Surgery (Bedok),Tues,09:00,13:00,540,780,False,9:00am - 1:00pm
Bedok,Healthplus Clinic & Surgery (Bedok),Wed,09:00,13:00,540,780,False,9:00am - 1:00pm
Bedok,Healthplus Clinic & Surgery (Bedok),Thurs,18:00,21:00,1080,1260,False,6:00pm - 9:00pm
Bedok,Healthplus Clinic & Surgery (Bedok),Fri,09:00,13:00,540,780,False,9:00am - 1:00pm
Bedok,Healthplus Clinic & Surgery (Bedok),Sat,09:00,13:00,540,780,False,9:00am - 1:00pm
Bedok,Healthplus Clinic & Surgery (Bedok),Sun,09:00,13:00,540,780,False,9:00am - 1:00pm
Bedok,Healthway Medical Group NTC,Mon,09:00,13:30,540,810,False,9:00am - 1:30pm
Bedok,Healthway Medical Group NTC,Mon,15:30,18:00,930,1080,False,3:30pm - 6:00pm
Bedok,Healthway Medical Group NTC,Tues,09:00,13:30,540,810,False,9:00am - 1:30pm
Bedok,Healthway Medical Group NTC,Tues,15:30,18:00,930,1080,False,3:30pm - 6:00pm
Bedok,Healthway Medical Group NTC,Wed,09:00,13:30,540,810,False,9:00am - 1:30pm
Bedok,Healthway Medical Group NTC,Thurs,09:00,13:30,540,810,False,9:00am - 1:30pm
Bedok,Healthway Medical Group NTC,Fri,09:00,13:30,540,810,False,9:00am - 1:30pm
Bedok,Healthway Medical Group NTC,Fri,15:30,18:00,930,1080,False,3:30pm - 6:00pm
Bedok,Healthway Medical Group NTC,Sat,09:00,12:00,540,720,False,9:00am - 12:00pm
Bedok,Healthway Medical Group NTC,Sun,09:00,12:00,540,720,False,9:00am - 12:00pm
Bedok,Healthway Medical (Lengkong Tiga),Mon,08:30,13:00,510,780,False,8:30am - 1:00pm
Bedok,Healthway Medical (Lengkong Tiga),Mon,14:00,17:00,840,1020,False,2:00pm - 5:00pm
Bedok,Healthway Medical (Lengkong Tiga),Mon,18:00,21:00,1080,1260,False,6:00pm - 9:00pm
Bedok,Healthway Medical (Lengkong Tiga),Tues,08:30,13:00,510,780,False,8:30am - 1:00pm
Bedok,Healthway Medical (Lengkong Tiga),Tues,14:00,17:00,840,1020,False,2:00pm - 5:00pm
Bedok,Healthway Medical (Lengkong Tiga),Tues,18:00,21:00,1080,1260,False,6:00pm - 9:00pm
Bedok,Healthway Medical (Lengkong Tiga),Wed,08:30,13:00,510,780,False,8:30am - 1:00pm
Bedok,Healthway Medical (Lengkong Tiga),Wed,14:00,17:00,840,1020,False,2:00pm - 5:00pm
Bedok,Healthway Medical (Lengkong Tiga),Wed,18:00,21:00,1080,1260,False,6:00pm - 9:00pm
Bedok,Healthway Medical (Lengkong Tiga),Thurs,08:30,13:00,510,780,False,8:30am - 1:00pm
Bedok,Healthway Medical (Lengkong Tiga),Thurs,14:00,17:00,840,1020,False,2:00pm - 5:00pm
Bedok,Healthway Medical (Lengkong Tiga),Thurs,18:00,21:00,1080,1260,False,6:00pm - 9:00pm
Bedok,Healthway Medical (Lengkong Tiga),Fri,08:30,13:00,510,780,False,8:30am - 1:00pm
Bedok,Healthway Medical (Lengkong Tiga),Fri,14:00,17:00,840,1020,False,2:00pm - 5:00pm
Bedok,Healthway Medical (Lengkong Tiga),Sat,08:30,13:00,510,780,False,8:30am - 1:00pm
Bedok,Healthway Medical (Lengkong Tiga),Sun,09:00,12:30,540,750,False,9:00am - 12:30pm
Bedok,Healthway Medical (Lengkong Tiga),PH,09:00,12:30,540,750,False,9:00am - 12:30pm
Bedok,HeartlandHealth (Bedok Central),Mon,08:00,13:00,480,780,False,8:00am - 1:00pm
Bedok,HeartlandHealth (Bedok Central),Mon,18:00,23:00,1080,1380,False,6:00pm - 11:00pm
Bedok,HeartlandHealth (Bedok Central),Tues,08:00,13:00,480,780,False,8:00am - 1:00pm
Bedok,HeartlandHealth (Bedok Central),Tues,18:00,23:00,1080,1380,False,6:00pm - 11:00pm
Bedok,HeartlandHealth (Bedok Central),Wed,08:00,13:00,480,780,False,8:00am - 1:00pm
Bedok,HeartlandHealth (Bedok Central),Wed,18:00,23:00,1080,1380,False,6:00pm - 11:00pm
Bedok,HeartlandHealth (Bedok Central),Thurs,08:00,13:00,480,780,False,8:00am - 1:00pm
Bedok,HeartlandHealth (Bedok Central),Thurs,18:00,23:00,1080,1380,False,6:00pm - 11:00pm
Bedok,HeartlandHealth (Bedok Central),Fri,08:00,13:00,480,780,False,8:00am - 1:00pm
Bedok,HeartlandHealth (Bedok Central),Fri,18:00,23:00,1080,1380,False,6:00pm - 11:00pm
Bedok,HeartlandHealth (Bedok Central),Sat,08:00,13:00,480,780,False,8:00am - 1:00pm
Bedok,HeartlandHealth (Bedok Central),Sat,18:00,23:00,1080,1380,False,6:00pm - 11:00pm
Bedok,HeartlandHealth (Bedok Central),Sun,08:00,13:00,480,780,False,8:00am - 1:00pm
Bedok,HeartlandHealth (Bedok Central),Sun,18:00,23:00,1080,1380,False,6:00pm - 11:00pm
Bedok,HeartlandHealth (Bedok Central),PH,08:00,13:00,480,780,False,8:00am - 1:00pm
Bedok,HeartlandHealth (Bedok Central),PH,18:00,23:00,1080,1380,False,6:00pm - 11:00pm
Bedok,HeartlandHealth (Bedok South),Mon,07:00,13:00,420,780,False,7:00am - 1:00pm
Bedok,HeartlandHealth (Bedok South),Mon,18:00,23:00,1080,1380,False,6:00pm - 11:00pm
Bedok,HeartlandHealth (Bedok South),Tues,07:00,13:00,420,780,False,7:00am - 1:00pm
Bedok,HeartlandHealth (Bedok South),Tues,18:00,23:00,1080,1380,False,6:00pm - 11:00pm
Bedok,HeartlandHealth (Bedok South),Wed,07:00,13:00,420,780,False,7:00am - 1:00pm
Bedok,HeartlandHealth (Bedok South),Wed,18:00,23:00,1080,1380,False,6:00pm - 11:00pm
Bedok,HeartlandHealth (Bedok South),Thurs,07:00,13:00,420,780,False,7:00am - 1:00pm
Bedok,HeartlandHealth (Bedok South),Thurs,18:00,23:00,1080,1380,False,6:00pm - 11:00pm
Bedok,HeartlandHealth (Bedok South),Fri,07:00,13:00,420,780,False,7:00am - 1:00pm
Bedok,HeartlandHealth (Bedok South),Fri,18:00,23:00,1080,1380,False,6:00pm - 11:00pm
Bedok,HeartlandHealth (Bedok South),Sat,07:00,13:00,420,780,False,7:00am - 1:00pm
Bedok,HeartlandHealth (Bedok South),Sat,18:00,23:00,1080,1380,False,6:00pm - 11:00pm
Bedok,HeartlandHealth (Bedok South),Sun,07:00,13:00,420,780,False,7:00am - 1:00pm
Bedok,HeartlandHealth (Bedok South),Sun,18:00,23:00,1080,1380,False,6:00pm - 11:00pm
Bedok,HeartlandHealth (Bedok South),PH,07:00,13:00,420,780,False,7:00am - 1:00pm
Bedok,HeartlandHealth (Bedok South),PH,18:00,23:00,1080,1380,False,6:00pm - 11:00pm
Bedok,HeartlandHealth (New Upper Changi),Mon,07:00,23:00,420,1380,False,7:00am - 11:00pm
Bedok,HeartlandHealth (New Upper Changi),Tues,07:00,23:00,420,1380,False,7:00am - 11:00pm
Bedok,HeartlandHealth (New Upper Changi),Wed,07:00,23:00,420,1380,False,7:00am - 11:00pm
Bedok,HeartlandHealth (New Upper Changi),Thurs,07:00,23:00,420,1380,False,7:00am - 11:00pm
Bedok,HeartlandHealth (New Upper Changi),Fri,07:00,23:00,420,1380,False,7:00am - 11:00pm
Bedok,HeartlandHealth (New Upper Changi),Sat,07:00,13:00,420,780,False,7:00am - 1:00pm
Bedok,HeartlandHealth (New Upper Changi),Sat,18:00,23:00,1080,1380,False,6:00pm - 11:00pm
Bedok,HeartlandHealth (New Upper Changi),Sun,07:00,13:00,420,780,False,7:00am - 1:00pm
Bedok,HeartlandHealth (New Upper Changi),Sun,18:00,23:00,1080,1380,False,6:00pm - 11:00pm
Bedok,HeartlandHealth (New Upper Changi),PH,07:00,23:00,420,1380,False,7:00am - 11:00pm
Bedok,Iconcare Medical Clinic,Mon,09:00,12:30,540,750,False,9:00am - 12:30pm
Bedok,Iconcare Medical Clinic,Mon,14:30,16:30,870,990,False,2:30pm - 4:30pm
Bedok,Iconcare Medical Clinic,Mon,18:00,20:30,1080,1230,False,6:00pm - 8:30pm
Bedok,Iconcare Medical Clinic,Tues,09:00,12:30,540,750,False,9:00am - 12:30pm
Bedok,Iconcare Medical Clinic,Tues,14:30,16:30,870,990,False,2:30pm - 4:30pm
Bedok,Iconcare Medical Clinic,Tues,18:00,20:30,1080,1230,False,6:00pm - 8:30pm
Bedok,Iconcare Medical Clinic,Wed,09:00,12:30,540,750,False,9:00am - 12:30pm
Bedok,Iconcare Medical Clinic,Wed,14:30,16:30,870,990,False,2:30pm - 4:30pm
Bedok,Iconcare Medical Clinic,Wed,18:00,20:30,1080,1230,False,6:00pm - 8:30pm
Bedok,Iconcare Medical Clinic,Thurs,09:00,12:30,540,750,False,9:00am - 12:30pm
Bedok,Iconcare Medical Clinic,Thurs,14:30,16:30,870,990,False,2:30pm - 4:30pm
Bedok,Iconcare Medical Clinic,Thurs,18:00,20:30,1080,1230,False,6:00pm - 8:30pm
Bedok,Iconcare Medical Clinic,Fri,09:00,12:30,540,750,False,9:00am - 12:30pm
Bedok,Iconcare Medical Clinic,Fri,14:30,16:30,870,990,False,2:30pm - 4:30pm
Bedok,Iconcare Medical Clinic,Fri,18:00,20:30,1080,1230,False,6:00pm - 8:30pm
Bedok,Iconcare Medical Clinic,Sat,09:00,12:30,540,750,False,9:00am - 12:30pm
Bedok,Iconcare Medical Clinic,Sun,09:00,12:30,540,750,False,9:00am - 12:30pm
Bedok,Iconcare Medical Clinic,Sun,18:00,20:30,1080,1230,False,6:00pm - 8:30pm
Bedok,Joy Family Clinic,Mon,09:00,13:00,540,780,False,9:00am - 1:00pm
Bedok,Joy Family Clinic,Mon,14:00,16:00,840,960,False,2:00pm - 4:00pm
Bedok,Joy Family Clinic,Tues,09:00,13:00,540,780,False,9:00am - 1:00pm
Bedok,Joy Family Clinic,Tues,14:00,16:00,840,960,False,2:00pm - 4:00pm
Bedok,Joy Family Clinic,Wed,09:00,13:00,540,780,False,9:00am - 1:00pm
Bedok,Joy Family Clinic,Wed,14:00,18:00,840,1080,False,2:00pm - 6:00pm
Bedok,Joy Family Clinic,Thurs,09:00,13:00,540,780,False,9:00am - 1:00pm
Bedok,Joy Family Clinic,Fri,09:00,13:00,540,780,False,9:00am - 1:00pm
Bedok,Joy Family Clinic,Fri,14:00,16:00,840,960,False,2:00pm - 4:00pm
Bedok,Joy Family Clinic,Sat,09:00,12:00,540,720,False,9:00am - 12:00pm
Bedok,JoyHealth Medical Clinic,Mon,09:00,13:00,540,780,False,9:00am - 1:00pm
Bedok,JoyHealth Medical Clinic,Mon,14:30,19:00,870,1140,False,2:30pm - 7:00pm
Bedok,JoyHealth Medical Clinic,Tues,09:00,13:00,540,780,False,9:00am - 1:00pm
Bedok,JoyHealth Medical Clinic,Tues,14:30,17:30,870,1050,False,2:30pm - 5:30pm
Bedok,JoyHealth Medical Clinic,Wed,09:00,13:00,540,780,False,9:00am - 1:00pm
Bedok,JoyHealth Medical Clinic,Wed,14:30,17:30,870,1050,False,2:30pm - 5:30pm
Bedok,JoyHealth Medical Clinic,Thurs,09:00,13:00,540,780,False,9:00am - 1:00pm
Bedok,JoyHealth Medical Clinic,Thurs,14:30,17:30,870,1050,False,2:30pm - 5:30pm
Bedok,JoyHealth Medical Clinic,Fri,09:00,13:00,540,780,False,9:00am - 1:00pm
Bedok,JoyHealth Medical Clinic,Fri,14:30,17:30,870,1050,False,2:30pm - 5:30pm
Bedok,JoyHealth Medical Clinic,Sat,09:00,12:30,540,750,False,9:00am - 12:30pm
Bedok,JustCare Medical,Mon,08:30,13:00,510,780,False,8:30am - 1:00pm
Bedok,JustCare Medical,Mon,18:00,22:00,1080,1320,False,6:00pm - 10:00pm
Bedok,JustCare Medical,Tues,08:30,13:00,510,780,False,8:30am - 1:00pm
Bedok,JustCare Medical,Tues,18:00,22:00,1080,1320,False,6:00pm - 10:00pm
Bedok,JustCare Medical,Wed,08:30,13:00,510,780,False,8:30am - 1:00pm
Bedok,JustCare Medical,Wed,18:00,22:00,1080,1320,False,6:00pm - 10:00pm
Bedok,JustCare Medical,Thurs,08:30,13:00,510,780,False,8:30am - 1:00pm
Bedok,JustCare Medical,Thurs,18:00,22:00,1080,1320,False,6:00pm - 10:00pm
Bedok,JustCare Medical,Fri,08:30,13:00,510,780,False,8:30am - 1:00pm
Bedok,JustCare Medical,Fri,18:00,22:00,1080,1320,False,6:00pm - 10:00pm
Bedok,JustCare Medical,Sat,08:30,13:00,510,780,False,8:30am - 1:00pm
Bedok,JustCare Medical,Sat,14:00,17:00,840,1020,False,2:00pm - 5:00pm
Bedok,JustCare Medical,Sat,18:00,22:00,1080,1320,False,6:00pm - 10:00pm
Bedok,JustCare Medical,Sun,08:30,13:00,510,780,False,8:30am - 1:00pm
Bedok,JustCare Medical,Sun,14:00,17:00,840,1020,False,2:00pm - 5:00pm
Bedok,JustCare Medical,Sun,18:00,22:00,1080,1320,False,6:00pm - 10:00pm
Bedok,JustCare Medical,PH,08:30,13:00,510,780,False,8:30am - 1:00pm
Bedok,JustCare Medical,PH,14:00,17:00,840,1020,False,2:00pm - 5:00pm
Bedok,JustCare Medical,PH,18:00,22:00,1080,1320,False,6:00pm - 10:00pm
Bedok,Keystone Clinic & Surgery (Tanah Merah),Mon,08:00,20:00,480,1200,False,8:00am - 8:00pm
Bedok,Keystone Clinic & Surgery (Tanah Merah),Tues,08:00,20:00,480,1200,False,8:00am - 8:00pm
Bedok,Keystone Clinic & Surgery (Tanah Merah),Wed,08:00,20:00,480,1200,False,8:00am - 8:00pm
Bedok,Keystone Clinic & Surgery (Tanah Merah),Thurs,08:00,20:00,480,1200,False,8:00am - 8:00pm
Bedok,Keystone Clinic & Surgery (Tanah Merah),Fri,08:00,20:00,480,1200,False,8:00am - 8:00pm
Bedok,Keystone Clinic & Surgery (Tanah Merah),Sat,08:00,20:00,480,1200,False,8:00am - 8:00pm
Bedok,Keystone Clinic & Surgery (Tanah Merah),Sun,08:00,20:00,480,1200,False,8:00am - 8:00pm
Bedok,Keystone Clinic & Surgery (Tanah Merah),PH,08:00,20:00,480,1200,False,8:00am - 8:00pm
Bedok,Liang Clinic,Mon,08:30,12:00,510,720,False,8:30am - 12:00pm
Bedok,Liang Clinic,Mon,14:00,17:00,840,1020,False,2:00pm - 5:00pm
Bedok,Liang Clinic,Tues,08:30,12:00,510,720,False,8:30am - 12:00pm
Bedok,Liang Clinic,Tues,14:00,17:00,840,1020,False,2:00pm - 5:00pm
Bedok,Liang Clinic,Wed,08:30,12:00,510,720,False,8:30am - 12:00pm
Bedok,Liang Clinic,Wed,14:00,17:00,840,1020,False,2:00pm - 5:00pm
Bedok,Liang Clinic,Thurs,08:30,12:00,510,720,False,8:30am - 12:00pm
Bedok,Liang Clinic,Thurs,14:00,17:00,840,1020,False,2:00pm - 5:00pm
Bedok,Liang Clinic,Fri,08:30,12:00,510,720,False,8:30am - 12:00pm
Bedok,Liang Clinic,Fri,14:00,17:00,840,1020,False,2:00pm - 5:00pm
Bedok,Liang Clinic,Sat,08:30,12:00,510,720,False,8:30am - 12:00pm
Bedok,Lusumu Family Clinic,Mon,08:30,12:30,510,750,False,8:30am - 12:30pm
Bedok,Lusumu Family Clinic,Mon,18:30,21:00,1110,1260,False,6:30pm - 9:00pm
Bedok,Lusumu Family Clinic,Tues,08:30,12:30,510,750,False,8:30am - 12:30pm
Bedok,Lusumu Family Clinic,Tues,18:30,21:00,1110,1260,False,6:30pm - 9:00pm
Bedok,Lusumu Family Clinic,Wed,08:30,12:30,510,750,False,8:30am - 12:30pm
Bedok,Lusumu Family Clinic,Thurs,08:30,12:30,510,750,False,8:30am - 12:30pm
Bedok,Lusumu Family Clinic,Fri,08:30,12:30,510,750,False,8:30am - 12:30pm
Bedok,Lusumu Family Clinic,Sat,08:30,12:30,510,750,False,8:30am - 12:30pm
Bedok,Minmed Clinic (Bedok),Mon,09:00,13:00,540,780,False,9:00am - 1:00pm
Bedok,Minmed Clinic (Bedok),Mon,14:00,17:00,840,1020,False,2:00pm - 5:00pm
Bedok,Minmed Clinic (Bedok),Mon,18:00,21:00,1080,1260,False,6:00pm - 9:00pm
Bedok,Minmed Clinic (Bedok),Tues,09:00,13:00,540,780,False,9:00am - 1:00pm
Bedok,Minmed Clinic (Bedok),Tues,14:00,17:00,840,1020,False,2:00pm - 5:00pm
Bedok,Minmed Clinic (Bedok),Tues,18:00,21:00,1080,1260,False,6:00pm - 9:00pm
Bedok,Minmed Clinic (Bedok),Wed,09:00,13:00,540,780,False,9:00am - 1:00pm
Bedok,Minmed Clinic (Bedok),Wed,14:00,17:00,840,1020,False,2:00pm - 5:00pm
Bedok,Minmed Clinic (Bedok),Wed,18:00,21:00,1080,1260,False,6:00pm - 9:00pm
Bedok,Minmed Clinic (Bedok),Thurs,09:00,13:00,540,780,False,9:00am - 1:00pm
Bedok,Minmed Clinic (Bedok),Thurs,14:00,17:00,840,1020,False,2:00pm - 5:00pm
Bedok,Minmed Clinic (Bedok),Thurs,18:00,21:00,1080,1260,False,6:00pm - 9:00pm
Bedok,Minmed Clinic (Bedok),Fri,09:00,13:00,540,780,False,9:00am - 1:00pm
Bedok,Minmed Clinic (Bedok),Fri,14:00,17:00,840,1020,False,2:00pm - 5:00pm
Bedok,Minmed Clinic (Bedok),Fri,18:00,21:00,1080,1260,False,6:00pm - 9:00pm
Bedok,Minmed Clinic (Bedok),Sat,09:00,13:00,540,780,False,9:00am - 1:00pm
Bedok,Minmed Clinic (Bedok),Sun,09:00,13:00,540,780,False,9:00am - 1:00pm
Bedok,Minmed Clinic (Bedok),PH,09:00,13:00,540,780,False,9:00am - 1:00pm
Bedok,Minmed Clinic (Bedok),PH,14:00,17:00,840,1020,False,2:00pm - 5:00pm
Bedok,Clinic,Fri,09:00,13:00,540,780,False,9:00am - 1:00pm
Bedok,Clinic,Fri,14:00,17:00,840,1020,False,2:00pm - 5:00pm
Bedok,Clinic,Sun,14:00,17:00,840,1020,False,2:00pm - 5:00pm
Bedok,Clinic,Sun,18:00,21:00,1080,1260,False,6:00pm - 9:00pm
Bedok,Northeast Medical Group (Bedok),Mon,09:00,13:00,540,780,False,9:00am - 1:00pm
Bedok,Northeast Medical Group (Bedok),Tues,09:00,13:00,540,780,False,9:00am - 1:00pm
Bedok,Northeast Medical Group (Bedok),Wed,09:00,13:00,540,780,False,9:00am - 1:00pm
Bedok,Northeast Medical Group (Bedok),Wed,14:00,18:00,840,1080,False,2:00pm - 6:00pm
Bedok,Northeast Medical Group (Bedok),Wed,19:00,22:00,1140,1320,False,7:00pm - 10:00pm
Bedok,Northeast Medical Group (Bedok),Thurs,14:00,18:00,840,1080,False,2:00pm - 6:00pm
Bedok,Northeast Medical Group (Bedok),Fri,14:00,18:00,840,1080,False,2:00pm - 6:00pm
Bedok,Northeast Medical Group (Bedok),Sat,08:30,12:00,510,720,False,8:30am - 12:00pm
Bedok,Northeast Medical Group (Bedok),Sun,08:30,12:00,510,720,False,8:30am - 12:00pm
Bedok,Raffles Medical (Bedok North),Mon,08:30,13:00,510,780,False,8:30am - 1:00pm
Bedok,Raffles Medical (Bedok North),Mon,14:00,17:30,840,1050,False,2:00pm - 5:30pm
Bedok,Raffles Medical (Bedok North),Mon,18:30,21:30,1110,1290,False,6:30pm - 9:30pm
Bedok,Raffles Medical (Bedok North),Tues,08:30,13:00,510,780,False,8:30am - 1:00pm
Bedok,Raffles Medical (Bedok North),Tues,14:00,17:30,840,1050,False,2:00pm - 5:30pm
Bedok,Raffles Medical (Bedok North),Tues,18:30,21:30,1110,1290,False,6:30pm - 9:30pm
Bedok,Raffles Medical (Bedok North),Wed,08:30,13:00,510,780,False,8:30am - 1:00pm
Bedok,Raffles Medical (Bedok North),Wed,14:00,17:30,840,1050,False,2:00pm - 5:30pm
Bedok,Raffles Medical (Bedok North),Wed,18:30,21:30,1110,1290,False,6:30pm - 9:30pm
Bedok,Raffles Medical (Bedok North),Thurs,08:30,13:00,510,780,False,8:30am - 1:00pm
Bedok,Raffles Medical (Bedok North),Thurs,14:00,17:30,840,1050,False,2:00pm - 5:30pm
Bedok,Raffles Medical (Bedok North),Thurs,18:30,21:30,1110,1290,False,6:30pm - 9:30pm
Bedok,Raffles Medical (Bedok North),Fri,08:30,13:00,510,780,False,8:30am - 1:00pm
Bedok,Raffles Medical (Bedok North),Fri,14:00,17:30,840,1050,False,2:00pm - 5:30pm
Bedok,Raffles Medical (Bedok North),Fri,18:30,21:30,1110,1290,False,6:30pm - 9:30pm
Bedok,Raffles Medical (Bedok North),Sat,08:30,13:00,510,780,False,8:30am - 1:00pm
Bedok,Raffles Medical (Bedok North),Sun,08:30,13:00,510,780,False,8:30am - 1:00pm
Bedok,Raffles Medical (Bedok North),PH,08:30,13:00,510,780,False,8:30am - 1:00pm
Bedok,SATA CommHealth Uttamram (Bedok),Mon,08:30,12:30,510,750,False,8:30am - 12:30pm
Bedok,SATA CommHealth Uttamram (Bedok),Mon,13:30,17:00,810,1020,False,1:30pm - 5:00pm
Bedok,SATA CommHealth Uttamram (Bedok),Tues,08:30,12:30,510,750,False,8:30am - 12:30pm
Bedok,SATA CommHealth Uttamram (Bedok),Tues,13:30,17:00,810,1020,False,1:30pm - 5:00pm
Bedok,SATA CommHealth Uttamram (Bedok),Wed,08:30,12:30,510,750,False,8:30am - 12:30pm
Bedok,SATA CommHealth Uttamram (Bedok),Wed,13:30,17:00,810,1020,False,1:30pm - 5:00pm
Bedok,SATA CommHealth Uttamram (Bedok),Thurs,08:30,12:30,510,750,False,8:30am - 12:30pm
Bedok,SATA CommHealth Uttamram (Bedok),Thurs,13:30,17:00,810,1020,False,1:30pm - 5:00pm
Bedok,SATA CommHealth Uttamram (Bedok),Fri,08:30,12:30,510,750,False,8:30am - 12:30pm
Bedok,SATA CommHealth Uttamram (Bedok),Fri,13:30,17:00,810,1020,False,1:30pm - 5:00pm
Bedok,SATA CommHealth Uttamram (Bedok),Sat,08:30,12:30,510,750,False,8:30am - 12:30pm
Bedok,SGFamily Clinic (Chai Chee) Pte Ltd,Mon,08:30,14:00,510,840,False,8:30am - 2:00pm
Bedok,SGFamily Clinic (Chai Chee) Pte Ltd,Mon,18:00,21:00,1080,1260,False,6:00pm - 9:00pm
Bedok,SGFamily Clinic (Chai Chee) Pte Ltd,Tues,08:30,14:00,510,840,False,8:30am - 2:00pm
Bedok,SGFamily Clinic (Chai Chee) Pte Ltd,Tues,18:00,21:00,1080,1260,False,6:00pm - 9:00pm
Bedok,SGFamily Clinic (Chai Chee) Pte Ltd,Wed,08:30,14:00,510,840,False,8:30am - 2:00pm
Bedok,SGFamily Clinic (Chai Chee) Pte Ltd,Wed,18:00,21:00,1080,1260,False,6:00pm - 9:00pm
Bedok,SGFamily Clinic (Chai Chee) Pte Ltd,Thurs,08:30,14:00,510,840,False,8:30am - 2:00pm
Bedok,SGFamily Clinic (Chai Chee) Pte Ltd,Thurs,18:00,21:00,1080,1260,False,6:00pm - 9:00pm
Bedok,SGFamily Clinic (Chai Chee) Pte Ltd,Fri,08:30,14:00,510,840,False,8:30am - 2:00pm
Bedok,SGFamily Clinic (Chai Chee) Pte Ltd,Fri,18:00,21:00,1080,1260,False,6:00pm - 9:00pm
Bedok,SGFamily Clinic (Chai Chee) Pte Ltd,Sat,09:00,12:30,540,750,False,9:00am - 12:30pm
Bedok,SM Haneefa Clinic,Mon,08:30,13:00,510,780,False,8:30am - 1:00pm
Bedok,SM Haneefa Clinic,Mon,14:00,19:00,840,1140,False,2:00pm - 7:00pm
Bedok,SM Haneefa Clinic,Tues,08:30,13:00,510,780,False,8:30am - 1:00pm
Bedok,SM Haneefa Clinic,Wed,08:30,13:00,510,780,False,8:30am - 1:00pm
Bedok,SM Haneefa Clinic,Wed,14:00,19:00,840,1140,False,2:00pm - 7:00pm
Bedok,SM Haneefa Clinic,Thurs,08:30,13:00,510,780,False,8:30am - 1:00pm
Bedok,SM Haneefa Clinic,Fri,14:00,17:30,840,1050,False,2:00pm - 5:30pm
Bedok,SM Haneefa Clinic,Sat,08:30,13:00,510,780,False,8:30am - 1:00pm
Bedok,SM Haneefa Clinic,Sun,09:00,13:00,540,780,False,9:00am - 1:00pm
Bedok,S T Medical Clinic,Mon,08:30,12:00,510,720,False,8:30am - 12:00pm
Bedok,S T Medical Clinic,Mon,14:00,16:00,840,960,False,2:00pm - 4:00pm
Bedok,S T Medical Clinic,Tues,08:30,12:00,510,720,False,8:30am - 12:00pm
Bedok,S T Medical Clinic,Tues,14:00,16:00,840,960,False,2:00pm - 4:00pm
Bedok,S T Medical Clinic,Wed,08:30,12:00,510,720,False,8:30am - 12:00pm
Bedok,S T Medical Clinic,Wed,14:00,16:00,840,960,False,2:00pm - 4:00pm
Bedok,S T Medical Clinic,Thurs,08:30,12:00,510,720,False,8:30am - 12:00pm
Bedok,S T Medical Clinic,Thurs,14:00,16:00,840,960,False,2:00pm - 4:00pm
Bedok,S T Medical Clinic,Fri,08:30,12:00,510,720,False,8:30am - 12:00pm
Bedok,S T Medical Clinic,Fri,14:00,16:00,840,960,False,2:00pm - 4:00pm
Bedok,S T Medical Clinic,Sat,08:30,12:00,510,720,False,8:30am - 12:00pm
Bedok,S T Medical Clinic,Sun,09:30,12:00,570,720,False,9:30am - 12:00pm
Bedok,Temasek Clinic & Surgery,Mon,08:45,14:00,525,840,False,8:45am - 2:00pm
Bedok,Temasek Clinic & Surgery,Tues,08:45,14:00,525,840,False,8:45am - 2:00pm
Bedok,Temasek Clinic & Surgery,Wed,08:45,14:00,525,840,False,8:45am - 2:00pm
Bedok,Temasek Clinic & Surgery,Thurs,18:00,21:00,1080,1260,False,6:00pm - 9:00pm
Bedok,Temasek Clinic & Surgery,Fri,08:45,14:00,525,840,False,8:45am - 2:00pm
Bedok,Temasek Clinic & Surgery,Sat,08:45,12:00,525,720,False,8:45am - 12:00pm
Bedok,Thai Shen Family Clinic Pte Ltd,Mon,08:30,12:00,510,720,False,8:30am - 12:00pm
Bedok,Thai Shen Family Clinic Pte Ltd,Mon,19:00,20:30,1140,1230,False,7:00pm - 8:30pm
Bedok,Thai Shen Family Clinic Pte Ltd,Tues,08:30,12:00,510,720,False,8:30am - 12:00pm
Bedok,Thai Shen Family Clinic Pte Ltd,Tues,13:00,15:00,780,900,False,1:00pm - 3:00pm
Bedok,Thai Shen Family Clinic Pte Ltd,Wed,08:30,12:00,510,720,False,8:30am - 12:00pm
Bedok,Thai Shen Family Clinic Pte Ltd,Wed,13:00,15:00,780,900,False,1:00pm - 3:00pm
Bedok,Thai Shen Family Clinic Pte Ltd,Thurs,08:30,12:00,510,720,False,8:30am - 12:00pm
Bedok,Thai Shen Family Clinic Pte Ltd,Thurs,13:00,15:00,780,900,False,1:00pm - 3:00pm
Bedok,Thai Shen Family Clinic Pte Ltd,Thurs,19:00,20:30,1140,1230,False,7:00pm - 8:30pm
Bedok,Thai Shen Family Clinic Pte Ltd,Fri,08:30,12:00,510,720,False,8:30am - 12:00pm
Bedok,Thai Shen Family Clinic Pte Ltd,Fri,13:00,15:00,780,900,False,1:00pm - 3:00pm
Bedok,Thai Shen Family Clinic Pte Ltd,Sun,08:30,12:00,510,720,False,8:30am - 12:00pm
Bedok,Treetop Medical,Mon,08:30,13:30,510,810,False,8:30am - 1:30pm
Bedok,Treetop Medical,Wed,08:30,13:30,510,810,False,8:30am - 1:30pm
Bedok,Treetop Medical,Thurs,17:30,20:30,1050,1230,False,5:30pm - 8:30pm
Bedok,Treetop Medical,Fri,17:30,20:30,1050,1230,False,5:30pm - 8:30pm
Bedok,Treetop Medical,Sat,09:00,13:00,540,780,False,9:00am - 1:00pm
Bedok,Treetop Medical,PH,09:00,13:00,540,780,False,9:00am - 1:00pm
Bedok,Usrah Medical Clinic,Mon,09:00,13:00,540,780,False,9:00am - 1:00pm
Bedok,Usrah Medical Clinic,Mon,14:00,17:00,840,1020,False,2:00pm - 5:00pm
Bedok,Usrah Medical Clinic,Tues,09:00,13:00,540,780,False,9:00am - 1:00pm
Bedok,Usrah Medical Clinic,Tues,14:00,17:00,840,1020,False,2:00pm - 5:00pm
Bedok,Usrah Medical Clinic,Wed,09:00,13:00,540,780,False,9:00am - 1:00pm
Bedok,Usrah Medical Clinic,Wed,14:00,17:00,840,1020,False,2:00pm - 5:00pm
Bedok,Usrah Medical Clinic,Thurs,09:00,13:00,540,780,False,9:00am - 1:00pm
Bedok,Usrah Medical Clinic,Thurs,14:00,17:00,840,1020,False,2:00pm - 5:00pm
Bedok,Usrah Medical Clinic,Fri,09:00,13:00,540,780,False,9:00am - 1:00pm
Bedok,Usrah Medical Clinic,Fri,14:00,17:00,840,1020,False,2:00pm - 5:00pm
Bedok,Usrah Medical Clinic,Sat,09:00,13:00,540,780,False,9:00am - 1:00pm
Bedok,Usrah Medical Clinic,Sun,09:00,13:00,540,780,False,9:00am - 1:00pm
Bedok,Wee’s Clinic & Surgery,Mon,10:00,13:00,600,780,False,10:00am - 1:00pm
Bedok,Wee’s Clinic & Surgery,Tues,10:00,13:00,600,780,False,10:00am - 1:00pm
Bedok,Wee’s Clinic & Surgery,Wed,10:00,13:00,600,780,False,10:00am - 1:00pm
Bedok,Wee’s Clinic & Surgery,Thurs,10:00,13:00,600,780,False,10:00am - 1:00pm
Bedok,Wee’s Clinic & Surgery,Fri,10:00,13:00,600,780,False,10:00am - 1:00pm
Bedok,Wee’s Clinic & Surgery,Sat,10:00,13:00,600,780,False,10:00am - 1:00pm
Bedok,Wee’s Clinic & Surgery,Sun,10:00,13:00,600,780,False,10:00am - 1:00pm
Bedok,Yang & Yap Clinic and Surgery Pte Ltd / Dr Yang Ing Hong Medical and Aesthetic Clinic,Mon,09:00,12:00,540,720,False,9:00am - 12:00pm
Bedok,Yang & Yap Clinic and Surgery Pte Ltd / Dr Yang Ing Hong Medical and Aesthetic Clinic,Tues,09:00,12:00,540,720,False,9:00am - 12:00pm
Bedok,Yang & Yap Clinic and Surgery Pte Ltd / Dr Yang Ing Hong Medical and Aesthetic Clinic,Wed,09:00,12:00,540,720,False,9:00am - 12:00pm
Bedok,Yang & Yap Clinic and Surgery Pte Ltd / Dr Yang Ing Hong Medical and Aesthetic Clinic,Thurs,14:00,19:00,840,1140,False,2:00pm - 7:00pm
Bedok,Yang & Yap Clinic and Surgery Pte Ltd / Dr Yang Ing Hong Medical and Aesthetic Clinic,Fri,14:00,19:00,840,1140,False,2:00pm - 7:00pm
Bedok,Yang & Yap Clinic and Surgery Pte Ltd / Dr Yang Ing Hong Medical and Aesthetic Clinic,Sat,09:00,12:00,540,720,False,9:00am - 12:00pm
Bedok,1Doc Medical Centre Heartbeat @ Bedok,Mon,08:00,13:30,480,810,False,8:00am - 1:30pm
Bedok,1Doc Medical Centre Heartbeat @ Bedok,Mon,14:30,17:00,870,1020,False,2:30pm - 5:00pm
Bedok,1Doc Medical Centre Heartbeat @ Bedok,Tues,08:00,13:30,480,810,False,8:00am - 1:30pm
Bedok,1Doc Medical Centre Heartbeat @ Bedok,Tues,14:30,17:00,870,1020,False,2:30pm - 5:00pm
Bedok,1Doc Medical Centre Heartbeat @ Bedok,Wed,08:00,13:30,480,810,False,8:00am - 1:30pm
Bedok,1Doc Medical Centre Heartbeat @ Bedok,Wed,14:30,17:00,870,1020,False,2:30pm - 5:00pm
Bedok,1Doc Medical Centre Heartbeat @ Bedok,Thurs,08:00,13:30,480,810,False,8:00am - 1:30pm
Bedok,1Doc Medical Centre Heartbeat @ Bedok,Thurs,14:30,17:00,870,1020,False,2:30pm - 5:00pm
Bedok,1Doc Medical Centre Heartbeat @ Bedok,Fri,08:00,13:30,480,810,False,8:00am - 1:30pm
Bedok,1Doc Medical Centre Heartbeat @ Bedok,Fri,14:30,17:00,870,1020,False,2:30pm - 5:00pm
Bedok,1Doc Medical Centre Heartbeat @ Bedok,Sat,08:00,12:00,480,720,False,8:00am - 12:00pm
Bedok,1Doc Medical Centre Heartbeat @ Bedok,Sat,14:00,17:00,840,1020,False,2:00pm - 5:00pm
Bencoolen,Singapura Clinic,Mon,09:00,13:00,540,780,False,9:00am - 1:00pm
Bencoolen,Singapura Clinic,Mon,14:30,18:00,870,1080,False,2:30pm - 6:00pm
Bencoolen,Singapura Clinic,Tues,09:00,13:00,540,780,False,9:00am - 1:00pm
Bencoolen,Singapura Clinic,Tues,14:30,18:00,870,1080,False,2:30pm - 6:00pm
Bencoolen,Singapura Clinic,Wed,09:00,13:00,540,780,False,9:00am - 1:00pm
Bencoolen,Singapura Clinic,Wed,14:30,18:00,870,1080,False,2:30pm - 6:00pm
Bencoolen,Singapura Clinic,Thurs,09:00,13:00,540,780,False,9:00am - 1:00pm
Bencoolen,Singapura Clinic,Thurs,14:30,18:00,870,1080,False,2:30pm - 6:00pm
Bencoolen,Singapura Clinic,Fri,09:00,13:00,540,780,False,9:00am - 1:00pm
Bencoolen,Singapura Clinic,Fri,14:30,18:00,870,1080,False,2:30pm - 6:00pm
Bencoolen,Singapura Clinic,Sat,09:00,13:00,540,780,False,9:00am - 1:00pm
Bendemeer,My Family Clinic (St George),Mon,08:00,14:00,480,840,False,8:00am - 2:00pm
Bendemeer,My Family Clinic (St George),Tues,08:00,14:00,480,840,False,8:00am - 2:00pm
Bendemeer,My Family Clinic (St George),Wed,08:00,14:00,480,840,False,8:00am - 2:00pm
Bendemeer,My Family Clinic (St George),Thurs,18:00,21:00,1080,1260,False,6:00pm - 9:00pm
Bendemeer,My Family Clinic (St George),Fri,08:00,14:00,480,840,False,8:00am - 2:00pm
Bendemeer,My Family Clinic (St George),Sat,08:00,13:00,480,780,False,8:00am - 1:00pm
Bendemeer,St Georges Clinic and Surgery Pte Ltd,Mon,09:00,13:00,540,780,False,9:00am - 1:00pm
Bendemeer,St Georges Clinic and Surgery Pte Ltd,Tues,09:00,13:00,540,780,False,9:00am - 1:00pm
Bendemeer,St Georges Clinic and Surgery Pte Ltd,Wed,09:00,13:00,540,780,False,9:00am - 1:00pm
Bendemeer,St Georges Clinic and Surgery Pte Ltd,Wed,19:00,21:00,1140,1260,False,7:00pm - 9:00pm
Bendemeer,St Georges Clinic and Surgery Pte Ltd,Thurs,14:30,16:30,870,990,False,2:30pm - 4:30pm
Bendemeer,St Georges Clinic and Surgery Pte Ltd,Thurs,19:00,21:00,1140,1260,False,7:00pm - 9:00pm
Bendemeer,St Georges Clinic and Surgery Pte Ltd,Fri,09:00,13:00,540,780,False,9:00am - 1:00pm
Bendemeer,St Georges Clinic and Surgery Pte Ltd,Fri,14:30,16:30,870,990,False,2:30pm - 4:30pm
Bendemeer,St Georges Clinic and Surgery Pte Ltd,Sat,09:00,13:00,540,780,False,9:00am - 1:00pm
Bendemeer,St Georges Clinic and Surgery Pte Ltd,Sun,09:00,13:00,540,780,False,9:00am - 1:00pm
Bishan,Dr Panda Medical Centre,Mon,09:00,13:00,540,780,False,9:00am - 1:00pm
Bishan,Dr Panda Medical Centre,Mon,14:00,21:00,840,1260,False,2:00pm - 9:00pm
Bishan,Dr Panda Medical Centre,Tues,09:00,13:00,540,780,False,9:00am - 1:00pm
Bishan,Dr Panda Medical Centre,Tues,14:00,18:00,840,1080,False,2:00pm - 6:00pm
Bishan,Dr Panda Medical Centre,Wed,09:00,13:00,540,780,False,9:00am - 1:00pm
Bishan,Dr Panda Medical Centre,Wed,14:00,21:00,840,1260,False,2:00pm - 9:00pm
Bishan,Dr Panda Medical Centre,Thurs,09:00,13:00,540,780,False,9:00am - 1:00pm
Bishan,Dr Panda Medical Centre,Thurs,14:00,18:00,840,1080,False,2:00pm - 6:00pm
Bishan,Dr Panda Medical Centre,Fri,09:00,13:00,540,780,False,9:00am - 1:00pm
Bishan,Dr Panda Medical Centre,Fri,14:00,21:00,840,1260,False,2:00pm - 9:00pm
Bishan,Dr Panda Medical Centre,Sat,09:00,12:30,540,750,False,9:00am - 12:30pm
Bishan,Dr Panda Medical Centre,Sun,09:00,12:30,540,750,False,9:00am - 12:30pm
Bishan,Dr Panda Medical Centre,Sun,18:00,21:00,1080,1260,False,6:00pm - 9:00pm
Bishan,Edgedale Medical Clinic (Bishan),Mon,09:00,13:00,540,780,False,9:00am - 1:00pm
Bishan,Edgedale Medical Clinic (Bishan),Mon,18:00,21:00,1080,1260,False,6:00pm - 9:00pm
Bishan,Edgedale Medical Clinic (Bishan),Tues,09:00,13:00,540,780,False,9:00am - 1:00pm
Bishan,Edgedale Medical Clinic (Bishan),Tues,18:00,21:00,1080,1260,False,6:00pm - 9:00pm
Bishan,Edgedale Medical Clinic (Bishan),Wed,09:00,13:00,540,780,False,9:00am - 1:00pm
Bishan,Edgedale Medical Clinic (Bishan),Wed,18:00,21:00,1080,1260,False,6:00pm - 9:00pm
Bishan,Edgedale Medical Clinic (Bishan),Thurs,09:00,13:00,540,780,False,9:00am - 1:00pm
Bishan,Edgedale Medical Clinic (Bishan),Thurs,18:00,21:00,1080,1260,False,6:00pm - 9:00pm
Bishan,Edgedale Medical Clinic (Bishan),Fri,09:00,13:00,540,780,False,9:00am - 1:00pm
Bishan,Edgedale Medical Clinic (Bishan),Fri,18:00,21:00,1080,1260,False,6:00pm - 9:00pm
Bishan,Edgedale Medical Clinic (Bishan),Sat,09:00,13:00,540,780,False,9:00am - 1:00pm
Bishan,Edgedale Medical Clinic (Bishan),Sun,09:00,13:00,540,780,False,9:00am - 1:00pm
Bishan,Goodhealth Medical & Surgery,Mon,08:30,12:30,510,750,False,8:30am - 12:30pm
Bishan,Goodhealth Medical & Surgery,Tues,08:30,12:30,510,750,False,8:30am - 12:30pm
Bishan,Goodhealth Medical & Surgery,Wed,08:30,12:30,510,750,False,8:30am - 12:30pm
Bishan,Goodhealth Medical & Surgery,Wed,14:00,16:30,840,990,False,2:00pm - 4:30pm
Bishan,Goodhealth Medical & Surgery,Thurs,14:00,20:00,840,1200,False,2:00pm - 8:00pm
Bishan,Goodhealth Medical & Surgery,Fri,08:30,12:30,510,750,False,8:30am - 12:30pm
Bishan,Goodhealth Medical & Surgery,Fri,14:00,16:30,840,990,False,2:00pm - 4:30pm
Bishan,Goodhealth Medical & Surgery,Sat,08:30,12:30,510,750,False,8:30am - 12:30pm
Bishan,Healthcare Family Clinic & Surgery,Mon,08:30,12:00,510,720,False,8:30am - 12:00pm
Bishan,Healthcare Family Clinic & Surgery,Mon,14:30,16:00,870,960,False,2:30pm - 4:00pm
Bishan,Healthcare Family Clinic & Surgery,Mon,19:30,21:00,1170,1260,False,7:30pm - 9:00pm
Bishan,Healthcare Family Clinic & Surgery,Tues,08:30,12:00,510,720,False,8:30am - 12:00pm
Bishan,Healthcare Family Clinic & Surgery,Tues,14:30,16:00,870,960,False,2:30pm - 4:00pm
Bishan,Healthcare Family Clinic & Surgery,Tues,19:30,21:00,1170,1260,False,7:30pm - 9:00pm
Bishan,Healthcare Family Clinic & Surgery,Wed,08:30,12:00,510,720,False,8:30am - 12:00pm
Bishan,Healthcare Family Clinic & Surgery,Wed,14:30,16:00,870,960,False,2:30pm - 4:00pm
Bishan,Healthcare Family Clinic & Surgery,Wed,19:30,21:00,1170,1260,False,7:30pm - 9:00pm
Bishan,Healthcare Family Clinic & Surgery,Thurs,08:30,12:00,510,720,False,8:30am - 12:00pm
Bishan,Healthcare Family Clinic & Surgery,Thurs,14:30,16:00,870,960,False,2:30pm - 4:00pm
Bishan,Healthcare Family Clinic & Surgery,Fri,08:30,12:00,510,720,False,8:30am - 12:00pm
Bishan,Healthcare Family Clinic & Surgery,Fri,14:30,16:00,870,960,False,2:30pm - 4:00pm
Bishan,Healthcare Family Clinic & Surgery,Sat,09:00,12:00,540,720,False,9:00am - 12:00pm
Bishan,Kenneth Loo Family Clinic,Mon,08:30,12:00,510,720,False,8:30am - 12:00pm
Bishan,Kenneth Loo Family Clinic,Mon,14:30,16:30,870,990,False,2:30pm - 4:30pm
Bishan,Kenneth Loo Family Clinic,Tues,08:30,12:00,510,720,False,8:30am - 12:00pm
Bishan,Kenneth Loo Family Clinic,Tues,14:30,16:30,870,990,False,2:30pm - 4:30pm
Bishan,Kenneth Loo Family Clinic,Wed,08:30,12:00,510,720,False,8:30am - 12:00pm
Bishan,Kenneth Loo Family Clinic,Wed,14:30,16:30,870,990,False,2:30pm - 4:30pm
Bishan,Kenneth Loo Family Clinic,Thurs,08:30,12:00,510,720,False,8:30am - 12:00pm
Bishan,Kenneth Loo Family Clinic,Thurs,14:30,16:30,870,990,False,2:30pm - 4:30pm
Bishan,Kenneth Loo Family Clinic,Fri,08:30,12:00,510,720,False,8:30am - 12:00pm
Bishan,Kenneth Loo Family Clinic,Fri,14:30,16:30,870,990,False,2:30pm - 4:30pm
Bishan,Kenneth Loo Family Clinic,Sat,09:00,12:00,540,720,False,9:00am - 12:00pm
Bishan,Kenneth Loo Family Clinic,Sun,09:00,12:00,540,720,False,9:00am - 12:00pm
Bishan,Marymount Family Clinic,Mon,08:30,13:00,510,780,False,8:30am - 1:00pm
Bishan,Marymount Family Clinic,Mon,14:00,16:30,840,990,False,2:00pm - 4:30pm
Bishan,Marymount Family Clinic,Mon,18:00,22:00,1080,1320,False,6:00pm - 10:00pm
Bishan,Marymount Family Clinic,Tues,08:30,13:00,510,780,False,8:30am - 1:00pm
Bishan,Marymount Family Clinic,Tues,14:00,16:30,840,990,False,2:00pm - 4:30pm
Bishan,Marymount Family Clinic,Tues,18:00,22:00,1080,1320,False,6:00pm - 10:00pm
Bishan,Marymount Family Clinic,Wed,08:30,13:00,510,780,False,8:30am - 1:00pm
Bishan,Marymount Family Clinic,Wed,14:00,16:30,840,990,False,2:00pm - 4:30pm
Bishan,Marymount Family Clinic,Wed,18:00,22:00,1080,1320,False,6:00pm - 10:00pm
Bishan,Marymount Family Clinic,Thurs,08:30,13:00,510,780,False,8:30am - 1:00pm
Bishan,Marymount Family Clinic,Thurs,14:00,16:30,840,990,False,2:00pm - 4:30pm
Bishan,Marymount Family Clinic,Thurs,18:00,22:00,1080,1320,False,6:00pm - 10:00pm
Bishan,Marymount Family Clinic,Fri,08:30,13:00,510,780,False,8:30am - 1:00pm
Bishan,Marymount Family Clinic,Fri,14:00,16:30,840,990,False,2:00pm - 4:30pm
Bishan,Marymount Family Clinic,Fri,18:00,22:00,1080,1320,False,6:00pm - 10:00pm
Bishan,Marymount Family Clinic,Sat,09:00,12:00,540,720,False,9:00am - 12:00pm
Bishan,OneCare Clinic (Bishan),Mon,08:00,15:00,480,900,False,8:00am - 3:00pm
Bishan,OneCare Clinic (Bishan),Mon,17:30,21:30,1050,1290,False,5:30pm - 9:30pm
Bishan,OneCare Clinic (Bishan),Tues,08:00,15:00,480,900,False,8:00am - 3:00pm
Bishan,OneCare Clinic (Bishan),Tues,17:30,21:00,1050,1260,False,5:30pm - 9:00pm
Bishan,OneCare Clinic (Bishan),Wed,08:00,15:00,480,900,False,8:00am - 3:00pm
Bishan,OneCare Clinic (Bishan),Wed,17:30,21:00,1050,1260,False,5:30pm - 9:00pm
Bishan,OneCare Clinic (Bishan),Thurs,08:00,15:00,480,900,False,8:00am - 3:00pm
Bishan,OneCare Clinic (Bishan),Thurs,17:30,21:00,1050,1260,False,5:30pm - 9:00pm
Bishan,OneCare Clinic (Bishan),Fri,08:00,15:00,480,900,False,8:00am - 3:00pm
Bishan,OneCare Clinic (Bishan),Fri,17:30,21:00,1050,1260,False,5:30pm - 9:00pm
Bishan,OneCare Clinic (Bishan),Sat,08:00,13:00,480,780,False,8:00am - 1:00pm
Bishan,OneCare Clinic (Bishan),Sun,08:00,13:00,480,780,False,8:00am - 1:00pm
Bishan,OneCare Clinic (Bishan),Sun,18:00,21:00,1080,1260,False,6:00pm - 9:00pm
Bishan,P Tan Family Medicine Clinic,Mon,09:00,12:30,540,750,False,9:00am - 12:30pm
Bishan,P Tan Family Medicine Clinic,Tues,09:00,12:30,540,750,False,9:00am - 12:30pm
Bishan,P Tan Family Medicine Clinic,Wed,09:00,12:30,540,750,False,9:00am - 12:30pm
Bishan,P Tan Family Medicine Clinic,Wed,14:00,17:30,840,1050,False,2:00pm - 5:30pm
Bishan,P Tan Family Medicine Clinic,Thurs,14:00,16:30,840,990,False,2:00pm - 4:30pm
Bishan,P Tan Family Medicine Clinic,Thurs,18:00,20:30,1080,1230,False,6:00pm - 8:30pm
Bishan,P Tan Family Medicine Clinic,Fri,09:00,12:30,540,750,False,9:00am - 12:30pm
Bishan,P Tan Family Medicine Clinic,Fri,14:00,17:30,840,1050,False,2:00pm - 5:30pm
Bishan,P Tan Family Medicine Clinic,Sat,09:00,12:30,540,750,False,9:00am - 12:30pm
Bishan,Raffles Medical (Bishan),Mon,08:30,13:00,510,780,False,8:30am - 1:00pm
Bishan,Raffles Medical (Bishan),Mon,14:00,17:30,840,1050,False,2:00pm - 5:30pm
Bishan,Raffles Medical (Bishan),Mon,18:30,21:00,1110,1260,False,6:30pm - 9:00pm
Bishan,Raffles Medical (Bishan),Tues,08:30,13:00,510,780,False,8:30am - 1:00pm
Bishan,Raffles Medical (Bishan),Tues,14:00,17:30,840,1050,False,2:00pm - 5:30pm
Bishan,Raffles Medical (Bishan),Tues,18:30,21:00,1110,1260,False,6:30pm - 9:00pm
Bishan,Raffles Medical (Bishan),Wed,08:30,13:00,510,780,False,8:30am - 1:00pm
Bishan,Raffles Medical (Bishan),Wed,14:00,17:30,840,1050,False,2:00pm - 5:30pm
Bishan,Raffles Medical (Bishan),Wed,18:30,21:00,1110,1260,False,6:30pm - 9:00pm
Bishan,Raffles Medical (Bishan),Thurs,08:30,13:00,510,780,False,8:30am - 1:00pm
Bishan,Raffles Medical (Bishan),Thurs,14:00,17:30,840,1050,False,2:00pm - 5:30pm
Bishan,Raffles Medical (Bishan),Thurs,18:30,21:00,1110,1260,False,6:30pm - 9:00pm
Bishan,Raffles Medical (Bishan),Fri,08:30,13:00,510,780,False,8:30am - 1:00pm
Bishan,Raffles Medical (Bishan),Fri,14:00,17:30,840,1050,False,2:00pm - 5:30pm
Bishan,Raffles Medical (Bishan),Fri,18:30,21:00,1110,1260,False,6:30pm - 9:00pm
Bishan,Raffles Medical (Bishan),Sat,08:30,13:00,510,780,False,8:30am - 1:00pm
Bishan,Raffles Medical (Bishan),Sun,08:30,13:00,510,780,False,8:30am - 1:00pm
Boon Lay,DR+ Medical & Paincare Boon Lay,Mon,08:00,16:00,480,960,False,8:00am - 4:00pm
Boon Lay,DR+ Medical & Paincare Boon Lay,Mon,18:00,20:00,1080,1200,False,6:00pm - 8:00pm
Boon Lay,DR+ Medical & Paincare Boon Lay,Tues,08:00,16:00,480,960,False,8:00am - 4:00pm
Boon Lay,DR+ Medical & Paincare Boon Lay,Tues,18:00,20:00,1080,1200,False,6:00pm - 8:00pm
Boon Lay,DR+ Medical & Paincare Boon Lay,Wed,08:00,16:00,480,960,False,8:00am - 4:00pm
Boon Lay,DR+ Medical & Paincare Boon Lay,Wed,18:00,20:00,1080,1200,False,6:00pm - 8:00pm
Boon Lay,DR+ Medical & Paincare Boon Lay,Thurs,08:00,16:00,480,960,False,8:00am - 4:00pm
Boon Lay,DR+ Medical & Paincare Boon Lay,Thurs,18:00,20:00,1080,1200,False,6:00pm - 8:00pm
Boon Lay,DR+ Medical & Paincare Boon Lay,Fri,08:00,16:00,480,960,False,8:00am - 4:00pm
Boon Lay,DR+ Medical & Paincare Boon Lay,Sat,08:00,13:00,480,780,False,8:00am - 1:00pm
Boon Lay,DR+ Medical & Paincare Boon Lay,Sun,08:00,13:00,480,780,False,8:00am - 1:00pm
Boon Lay,OneCare Clinic (Boon Lay),Mon,08:00,16:00,480,960,False,8:00am - 4:00pm
Boon Lay,OneCare Clinic (Boon Lay),Mon,17:00,22:00,1020,1320,False,5:00pm - 10:00pm
Boon Lay,OneCare Clinic (Boon Lay),Tues,08:00,16:00,480,960,False,8:00am - 4:00pm
Boon Lay,OneCare Clinic (Boon Lay),Tues,17:00,22:00,1020,1320,False,5:00pm - 10:00pm
Boon Lay,OneCare Clinic (Boon Lay),Wed,08:00,16:00,480,960,False,8:00am - 4:00pm
Boon Lay,OneCare Clinic (Boon Lay),Wed,17:00,22:00,1020,1320,False,5:00pm - 10:00pm
Boon Lay,OneCare Clinic (Boon Lay),Thurs,08:00,16:00,480,960,False,8:00am - 4:00pm
Boon Lay,OneCare Clinic (Boon Lay),Thurs,17:00,22:00,1020,1320,False,5:00pm - 10:00pm
Boon Lay,OneCare Clinic (Boon Lay),Fri,08:00,16:00,480,960,False,8:00am - 4:00pm
Boon Lay,OneCare Clinic (Boon Lay),Fri,17:00,22:00,1020,1320,False,5:00pm - 10:00pm
Boon Lay,OneCare Clinic (Boon Lay),Sat,08:00,16:00,480,960,False,8:00am - 4:00pm
Boon Lay,OneCare Clinic (Boon Lay),Sat,17:00,22:00,1020,1320,False,5:00pm - 10:00pm
Boon Lay,OneCare Clinic (Boon Lay),Sun,08:00,16:00,480,960,False,8:00am - 4:00pm
Boon Lay,OneCare Clinic (Boon Lay),Sun,17:00,22:00,1020,1320,False,5:00pm - 10:00pm
Boon Lay,Our Jurong West Family Clinic,Mon,08:00,13:30,480,810,False,8:00am - 1:30pm
Boon Lay,Our Jurong West Family Clinic,Mon,17:30,21:00,1050,1260,False,5:30pm - 9:00pm
Boon Lay,Our Jurong West Family Clinic,Tues,08:00,13:30,480,810,False,8:00am - 1:30pm
Boon Lay,Our Jurong West Family Clinic,Tues,17:30,21:00,1050,1260,False,5:30pm - 9:00pm
Boon Lay,Our Jurong West Family Clinic,Wed,08:00,13:30,480,810,False,8:00am - 1:30pm
Boon Lay,Our Jurong West Family Clinic,Wed,17:30,21:00,1050,1260,False,5:30pm - 9:00pm
Boon Lay,Our Jurong West Family Clinic,Thurs,08:00,13:30,480,810,False,8:00am - 1:30pm
Boon Lay,Our Jurong West Family Clinic,Thurs,17:30,21:00,1050,1260,False,5:30pm - 9:00pm
Boon Lay,Our Jurong West Family Clinic,Fri,08:00,13:30,480,810,False,8:00am - 1:30pm
Boon Lay,Our Jurong West Family Clinic,Fri,09:00,13:00,540,780,False,9:00am - 1:00pm
Boon Lay,Our Jurong West Family Clinic,Sun,14:00,17:00,840,1020,False,2:00pm - 5:00pm
Bugis,SATA CommHealth Community Clinic (Beach Road),Mon,08:30,12:30,510,750,False,8:30am - 12:30pm
Bugis,SATA CommHealth Community Clinic (Beach Road),Mon,13:30,17:00,810,1020,False,1:30pm - 5:00pm
Bugis,SATA CommHealth Community Clinic (Beach Road),Tues,08:30,12:30,510,750,False,8:30am - 12:30pm
Bugis,SATA CommHealth Community Clinic (Beach Road),Tues,13:30,17:00,810,1020,False,1:30pm - 5:00pm
Bugis,SATA CommHealth Community Clinic (Beach Road),Wed,08:30,12:30,510,750,False,8:30am - 12:30pm
Bugis,SATA CommHealth Community Clinic (Beach Road),Wed,13:30,17:00,810,1020,False,1:30pm - 5:00pm
Bugis,SATA CommHealth Community Clinic (Beach Road),Thurs,08:30,12:30,510,750,False,8:30am - 12:30pm
Bugis,SATA CommHealth Community Clinic (Beach Road),Thurs,13:30,17:00,810,1020,False,1:30pm - 5:00pm
Bugis,SATA CommHealth Community Clinic (Beach Road),Fri,08:30,12:30,510,750,False,8:30am - 12:30pm
Bugis,SATA CommHealth Community Clinic (Beach Road),Fri,13:30,17:00,810,1020,False,1:30pm - 5:00pm
Bugis,SATA CommHealth Community Clinic (Beach Road),Sat,20:30,12:30,1230,750,True,8:30pm - 12:30pm
Bukit Batok,Ar-Raudhah Medical Clinic and Surgery,Mon,08:30,12:30,510,750,False,8:30am - 12:30pm
Bukit Batok,Ar-Raudhah Medical Clinic and Surgery,Mon,14:00,16:00,840,960,False,2:00pm - 4:00pm
Bukit Batok,Ar-Raudhah Medical Clinic and Surgery,Mon,18:00,21:00,1080,1260,False,6:00pm - 9:00pm
Bukit Batok,Ar-Raudhah Medical Clinic and Surgery,Tues,08:30,12:30,510,750,False,8:30am - 12:30pm
Bukit Batok,Ar-Raudhah Medical Clinic and Surgery,Tues,14:00,16:00,840,960,False,2:00pm - 4:00pm
Bukit Batok,Ar-Raudhah Medical Clinic and Surgery,Tues,18:00,21:00,1080,1260,False,6:00pm - 9:00pm
Bukit Batok,Ar-Raudhah Medical Clinic and Surgery,Wed,08:30,12:30,510,750,False,8:30am - 12:30pm
Bukit Batok,Ar-Raudhah Medical Clinic and Surgery,Wed,14:00,16:00,840,960,False,2:00pm - 4:00pm
Bukit Batok,Ar-Raudhah Medical Clinic and Surgery,Wed,18:00,21:00,1080,1260,False,6:00pm - 9:00pm
Bukit Batok,Ar-Raudhah Medical Clinic and Surgery,Thurs,08:30,12:30,510,750,False,8:30am - 12:30pm
Bukit Batok,Ar-Raudhah Medical Clinic and Surgery,Thurs,14:00,16:00,840,960,False,2:00pm - 4:00pm
Bukit Batok,Ar-Raudhah Medical Clinic and Surgery,Thurs,18:00,21:00,1080,1260,False,6:00pm - 9:00pm
Bukit Batok,Ar-Raudhah Medical Clinic and Surgery,Fri,08:30,12:30,510,750,False,8:30am - 12:30pm
Bukit Batok,Ar-Raudhah Medical Clinic and Surgery,Fri,14:00,16:00,840,960,False,2:00pm - 4:00pm
Bukit Batok,Ar-Raudhah Medical Clinic and Surgery,Fri,18:00,21:00,1080,1260,False,6:00pm - 9:00pm
Bukit Batok,Ar-Raudhah Medical Clinic and Surgery,Sat,08:30,12:30,510,750,False,8:30am - 12:30pm
Bukit Batok,Ar-Raudhah Medical Clinic and Surgery,Sat,18:00,21:00,1080,1260,False,6:00pm - 9:00pm
Bukit Batok,Ar-Raudhah Medical Clinic and Surgery,Sun,08:30,12:30,510,750,False,8:30am - 12:30pm
Bukit Batok,Ar-Raudhah Medical Clinic and Surgery,PH,08:30,12:30,510,750,False,8:30am - 12:30pm
Bukit Batok,Bukit Batok Family Clinic,Mon,08:30,13:00,510,780,False,8:30am - 1:00pm
Bukit Batok,Bukit Batok Family Clinic,Tues,08:30,13:00,510,780,False,8:30am - 1:00pm
Bukit Batok,Bukit Batok Family Clinic,Wed,08:30,13:00,510,780,False,8:30am - 1:00pm
Bukit Batok,Bukit Batok Family Clinic,Thurs,18:00,21:00,1080,1260,False,6:00pm - 9:00pm
Bukit Batok,Bukit Batok Family Clinic,Fri,08:30,13:00,510,780,False,8:30am - 1:00pm
Bukit Batok,Bukit Batok Family Clinic,Sat,09:00,12:00,540,720,False,9:00am - 12:00pm
Bukit Batok,Chua Medical Clinic and Surgery,Mon,08:30,16:30,510,990,False,8:30am - 4:30pm
Bukit Batok,Chua Medical Clinic and Surgery,Tues,15:00,21:00,900,1260,False,3:00pm - 9:00pm
Bukit Batok,Chua Medical Clinic and Surgery,Wed,08:30,16:30,510,990,False,8:30am - 4:30pm
Bukit Batok,Chua Medical Clinic and Surgery,Thurs,15:00,21:00,900,1260,False,3:00pm - 9:00pm
Bukit Batok,Chua Medical Clinic and Surgery,Fri,08:30,16:30,510,990,False,8:30am - 4:30pm
Bukit Batok,DA Clinic @ Bukit Batok,Mon,08:30,12:00,510,720,False,8:30am - 12:00pm
Bukit Batok,DA Clinic @ Bukit Batok,Mon,13:00,16:00,780,960,False,1:00pm - 4:00pm
Bukit Batok,DA Clinic @ Bukit Batok,Mon,18:00,21:00,1080,1260,False,6:00pm - 9:00pm
Bukit Batok,DA Clinic @ Bukit Batok,Tues,08:30,12:00,510,720,False,8:30am - 12:00pm
Bukit Batok,DA Clinic @ Bukit Batok,Tues,13:00,16:00,780,960,False,1:00pm - 4:00pm
Bukit Batok,DA Clinic @ Bukit Batok,Tues,18:00,21:00,1080,1260,False,6:00pm - 9:00pm
Bukit Batok,DA Clinic @ Bukit Batok,Wed,08:30,12:00,510,720,False,8:30am - 12:00pm
Bukit Batok,DA Clinic @ Bukit Batok,Wed,13:00,16:00,780,960,False,1:00pm - 4:00pm
Bukit Batok,DA Clinic @ Bukit Batok,Wed,18:00,21:00,1080,1260,False,6:00pm - 9:00pm
Bukit Batok,DA Clinic @ Bukit Batok,Thurs,08:30,12:00,510,720,False,8:30am - 12:00pm
Bukit Batok,DA Clinic @ Bukit Batok,Thurs,13:00,16:00,780,960,False,1:00pm - 4:00pm
Bukit Batok,DA Clinic @ Bukit Batok,Thurs,18:00,21:00,1080,1260,False,6:00pm - 9:00pm
Bukit Batok,DA Clinic @ Bukit Batok,Fri,08:30,12:00,510,720,False,8:30am - 12:00pm
Bukit Batok,DA Clinic @ Bukit Batok,Fri,13:00,16:00,780,960,False,1:00pm - 4:00pm
Bukit Batok,DA Clinic @ Bukit Batok,Fri,18:00,21:00,1080,1260,False,6:00pm - 9:00pm
Bukit Batok,DA Clinic @ Bukit Batok,Sat,08:30,12:00,510,720,False,8:30am - 12:00pm
Bukit Batok,DA Clinic @ Bukit Batok,Sun,08:30,12:00,510,720,False,8:30am - 12:00pm
Bukit Batok,Distinct Clinic Bukit Batok Branch,Mon,08:30,16:30,510,990,False,8:30am - 4:30pm
Bukit Batok,Distinct Clinic Bukit Batok Branch,Tues,08:30,16:30,510,990,False,8:30am - 4:30pm
Bukit Batok,Distinct Clinic Bukit Batok Branch,Wed,08:30,16:30,510,990,False,8:30am - 4:30pm
Bukit Batok,Distinct Clinic Bukit Batok Branch,Thurs,08:30,16:30,510,990,False,8:30am - 4:30pm
Bukit Batok,Distinct Clinic Bukit Batok Branch,Fri,08:30,12:30,510,750,False,8:30am - 12:30pm
Bukit Batok,Distinct Clinic Bukit Batok Branch,Sat,08:30,12:30,510,750,False,8:30am - 12:30pm
Bukit Batok,Dr Stanley Peck Family Clinic,Mon,08:00,12:00,480,720,False,8:00am - 12:00pm
Bukit Batok,Dr Stanley Peck Family Clinic,Mon,18:00,20:00,1080,1200,False,6:00pm - 8:00pm
Bukit Batok,Dr Stanley Peck Family Clinic,Tues,08:00,12:00,480,720,False,8:00am - 12:00pm
Bukit Batok,Dr Stanley Peck Family Clinic,Wed,08:00,12:00,480,720,False,8:00am - 12:00pm
Bukit Batok,Dr Stanley Peck Family Clinic,Wed,18:00,20:00,1080,1200,False,6:00pm - 8:00pm
Bukit Batok,Dr Stanley Peck Family Clinic,Thurs,08:00,12:00,480,720,False,8:00am - 12:00pm
Bukit Batok,Dr Stanley Peck Family Clinic,Sat,08:00,11:30,480,690,False,8:00am - 11:30am
Bukit Batok,EH Medical Family Clinic (Bukit Batok),Mon,08:30,13:00,510,780,False,8:30am - 1:00pm
Bukit Batok,EH Medical Family Clinic (Bukit Batok),Mon,14:00,17:00,840,1020,False,2:00pm - 5:00pm
Bukit Batok,EH Medical Family Clinic (Bukit Batok),Tues,08:30,13:00,510,780,False,8:30am - 1:00pm
Bukit Batok,EH Medical Family Clinic (Bukit Batok),Tues,14:00,17:00,840,1020,False,2:00pm - 5:00pm
Bukit Batok,EH Medical Family Clinic (Bukit Batok),Tues,18:30,21:30,1110,1290,False,6:30pm - 9:30pm
Bukit Batok,EH Medical Family Clinic (Bukit Batok),Wed,08:30,13:00,510,780,False,8:30am - 1:00pm
Bukit Batok,EH Medical Family Clinic (Bukit Batok),Wed,14:00,17:00,840,1020,False,2:00pm - 5:00pm
Bukit Batok,EH Medical Family Clinic (Bukit Batok),Wed,18:30,21:30,1110,1290,False,6:30pm - 9:30pm
Bukit Batok,EH Medical Family Clinic (Bukit Batok),Thurs,08:30,13:00,510,780,False,8:30am - 1:00pm
Bukit Batok,EH Medical Family Clinic (Bukit Batok),Thurs,14:00,17:00,840,1020,False,2:00pm - 5:00pm
Bukit Batok,EH Medical Family Clinic (Bukit Batok),Thurs,18:30,21:30,1110,1290,False,6:30pm - 9:30pm
Bukit Batok,EH Medical Family Clinic (Bukit Batok),Fri,08:30,13:00,510,780,False,8:30am - 1:00pm
Bukit Batok,EH Medical Family Clinic (Bukit Batok),Fri,14:00,17:00,840,1020,False,2:00pm - 5:00pm
Bukit Batok,EH Medical Family Clinic (Bukit Batok),Fri,18:30,21:30,1110,1290,False,6:30pm - 9:30pm
Bukit Batok,EH Medical Family Clinic (Bukit Batok),Sat,08:30,12:30,510,750,False,8:30am - 12:30pm
Bukit Batok,EH Medical Family Clinic (Bukit Batok),Sun,08:30,12:30,510,750,False,8:30am - 12:30pm
Bukit Batok,Erena Family Clinic,Mon,08:00,14:00,480,840,False,8:00am - 2:00pm
Bukit Batok,Erena Family Clinic,Tues,08:00,14:00,480,840,False,8:00am - 2:00pm
Bukit Batok,Erena Family Clinic,Wed,08:00,14:00,480,840,False,8:00am - 2:00pm
Bukit Batok,Erena Family Clinic,Thurs,18:00,21:00,1080,1260,False,6:00pm - 9:00pm
Bukit Batok,Erena Family Clinic,Fri,08:00,14:00,480,840,False,8:00am - 2:00pm
Bukit Batok,Erena Family Clinic,Sat,08:00,12:00,480,720,False,8:00am - 12:00pm
Bukit Batok,Everhealth Family Clinic & Surgery,Mon,09:00,19:00,540,1140,False,9:00am - 7:00pm
Bukit Batok,Everhealth Family Clinic & Surgery,Tues,09:00,19:00,540,1140,False,9:00am - 7:00pm
Bukit Batok,Everhealth Family Clinic & Surgery,Wed,09:00,17:00,540,1020,False,9:00am - 5:00pm
Bukit Batok,Everhealth Family Clinic & Surgery,Fri,09:00,12:30,540,750,False,9:00am - 12:30pm
Bukit Batok,Everhealth Family Clinic & Surgery,Fri,17:00,19:00,1020,1140,False,5:00pm - 7:00pm
Bukit Batok,Everhealth Family Clinic & Surgery,Sat,09:00,12:00,540,720,False,9:00am - 12:00pm
Bukit Batok,Family Care Clinic,Mon,08:30,13:00,510,780,False,8:30am - 1:00pm
Bukit Batok,Family Care Clinic,Tues,08:30,13:00,510,780,False,8:30am - 1:00pm
Bukit Batok,Family Care Clinic,Wed,08:30,13:00,510,780,False,8:30am - 1:00pm
Bukit Batok,Family Care Clinic,Thurs,14:00,16:30,840,990,False,2:00pm - 4:30pm
Bukit Batok,Family Care Clinic,Thurs,18:45,21:00,1125,1260,False,6:45pm - 9:00pm
Bukit Batok,Family Care Clinic,Fri,14:00,16:30,840,990,False,2:00pm - 4:30pm
Bukit Batok,Family Care Clinic,Fri,18:45,21:00,1125,1260,False,6:45pm - 9:00pm
Bukit Batok,Family Care Clinic,Sat,08:30,13:00,510,780,False,8:30am - 1:00pm
Bukit Batok,Frontier Medical Associates (Bukit Batok West Ridges),Mon,08:30,15:00,510,900,False,8:30am - 3:00pm
Bukit Batok,Frontier Medical Associates (Bukit Batok West Ridges),Tues,08:30,15:00,510,900,False,8:30am - 3:00pm
Bukit Batok,Frontier Medical Associates (Bukit Batok West Ridges),Wed,08:30,15:00,510,900,False,8:30am - 3:00pm
Bukit Batok,Frontier Medical Associates (Bukit Batok West Ridges),Thurs,18:00,21:30,1080,1290,False,6:00pm - 9:30pm
Bukit Batok,Frontier Medical Associates (Bukit Batok West Ridges),Fri,08:30,15:00,510,900,False,8:30am - 3:00pm
Bukit Batok,Frontier Medical Associates (Bukit Batok West Ridges),Sat,08:30,13:00,510,780,False,8:30am - 1:00pm
Bukit Batok,Frontier Medical Associates (Bukit Batok West Terra),Mon,08:00,14:30,480,870,False,8:00am - 2:30pm
Bukit Batok,Frontier Medical Associates (Bukit Batok West Terra),Mon,18:00,21:30,1080,1290,False,6:00pm - 9:30pm
Bukit Batok,Frontier Medical Associates (Bukit Batok West Terra),Tues,08:30,14:30,510,870,False,8:30am - 2:30pm
Bukit Batok,Frontier Medical Associates (Bukit Batok West Terra),Wed,08:00,14:30,480,870,False,8:00am - 2:30pm
Bukit Batok,Frontier Medical Associates (Bukit Batok West Terra),Wed,18:00,21:30,1080,1290,False,6:00pm - 9:30pm
Bukit Batok,Frontier Medical Associates (Bukit Batok West Terra),Thurs,08:30,14:30,510,870,False,8:30am - 2:30pm
Bukit Batok,Frontier Medical Associates (Bukit Batok West Terra),Sat,20:00,13:00,1200,780,True,8:00pm - 1:00pm
Bukit Batok,Healthlife Family Clinic,Thurs,08:30,13:00,510,780,False,8:30am - 1:00pm
Bukit Batok,Healthlife Family Clinic,Fri,14:00,16:00,840,960,False,2:00pm - 4:00pm
Bukit Batok,Healthlife Family Clinic,Fri,18:00,21:00,1080,1260,False,6:00pm - 9:00pm
Bukit Batok,Healthlife Family Clinic,Sat,08:30,13:00,510,780,False,8:30am - 1:00pm
Bukit Batok,Healthlife Family Clinic,Sun,18:00,21:00,1080,1260,False,6:00pm - 9:00pm
Bukit Batok,Healthway Medical (Bukit Batok West),Mon,08:30,13:00,510,780,False,8:30am - 1:00pm
Bukit Batok,Healthway Medical (Bukit Batok West),Mon,14:00,17:00,840,1020,False,2:00pm - 5:00pm
Bukit Batok,Healthway Medical (Bukit Batok West),Mon,18:00,21:00,1080,1260,False,6:00pm - 9:00pm
Bukit Batok,Healthway Medical (Bukit Batok West),Tues,08:30,13:00,510,780,False,8:30am - 1:00pm
Bukit Batok,Healthway Medical (Bukit Batok West),Tues,14:00,17:00,840,1020,False,2:00pm - 5:00pm
Bukit Batok,Healthway Medical (Bukit Batok West),Wed,08:30,13:00,510,780,False,8:30am - 1:00pm
Bukit Batok,Healthway Medical (Bukit Batok West),Thurs,08:30,13:00,510,780,False,8:30am - 1:00pm
Bukit Batok,Healthway Medical (Bukit Batok West),Thurs,14:00,17:00,840,1020,False,2:00pm - 5:00pm
Bukit Batok,Healthway Medical (Bukit Batok West),Thurs,18:00,21:00,1080,1260,False,6:00pm - 9:00pm
Bukit Batok,Healthway Medical (Bukit Batok West),Fri,08:30,13:00,510,780,False,8:30am - 1:00pm
Bukit Batok,Healthway Medical (Bukit Batok West),Fri,14:00,17:00,840,1020,False,2:00pm - 5:00pm
Bukit Batok,Healthway Medical (Bukit Batok West),Sat,09:00,13:00,540,780,False,9:00am - 1:00pm
Bukit Batok,HeartlandHealth Bukit Batok,Mon,08:00,13:00,480,780,False,8:00am - 1:00pm
Bukit Batok,HeartlandHealth Bukit Batok,Mon,18:00,23:00,1080,1380,False,6:00pm - 11:00pm
Bukit Batok,HeartlandHealth Bukit Batok,Tues,08:00,13:00,480,780,False,8:00am - 1:00pm
Bukit Batok,HeartlandHealth Bukit Batok,Tues,18:00,23:00,1080,1380,False,6:00pm - 11:00pm
Bukit Batok,HeartlandHealth Bukit Batok,Wed,08:00,13:00,480,780,False,8:00am - 1:00pm
Bukit Batok,HeartlandHealth Bukit Batok,Wed,18:00,23:00,1080,1380,False,6:00pm - 11:00pm
Bukit Batok,HeartlandHealth Bukit Batok,Thurs,08:00,13:00,480,780,False,8:00am - 1:00pm
Bukit Batok,HeartlandHealth Bukit Batok,Thurs,18:00,23:00,1080,1380,False,6:00pm - 11:00pm
Bukit Batok,HeartlandHealth Bukit Batok,Fri,08:00,13:00,480,780,False,8:00am - 1:00pm
Bukit Batok,HeartlandHealth Bukit Batok,Fri,18:00,23:00,1080,1380,False,6:00pm - 11:00pm
Bukit Batok,HeartlandHealth Bukit Batok,Sat,08:00,13:00,480,780,False,8:00am - 1:00pm
Bukit Batok,HeartlandHealth Bukit Batok,Sat,18:00,23:00,1080,1380,False,6:00pm - 11:00pm
Bukit Batok,HeartlandHealth Bukit Batok,Sun,08:00,13:00,480,780,False,8:00am - 1:00pm
Bukit Batok,HeartlandHealth Bukit Batok,Sun,18:00,23:00,1080,1380,False,6:00pm - 11:00pm
Bukit Batok,HeartlandHealth Bukit Batok,PH,08:00,13:00,480,780,False,8:00am - 1:00pm
Bukit Batok,HeartlandHealth Bukit Batok,PH,18:00,23:00,1080,1380,False,6:00pm - 11:00pm
Bukit Batok,Health Partners Family Clinic,Mon,08:30,12:30,510,750,False,8:30am - 12:30pm
Bukit Batok,Health Partners Family Clinic,Mon,13:30,15:30,810,930,False,1:30pm - 3:30pm
Bukit Batok,Health Partners Family Clinic,Mon,18:30,21:00,1110,1260,False,6:30pm - 9:00pm
Bukit Batok,Health Partners Family Clinic,Tues,08:30,12:30,510,750,False,8:30am - 12:30pm
Bukit Batok,Health Partners Family Clinic,Tues,13:30,15:30,810,930,False,1:30pm - 3:30pm
Bukit Batok,Health Partners Family Clinic,Tues,18:30,21:00,1110,1260,False,6:30pm - 9:00pm
Bukit Batok,Health Partners Family Clinic,Wed,08:30,12:30,510,750,False,8:30am - 12:30pm
Bukit Batok,Health Partners Family Clinic,Wed,13:30,15:30,810,930,False,1:30pm - 3:30pm
Bukit Batok,Health Partners Family Clinic,Wed,18:30,21:00,1110,1260,False,6:30pm - 9:00pm
Bukit Batok,Health Partners Family Clinic,Thurs,08:30,12:30,510,750,False,8:30am - 12:30pm
Bukit Batok,Health Partners Family Clinic,Thurs,13:30,15:30,810,930,False,1:30pm - 3:30pm
Bukit Batok,Health Partners Family Clinic,Thurs,18:30,21:00,1110,1260,False,6:30pm - 9:00pm
Bukit Batok,Health Partners Family Clinic,Fri,08:30,12:30,510,750,False,8:30am - 12:30pm
Bukit Batok,Health Partners Family Clinic,Fri,13:30,15:30,810,930,False,1:30pm - 3:30pm
Bukit Batok,Health Partners Family Clinic,Fri,18:30,21:00,1110,1260,False,6:30pm - 9:00pm
Bukit Batok,Health Partners Family Clinic,Sat,08:30,12:30,510,750,False,8:30am - 12:30pm
Bukit Batok,Health Partners Family Clinic,Sun,21:30,13:30,1290,810,True,9:30pm - 1:30pm
Bukit Batok,Island Family Clinic (Bukit Batok),Mon,09:00,13:00,540,780,False,9:00am - 1:00pm
Bukit Batok,Island Family Clinic (Bukit Batok),Mon,18:00,22:00,1080,1320,False,6:00pm - 10:00pm
Bukit Batok,Island Family Clinic (Bukit Batok),Tues,09:00,13:00,540,780,False,9:00am - 1:00pm
Bukit Batok,Island Family Clinic (Bukit Batok),Tues,18:00,22:00,1080,1320,False,6:00pm - 10:00pm
Bukit Batok,Island Family Clinic (Bukit Batok),Wed,09:00,13:00,540,780,False,9:00am - 1:00pm
Bukit Batok,Island Family Clinic (Bukit Batok),Wed,18:00,22:00,1080,1320,False,6:00pm - 10:00pm
Bukit Batok,Island Family Clinic (Bukit Batok),Thurs,09:00,13:00,540,780,False,9:00am - 1:00pm
Bukit Batok,Island Family Clinic (Bukit Batok),Thurs,18:00,22:00,1080,1320,False,6:00pm - 10:00pm
Bukit Batok,Island Family Clinic (Bukit Batok),Fri,09:00,13:00,540,780,False,9:00am - 1:00pm
Bukit Batok,Island Family Clinic (Bukit Batok),Fri,18:00,22:00,1080,1320,False,6:00pm - 10:00pm
Bukit Batok,Island Family Clinic (Bukit Batok),Sat,09:00,13:00,540,780,False,9:00am - 1:00pm
Bukit Batok,Island Family Clinic (Bukit Batok),Sun,09:00,13:00,540,780,False,9:00am - 1:00pm
Bukit Batok,Island Family Clinic (Bukit Batok),PH,08:00,13:00,480,780,False,8:00am - 1:00pm
Bukit Batok,Lee & Koh Family Clinic,Mon,08:30,12:30,510,750,False,8:30am - 12:30pm
Bukit Batok,Lee & Koh Family Clinic,Mon,14:00,16:00,840,960,False,2:00pm - 4:00pm
Bukit Batok,Lee & Koh Family Clinic,Mon,19:00,21:00,1140,1260,False,7:00pm - 9:00pm
Bukit Batok,Lee & Koh Family Clinic,Tues,08:30,12:30,510,750,False,8:30am - 12:30pm
Bukit Batok,Lee & Koh Family Clinic,Tues,14:00,16:00,840,960,False,2:00pm - 4:00pm
Bukit Batok,Lee & Koh Family Clinic,Tues,19:00,21:00,1140,1260,False,7:00pm - 9:00pm
Bukit Batok,Lee & Koh Family Clinic,Wed,08:30,12:30,510,750,False,8:30am - 12:30pm
Bukit Batok,Lee & Koh Family Clinic,Wed,14:00,16:00,840,960,False,2:00pm - 4:00pm
Bukit Batok,Lee & Koh Family Clinic,Wed,19:00,21:00,1140,1260,False,7:00pm - 9:00pm
Bukit Batok,Lee & Koh Family Clinic,Thurs,08:30,12:30,510,750,False,8:30am - 12:30pm
Bukit Batok,Lee & Koh Family Clinic,Thurs,14:00,16:00,840,960,False,2:00pm - 4:00pm
Bukit Batok,Lee & Koh Family Clinic,Thurs,19:00,21:00,1140,1260,False,7:00pm - 9:00pm
Bukit Batok,Lee & Koh Family Clinic,Fri,08:30,12:30,510,750,False,8:30am - 12:30pm
Bukit Batok,Lee & Koh Family Clinic,Fri,14:00,16:00,840,960,False,2:00pm - 4:00pm
Bukit Batok,Lee & Koh Family Clinic,Fri,19:00,21:00,1140,1260,False,7:00pm - 9:00pm
Bukit Batok,Lee & Koh Family Clinic,Sat,08:30,12:30,510,750,False,8:30am - 12:30pm
Bukit Batok,Lee & Koh Family Clinic,Sun,09:00,12:00,540,720,False,9:00am - 12:00pm
Bukit Batok,Lee & Koh Family Clinic,PH,09:00,12:00,540,720,False,9:00am - 12:00pm
Bukit Batok,MD Family Clinic (Bukit Batok),Mon,08:00,13:00,480,780,False,8:00am - 1:00pm
Bukit Batok,MD Family Clinic (Bukit Batok),Mon,14:00,16:00,840,960,False,2:00pm - 4:00pm
Bukit Batok,MD Family Clinic (Bukit Batok),Mon,17:30,20:30,1050,1230,False,5:30pm - 8:30pm
Bukit Batok,MD Family Clinic (Bukit Batok),Tues,08:00,13:00,480,780,False,8:00am - 1:00pm
Bukit Batok,MD Family Clinic (Bukit Batok),Tues,14:00,16:00,840,960,False,2:00pm - 4:00pm
Bukit Batok,MD Family Clinic (Bukit Batok),Tues,17:30,20:30,1050,1230,False,5:30pm - 8:30pm
Bukit Batok,MD Family Clinic (Bukit Batok),Wed,08:00,13:00,480,780,False,8:00am - 1:00pm
Bukit Batok,MD Family Clinic (Bukit Batok),Wed,17:30,20:30,1050,1230,False,5:30pm - 8:30pm
Bukit Batok,MD Family Clinic (Bukit Batok),Thurs,08:00,13:00,480,780,False,8:00am - 1:00pm
Bukit Batok,MD Family Clinic (Bukit Batok),Thurs,17:30,20:30,1050,1230,False,5:30pm - 8:30pm
Bukit Batok,MD Family Clinic (Bukit Batok),Fri,08:00,13:00,480,780,False,8:00am - 1:00pm
Bukit Batok,MD Family Clinic (Bukit Batok),Fri,14:00,16:00,840,960,False,2:00pm - 4:00pm
Bukit Batok,MD Family Clinic (Bukit Batok),Sat,08:00,12:00,480,720,False,8:00am - 12:00pm
Bukit Batok,MD Family Clinic (Bukit Batok),Sun,08:00,12:00,480,720,False,8:00am - 12:00pm
Bukit Batok,MD Family Clinic (Bukit Batok),PH,09:30,12:30,570,750,False,9:30am - 12:30pm
Bukit Batok,Northeast Medical Group (Bukit Batok),Mon,08:00,13:00,480,780,False,8:00am - 1:00pm
Bukit Batok,Northeast Medical Group (Bukit Batok),Mon,14:00,22:00,840,1320,False,2:00pm - 10:00pm
Bukit Batok,Northeast Medical Group (Bukit Batok),Tues,08:00,13:00,480,780,False,8:00am - 1:00pm
Bukit Batok,Northeast Medical Group (Bukit Batok),Tues,14:00,22:00,840,1320,False,2:00pm - 10:00pm
Bukit Batok,Northeast Medical Group (Bukit Batok),Wed,08:00,13:00,480,780,False,8:00am - 1:00pm
Bukit Batok,Northeast Medical Group (Bukit Batok),Wed,14:00,22:00,840,1320,False,2:00pm - 10:00pm
Bukit Batok,Northeast Medical Group (Bukit Batok),Thurs,08:00,13:00,480,780,False,8:00am - 1:00pm
Bukit Batok,Northeast Medical Group (Bukit Batok),Thurs,14:00,22:00,840,1320,False,2:00pm - 10:00pm
Bukit Batok,Northeast Medical Group (Bukit Batok),Fri,08:00,13:00,480,780,False,8:00am - 1:00pm
Bukit Batok,Northeast Medical Group (Bukit Batok),Fri,14:00,22:00,840,1320,False,2:00pm - 10:00pm
Bukit Batok,Northeast Medical Group (Bukit Batok),Sat,08:00,13:00,480,780,False,8:00am - 1:00pm
Bukit Batok,Northeast Medical Group (Bukit Batok),Sun,08:00,13:00,480,780,False,8:00am - 1:00pm
Bukit Batok,Northeast Medical Group (Bukit Batok),PH,09:00,13:00,540,780,False,9:00am - 1:00pm
Bukit Batok,OneCare Clinic (Bukit Batok West),Mon,08:00,14:00,480,840,False,8:00am - 2:00pm
Bukit Batok,OneCare Clinic (Bukit Batok West),Mon,18:00,21:00,1080,1260,False,6:00pm - 9:00pm
Bukit Batok,OneCare Clinic (Bukit Batok West),Tues,08:00,14:00,480,840,False,8:00am - 2:00pm
Bukit Batok,OneCare Clinic (Bukit Batok West),Tues,18:00,21:00,1080,1260,False,6:00pm - 9:00pm
Bukit Batok,OneCare Clinic (Bukit Batok West),Wed,08:00,14:00,480,840,False,8:00am - 2:00pm
Bukit Batok,OneCare Clinic (Bukit Batok West),Wed,18:00,21:00,1080,1260,False,6:00pm - 9:00pm
Bukit Batok,OneCare Clinic (Bukit Batok West),Thurs,08:00,14:00,480,840,False,8:00am - 2:00pm
Bukit Batok,OneCare Clinic (Bukit Batok West),Thurs,18:00,21:00,1080,1260,False,6:00pm - 9:00pm
Bukit Batok,OneCare Clinic (Bukit Batok West),Fri,08:00,14:00,480,840,False,8:00am - 2:00pm
Bukit Batok,OneCare Clinic (Bukit Batok West),Fri,18:00,21:00,1080,1260,False,6:00pm - 9:00pm
Bukit Batok,OneCare Clinic (Bukit Batok West),Sat,09:00,12:00,540,720,False,9:00am - 12:00pm
Bukit Batok,OneCare Clinic (Bukit Batok West),Sun,09:00,12:00,540,720,False,9:00am - 12:00pm
Bukit Batok,Peak Medical West Plains,Mon,08:00,13:00,480,780,False,8:00am - 1:00pm
Bukit Batok,Peak Medical West Plains,Mon,18:00,22:00,1080,1320,False,6:00pm - 10:00pm
Bukit Batok,Peak Medical West Plains,Tues,08:00,13:00,480,780,False,8:00am - 1:00pm
Bukit Batok,Peak Medical West Plains,Tues,18:00,22:00,1080,1320,False,6:00pm - 10:00pm
Bukit Batok,Peak Medical West Plains,Wed,08:00,13:00,480,780,False,8:00am - 1:00pm
Bukit Batok,Peak Medical West Plains,Wed,18:00,22:00,1080,1320,False,6:00pm - 10:00pm
Bukit Batok,Peak Medical West Plains,Thurs,08:00,13:00,480,780,False,8:00am - 1:00pm
Bukit Batok,Peak Medical West Plains,Thurs,18:00,22:00,1080,1320,False,6:00pm - 10:00pm
Bukit Batok,Peak Medical West Plains,Fri,08:00,13:00,480,780,False,8:00am - 1:00pm
Bukit Batok,Peak Medical West Plains,Fri,18:00,22:00,1080,1320,False,6:00pm - 10:00pm
Bukit Batok,Peak Medical West Plains,Sat,08:00,13:00,480,780,False,8:00am - 1:00pm
Bukit Batok,Peak Medical West Plains,Sun,08:00,13:00,480,780,False,8:00am - 1:00pm
Bukit Batok,Peak Medical West Plains,PH,08:00,13:00,480,780,False,8:00am - 1:00pm
Bukit Batok,ProHealth Medical Group @ Bukit Batok,Sat,08:00,13:00,480,780,False,8:00am - 1:00pm
Bukit Batok,ProHealth Medical Group @ Bukit Batok,Sun,06:00,21:00,360,1260,False,6:00am - 9:00pm
Bukit Merah,Assure Family Clinic (Bukit Merah),Mon,09:00,17:30,540,1050,False,9:00am - 5:30pm
Bukit Merah,Assure Family Clinic (Bukit Merah),Mon,18:00,20:30,1080,1230,False,6:00pm - 8:30pm
Bukit Merah,Assure Family Clinic (Bukit Merah),Mon,09:00,17:30,540,1050,False,9:00am - 5:30pm
Bukit Merah,Assure Family Clinic (Bukit Merah),Sat,09:00,12:30,540,750,False,9:00am - 12:30pm
Bukit Merah,Bridgepoint Health (Jalan Bukit Merah Clinic),Mon,08:00,13:30,480,810,False,8:00am - 1:30pm
Bukit Merah,Bridgepoint Health (Jalan Bukit Merah Clinic),Wed,08:00,13:30,480,810,False,8:00am - 1:30pm
Bukit Merah,Bridgepoint Health (Jalan Bukit Merah Clinic),Sat,08:00,21:30,480,1290,False,8:00am - 9:30pm
Bukit Merah,Bukit Merah,Mon,08:30,13:30,510,810,False,8:30am - 1:30pm
Bukit Merah,Bukit Merah,Tues,08:30,13:30,510,810,False,8:30am - 1:30pm
Bukit Merah,Bukit Merah,Wed,08:30,13:30,510,810,False,8:30am - 1:30pm
Bukit Merah,Bukit Merah,Thurs,08:30,13:30,510,810,False,8:30am - 1:30pm
Bukit Merah,Family Clinic,Fri,08:30,13:30,510,810,False,8:30am - 1:30pm
Bukit Merah,Family Clinic,Fri,14:00,17:00,840,1020,False,2:00pm - 5:00pm
Bukit Merah,Family Clinic,Sat,08:30,12:30,510,750,False,8:30am - 12:30pm
Bukit Merah,Family Clinic,Sun,08:30,12:30,510,750,False,8:30am - 12:30pm
Bukit Merah,Chung & Ee Medical Clinic,Mon,09:00,13:00,540,780,False,9:00am - 1:00pm
Bukit Merah,Chung & Ee Medical Clinic,Tues,09:00,13:00,540,780,False,9:00am - 1:00pm
Bukit Merah,Chung & Ee Medical Clinic,Wed,09:00,13:00,540,780,False,9:00am - 1:00pm
Bukit Merah,Chung & Ee Medical Clinic,Thurs,15:00,17:30,900,1050,False,3:00pm - 5:30pm
Bukit Merah,Chung & Ee Medical Clinic,Thurs,18:30,20:00,1110,1200,False,6:30pm - 8:00pm
Bukit Merah,Chung & Ee Medical Clinic,Fri,15:00,17:30,900,1050,False,3:00pm - 5:30pm
Bukit Merah,Chung & Ee Medical Clinic,Fri,18:30,20:00,1110,1200,False,6:30pm - 8:00pm
Bukit Merah,Chung & Ee Medical Clinic,Sat,09:00,13:00,540,780,False,9:00am - 1:00pm
Bukit Merah,Health Partnership Medical Centre,Mon,08:30,11:00,510,660,False,8:30am - 11:00am
Bukit Merah,Health Partnership Medical Centre,Mon,12:30,16:00,750,960,False,12:30pm - 4:00pm
Bukit Merah,Health Partnership Medical Centre,Mon,18:00,20:00,1080,1200,False,6:00pm - 8:00pm
Bukit Merah,Health Partnership Medical Centre,Tues,08:30,11:00,510,660,False,8:30am - 11:00am
Bukit Merah,Health Partnership Medical Centre,Tues,12:30,16:00,750,960,False,12:30pm - 4:00pm
Bukit Merah,Health Partnership Medical Centre,Tues,18:00,20:00,1080,1200,False,6:00pm - 8:00pm
Bukit Merah,Health Partnership Medical Centre,Wed,08:30,11:00,510,660,False,8:30am - 11:00am
Bukit Merah,Health Partnership Medical Centre,Wed,12:30,16:00,750,960,False,12:30pm - 4:00pm
Bukit Merah,Health Partnership Medical Centre,Wed,18:00,20:00,1080,1200,False,6:00pm - 8:00pm
Bukit Merah,Health Partnership Medical Centre,Thurs,08:30,11:00,510,660,False,8:30am - 11:00am
Bukit Merah,Health Partnership Medical Centre,Thurs,12:30,16:00,750,960,False,12:30pm - 4:00pm
Bukit Merah,Health Partnership Medical Centre,Thurs,18:00,20:00,1080,1200,False,6:00pm - 8:00pm
Bukit Merah,Health Partnership Medical Centre,Fri,08:30,11:00,510,660,False,8:30am - 11:00am
Bukit Merah,Health Partnership Medical Centre,Fri,12:30,16:00,750,960,False,12:30pm - 4:00pm
Bukit Merah,Health Partnership Medical Centre,Fri,18:00,20:00,1080,1200,False,6:00pm - 8:00pm
Bukit Merah,Health Partnership Medical Centre,Sat,08:30,12:00,510,720,False,8:30am - 12:00pm
Bukit Merah,Health Partnership Medical Centre,Sun,08:30,12:00,510,720,False,8:30am - 12:00pm
Bukit Merah,Health Partnership Medical Centre,PH,08:30,12:00,510,720,False,8:30am - 12:00pm
Bukit Merah,Healthier GP Clinic,Mon,08:00,15:00,480,900,False,8:00am - 3:00pm
Bukit Merah,Healthier GP Clinic,Tues,08:00,13:00,480,780,False,8:00am - 1:00pm
Bukit Merah,Healthier GP Clinic,Tues,14:00,17:00,840,1020,False,2:00pm - 5:00pm
Bukit Merah,Healthier GP Clinic,Wed,08:00,13:00,480,780,False,8:00am - 1:00pm
Bukit Merah,Healthier GP Clinic,Wed,14:00,17:00,840,1020,False,2:00pm - 5:00pm
Bukit Merah,Healthier GP Clinic,Thurs,08:00,13:00,480,780,False,8:00am - 1:00pm
Bukit Merah,Healthier GP Clinic,Fri,08:00,13:00,480,780,False,8:00am - 1:00pm
Bukit Merah,HeartlandHealth (Telok Blangah),Mon,08:00,13:00,480,780,False,8:00am - 1:00pm
Bukit Merah,HeartlandHealth (Telok Blangah),Mon,18:00,23:00,1080,1380,False,6:00pm - 11:00pm
Bukit Merah,HeartlandHealth (Telok Blangah),Tues,08:00,13:00,480,780,False,8:00am - 1:00pm
Bukit Merah,HeartlandHealth (Telok Blangah),Tues,18:00,23:00,1080,1380,False,6:00pm - 11:00pm
Bukit Merah,HeartlandHealth (Telok Blangah),Wed,08:00,13:00,480,780,False,8:00am - 1:00pm
Bukit Merah,HeartlandHealth (Telok Blangah),Wed,18:00,23:00,1080,1380,False,6:00pm - 11:00pm
Bukit Merah,HeartlandHealth (Telok Blangah),Thurs,08:00,13:00,480,780,False,8:00am - 1:00pm
Bukit Merah,HeartlandHealth (Telok Blangah),Thurs,18:00,23:00,1080,1380,False,6:00pm - 11:00pm
Bukit Merah,HeartlandHealth (Telok Blangah),Fri,08:00,13:00,480,780,False,8:00am - 1:00pm
Bukit Merah,HeartlandHealth (Telok Blangah),Fri,18:00,23:00,1080,1380,False,6:00pm - 11:00pm
Bukit Merah,HeartlandHealth (Telok Blangah),Sat,08:00,13:00,480,780,False,8:00am - 1:00pm
Bukit Merah,HeartlandHealth (Telok Blangah),Sat,18:00,23:00,1080,1380,False,6:00pm - 11:00pm
Bukit Merah,HeartlandHealth (Telok Blangah),Sun,08:00,13:00,480,780,False,8:00am - 1:00pm
Bukit Merah,HeartlandHealth (Telok Blangah),Sun,18:00,23:00,1080,1380,False,6:00pm - 11:00pm
Bukit Merah,HeartlandHealth (Telok Blangah),PH,08:00,13:00,480,780,False,8:00am - 1:00pm
Bukit Merah,HeartlandHealth (Telok Blangah),PH,18:00,23:00,1080,1380,False,6:00pm - 11:00pm
Bukit Merah,Keppel Medical Group,Mon,09:00,12:30,540,750,False,9:00am - 12:30pm
Bukit Merah,Keppel Medical Group,Tues,09:00,12:30,540,750,False,9:00am - 12:30pm
Bukit Merah,Keppel Medical Group,Wed,09:00,12:30,540,750,False,9:00am - 12:30pm
Bukit Merah,Keppel Medical Group,Thurs,09:00,12:30,540,750,False,9:00am - 12:30pm
Bukit Merah,Keppel Medical Group,Fri,09:00,12:30,540,750,False,9:00am - 12:30pm
Bukit Merah,The Local Doctor Clinic,Mon,08:30,13:00,510,780,False,8:30am - 1:00pm
Bukit Merah,The Local Doctor Clinic,Mon,18:00,21:30,1080,1290,False,6:00pm - 9:30pm
Bukit Merah,The Local Doctor Clinic,Tues,08:30,12:30,510,750,False,8:30am - 12:30pm
Bukit Merah,The Local Doctor Clinic,Tues,13:30,17:30,810,1050,False,1:30pm - 5:30pm
Bukit Merah,The Local Doctor Clinic,Wed,08:30,13:00,510,780,False,8:30am - 1:00pm
Bukit Merah,The Local Doctor Clinic,Wed,18:00,21:30,1080,1290,False,6:00pm - 9:30pm
Bukit Merah,The Local Doctor Clinic,Thurs,08:30,12:30,510,750,False,8:30am - 12:30pm
Bukit Merah,The Local Doctor Clinic,Thurs,13:30,17:30,810,1050,False,1:30pm - 5:30pm
Bukit Merah,The Local Doctor Clinic,Fri,08:30,13:00,510,780,False,8:30am - 1:00pm
Bukit Merah,The Local Doctor Clinic,Fri,18:00,21:00,1080,1260,False,6:00pm - 9:00pm
Bukit Merah,Meridian Medical Centre,Mon,08:30,13:00,510,780,False,8:30am - 1:00pm
Bukit Merah,Meridian Medical Centre,Mon,14:00,16:30,840,990,False,2:00pm - 4:30pm
Bukit Merah,Meridian Medical Centre,Mon,18:00,20:00,1080,1200,False,6:00pm - 8:00pm
Bukit Merah,Meridian Medical Centre,Tues,08:30,13:00,510,780,False,8:30am - 1:00pm
Bukit Merah,Meridian Medical Centre,Tues,14:00,16:30,840,990,False,2:00pm - 4:30pm
Bukit Merah,Meridian Medical Centre,Tues,17:00,20:00,1020,1200,False,5:00pm - 8:00pm
Bukit Merah,Meridian Medical Centre,Wed,08:30,15:00,510,900,False,8:30am - 3:00pm
Bukit Merah,Meridian Medical Centre,Thurs,08:30,13:00,510,780,False,8:30am - 1:00pm
Bukit Merah,Meridian Medical Centre,Thurs,14:00,16:30,840,990,False,2:00pm - 4:30pm
Bukit Merah,Meridian Medical Centre,Thurs,18:00,20:00,1080,1200,False,6:00pm - 8:00pm
Bukit Merah,Meridian Medical Centre,Fri,08:30,13:00,510,780,False,8:30am - 1:00pm
Bukit Merah,Meridian Medical Centre,Fri,14:00,16:30,840,990,False,2:00pm - 4:30pm
Bukit Merah,Meridian Medical Centre,Sat,08:30,13:00,510,780,False,8:30am - 1:00pm
Bukit Merah,Meridian Medical Centre,Sun,09:00,12:30,540,750,False,9:00am - 12:30pm
Bukit Merah,New Health Family Clinic Pte Ltd,Mon,08:00,13:00,480,780,False,8:00am - 1:00pm
Bukit Merah,New Health Family Clinic Pte Ltd,Mon,18:00,19:30,1080,1170,False,6:00pm - 7:30pm
Bukit Merah,New Health Family Clinic Pte Ltd,Tues,08:00,13:00,480,780,False,8:00am - 1:00pm
Bukit Merah,New Health Family Clinic Pte Ltd,Tues,18:00,19:30,1080,1170,False,6:00pm - 7:30pm
Bukit Merah,New Health Family Clinic Pte Ltd,Wed,08:00,13:00,480,780,False,8:00am - 1:00pm
Bukit Merah,New Health Family Clinic Pte Ltd,Wed,18:00,19:30,1080,1170,False,6:00pm - 7:30pm
Bukit Merah,New Health Family Clinic Pte Ltd,Thurs,08:00,13:00,480,780,False,8:00am - 1:00pm
Bukit Merah,New Health Family Clinic Pte Ltd,Fri,08:00,13:00,480,780,False,8:00am - 1:00pm
Bukit Merah,New Health Family Clinic Pte Ltd,Sat,08:00,11:30,480,690,False,8:00am - 11:30am
Bukit Merah,Pancare Medical Clinic (Bukit Merah),Mon,08:00,13:00,480,780,False,8:00am - 1:00pm
Bukit Merah,Pancare Medical Clinic (Bukit Merah),Mon,14:00,17:00,840,1020,False,2:00pm - 5:00pm
Bukit Merah,Pancare Medical Clinic (Bukit Merah),Tues,08:00,13:00,480,780,False,8:00am - 1:00pm
Bukit Merah,Pancare Medical Clinic (Bukit Merah),Tues,14:00,17:00,840,1020,False,2:00pm - 5:00pm
Bukit Merah,Pancare Medical Clinic (Bukit Merah),Tues,18:00,21:00,1080,1260,False,6:00pm - 9:00pm
Bukit Merah,Pancare Medical Clinic (Bukit Merah),Wed,08:00,13:00,480,780,False,8:00am - 1:00pm
Bukit Merah,Pancare Medical Clinic (Bukit Merah),Thurs,08:00,13:00,480,780,False,8:00am - 1:00pm
Bukit Merah,Pancare Medical Clinic (Bukit Merah),Thurs,14:00,17:00,840,1020,False,2:00pm - 5:00pm
Bukit Merah,Pancare Medical Clinic (Bukit Merah),Thurs,18:00,21:00,1080,1260,False,6:00pm - 9:00pm
Bukit Merah,Pancare Medical Clinic (Bukit Merah),Fri,08:00,13:00,480,780,False,8:00am - 1:00pm
Bukit Merah,Pancare Medical Clinic (Bukit Merah),Sat,08:00,13:00,480,780,False,8:00am - 1:00pm
Bukit Panjang,Anchor Health Family Clinic,Mon,08:30,15:30,510,930,False,8:30am - 3:30pm
Bukit Panjang,Anchor Health Family Clinic,Mon,18:30,21:00,1110,1260,False,6:30pm - 9:00pm
Bukit Panjang,Anchor Health Family Clinic,Tues,08:30,15:30,510,930,False,8:30am - 3:30pm
Bukit Panjang,Anchor Health Family Clinic,Tues,18:30,21:00,1110,1260,False,6:30pm - 9:00pm
Bukit Panjang,Anchor Health Family Clinic,Wed,08:30,15:30,510,930,False,8:30am - 3:30pm
Bukit Panjang,Anchor Health Family Clinic,Wed,18:30,21:00,1110,1260,False,6:30pm - 9:00pm
Bukit Panjang,Anchor Health Family Clinic,Thurs,08:30,15:30,510,930,False,8:30am - 3:30pm
Bukit Panjang,Anchor Health Family Clinic,Thurs,18:30,21:00,1110,1260,False,6:30pm - 9:00pm
Bukit Panjang,Anchor Health Family Clinic,Fri,08:30,15:30,510,930,False,8:30am - 3:30pm
Bukit Panjang,Anchor Health Family Clinic,Sat,08:30,12:30,510,750,False,8:30am - 12:30pm
Bukit Panjang,Anchor Health Family Clinic,Sun,08:30,12:30,510,750,False,8:30am - 12:30pm
Bukit Panjang,Anchor Health Family Clinic,PH,08:30,12:30,510,750,False,8:30am - 12:30pm
Bukit Panjang,HealthMed Family Clinic (Bukit Panjang),Mon,08:30,13:00,510,780,False,8:30am - 1:00pm
Bukit Panjang,HealthMed Family Clinic (Bukit Panjang),Mon,18:30,21:30,1110,1290,False,6:30pm - 9:30pm
Bukit Panjang,HealthMed Family Clinic (Bukit Panjang),Tues,08:30,13:00,510,780,False,8:30am - 1:00pm
Bukit Panjang,HealthMed Family Clinic (Bukit Panjang),Tues,18:30,21:30,1110,1290,False,6:30pm - 9:30pm
Bukit Panjang,HealthMed Family Clinic (Bukit Panjang),Wed,08:30,13:00,510,780,False,8:30am - 1:00pm
Bukit Panjang,HealthMed Family Clinic (Bukit Panjang),Wed,18:30,21:30,1110,1290,False,6:30pm - 9:30pm
Bukit Panjang,HealthMed Family Clinic (Bukit Panjang),Thurs,08:30,13:00,510,780,False,8:30am - 1:00pm
Bukit Panjang,HealthMed Family Clinic (Bukit Panjang),Thurs,18:30,21:30,1110,1290,False,6:30pm - 9:30pm
Bukit Panjang,HealthMed Family Clinic (Bukit Panjang),Fri,08:30,13:00,510,780,False,8:30am - 1:00pm
Bukit Panjang,HealthMed Family Clinic (Bukit Panjang),Fri,18:30,21:30,1110,1290,False,6:30pm - 9:30pm
Bukit Panjang,HealthMed Family Clinic (Bukit Panjang),Sat,08:30,12:30,510,750,False,8:30am - 12:30pm
Bukit Panjang,HealthMed Family Clinic (Bukit Panjang),Sun,08:30,12:30,510,750,False,8:30am - 12:30pm
Bukit Panjang,Healthway Medical (Bukit Panjang),Mon,08:30,13:00,510,780,False,8:30am - 1:00pm
Bukit Panjang,Healthway Medical (Bukit Panjang),Mon,14:00,17:00,840,1020,False,2:00pm - 5:00pm
Bukit Panjang,Healthway Medical (Bukit Panjang),Mon,18:00,21:00,1080,1260,False,6:00pm - 9:00pm
Bukit Panjang,Healthway Medical (Bukit Panjang),Tues,08:30,13:00,510,780,False,8:30am - 1:00pm
Bukit Panjang,Healthway Medical (Bukit Panjang),Tues,14:00,17:00,840,1020,False,2:00pm - 5:00pm
Bukit Panjang,Healthway Medical (Bukit Panjang),Wed,08:30,13:00,510,780,False,8:30am - 1:00pm
Bukit Panjang,Healthway Medical (Bukit Panjang),Wed,14:00,17:00,840,1020,False,2:00pm - 5:00pm
Bukit Panjang,Healthway Medical (Bukit Panjang),Thurs,08:30,13:00,510,780,False,8:30am - 1:00pm
Bukit Panjang,Healthway Medical (Bukit Panjang),Thurs,14:00,17:00,840,1020,False,2:00pm - 5:00pm
Bukit Panjang,Healthway Medical (Bukit Panjang),Thurs,18:00,21:00,1080,1260,False,6:00pm - 9:00pm
Bukit Panjang,Healthway Medical (Bukit Panjang),Fri,08:30,13:00,510,780,False,8:30am - 1:00pm
Bukit Panjang,Healthway Medical (Bukit Panjang),Sat,08:30,13:00,510,780,False,8:30am - 1:00pm
Bukit Panjang,Healthway Medical (Fajar),Mon,08:30,12:30,510,750,False,8:30am - 12:30pm
Bukit Panjang,Healthway Medical (Fajar),Mon,14:30,16:30,870,990,False,2:30pm - 4:30pm
Bukit Panjang,Healthway Medical (Fajar),Mon,18:00,20:00,1080,1200,False,6:00pm - 8:00pm
Bukit Panjang,Healthway Medical (Fajar),Tues,08:30,12:30,510,750,False,8:30am - 12:30pm
Bukit Panjang,Healthway Medical (Fajar),Wed,08:30,12:30,510,750,False,8:30am - 12:30pm
Bukit Panjang,Healthway Medical (Fajar),Wed,14:30,16:30,870,990,False,2:30pm - 4:30pm
Bukit Panjang,Healthway Medical (Fajar),Wed,18:00,20:00,1080,1200,False,6:00pm - 8:00pm
Bukit Panjang,Healthway Medical (Fajar),Thurs,08:30,12:30,510,750,False,8:30am - 12:30pm
Bukit Panjang,Healthway Medical (Fajar),Fri,14:30,16:30,870,990,False,2:30pm - 4:30pm
Bukit Panjang,Healthway Medical (Fajar),Sat,08:30,12:30,510,750,False,8:30am - 12:30pm
Bukit Panjang,Lifecare Family Clinic,Mon,08:00,12:00,480,720,False,8:00am - 12:00pm
Bukit Panjang,Lifecare Family Clinic,Mon,18:00,21:00,1080,1260,False,6:00pm - 9:00pm
Bukit Panjang,Lifecare Family Clinic,Tues,08:00,12:00,480,720,False,8:00am - 12:00pm
Bukit Panjang,Lifecare Family Clinic,Wed,08:00,12:00,480,720,False,8:00am - 12:00pm
Bukit Panjang,Lifecare Family Clinic,Wed,18:00,21:00,1080,1260,False,6:00pm - 9:00pm
Bukit Panjang,Lifecare Family Clinic,Thurs,08:00,12:00,480,720,False,8:00am - 12:00pm
Bukit Panjang,OneCare Clinic (Bangkit),Mon,08:00,16:00,480,960,False,8:00am - 4:00pm
Bukit Panjang,OneCare Clinic (Bangkit),Mon,17:00,22:00,1020,1320,False,5:00pm - 10:00pm
Bukit Panjang,OneCare Clinic (Bangkit),Tues,08:00,16:00,480,960,False,8:00am - 4:00pm
Bukit Panjang,OneCare Clinic (Bangkit),Tues,17:00,22:00,1020,1320,False,5:00pm - 10:00pm
Bukit Panjang,OneCare Clinic (Bangkit),Wed,08:00,16:00,480,960,False,8:00am - 4:00pm
Bukit Panjang,OneCare Clinic (Bangkit),Wed,17:00,22:00,1020,1320,False,5:00pm - 10:00pm
Bukit Panjang,OneCare Clinic (Bangkit),Thurs,08:00,16:00,480,960,False,8:00am - 4:00pm
Bukit Panjang,OneCare Clinic (Bangkit),Thurs,17:00,22:00,1020,1320,False,5:00pm - 10:00pm
Bukit Panjang,OneCare Clinic (Bangkit),Fri,08:00,16:00,480,960,False,8:00am - 4:00pm
Bukit Panjang,OneCare Clinic (Bangkit),Fri,17:00,22:00,1020,1320,False,5:00pm - 10:00pm
Bukit Panjang,OneCare Clinic (Bangkit),Sat,08:00,16:00,480,960,False,8:00am - 4:00pm
Bukit Panjang,OneCare Clinic (Bangkit),Sat,17:00,22:00,1020,1320,False,5:00pm - 10:00pm
Bukit Panjang,OneCare Clinic (Bangkit),Sun,08:00,16:00,480,960,False,8:00am - 4:00pm
Bukit Panjang,OneCare Clinic (Bangkit),Sun,17:00,22:00,1020,1320,False,5:00pm - 10:00pm
Bukit Panjang,OneCare Clinic (Senja 642),Mon,08:00,15:00,480,900,False,8:00am - 3:00pm
Bukit Panjang,OneCare Clinic (Senja 642),Mon,17:30,21:30,1050,1290,False,5:30pm - 9:30pm
Bukit Panjang,OneCare Clinic (Senja 642),Tues,08:00,15:00,480,900,False,8:00am - 3:00pm
Bukit Panjang,OneCare Clinic (Senja 642),Tues,17:30,21:30,1050,1290,False,5:30pm - 9:30pm
Bukit Panjang,OneCare Clinic (Senja 642),Wed,08:00,15:00,480,900,False,8:00am - 3:00pm
Bukit Panjang,OneCare Clinic (Senja 642),Wed,17:30,21:30,1050,1290,False,5:30pm - 9:30pm
Bukit Panjang,OneCare Clinic (Senja 642),Thurs,08:00,15:00,480,900,False,8:00am - 3:00pm
Bukit Panjang,OneCare Clinic (Senja 642),Thurs,17:30,21:30,1050,1290,False,5:30pm - 9:30pm
Bukit Panjang,OneCare Clinic (Senja 642),Fri,08:00,15:00,480,900,False,8:00am - 3:00pm
Bukit Panjang,OneCare Clinic (Senja 642),Sat,08:00,13:00,480,780,False,8:00am - 1:00pm
Bukit Panjang,OneCare Clinic (Senja 642),Sun,08:00,13:00,480,780,False,8:00am - 1:00pm
Bukit Panjang,OneCare Clinic Senja 643,Mon,08:00,13:00,480,780,False,8:00am - 1:00pm
Bukit Panjang,OneCare Clinic Senja 643,Tues,08:00,13:00,480,780,False,8:00am - 1:00pm
Bukit Panjang,OneCare Clinic Senja 643,Wed,08:00,13:00,480,780,False,8:00am - 1:00pm
Bukit Panjang,OneCare Clinic Senja 643,Thurs,18:00,21:00,1080,1260,False,6:00pm - 9:00pm
Bukit Panjang,OneCare Clinic Senja 643,Fri,18:00,21:00,1080,1260,False,6:00pm - 9:00pm
Bukit Panjang,OneCare Clinic Senja 643,Sat,18:00,21:00,1080,1260,False,6:00pm - 9:00pm
Bukit Panjang,OneCare Clinic Senja 643,Sun,18:00,21:00,1080,1260,False,6:00pm - 9:00pm
Bukit Panjang,OneCare Clinic Bukit Panjang Segar,Mon,08:00,15:00,480,900,False,8:00am - 3:00pm
Bukit Panjang,OneCare Clinic Bukit Panjang Segar,Mon,17:00,22:00,1020,1320,False,5:00pm - 10:00pm
Bukit Panjang,OneCare Clinic Bukit Panjang Segar,Tues,08:00,15:00,480,900,False,8:00am - 3:00pm
Bukit Panjang,OneCare Clinic Bukit Panjang Segar,Tues,17:00,21:30,1020,1290,False,5:00pm - 9:30pm
Bukit Panjang,OneCare Clinic Bukit Panjang Segar,Wed,08:00,15:00,480,900,False,8:00am - 3:00pm
Bukit Panjang,OneCare Clinic Bukit Panjang Segar,Wed,17:00,21:30,1020,1290,False,5:00pm - 9:30pm
Bukit Panjang,OneCare Clinic Bukit Panjang Segar,Thurs,08:00,15:00,480,900,False,8:00am - 3:00pm
Bukit Panjang,OneCare Clinic Bukit Panjang Segar,Thurs,17:00,21:30,1020,1290,False,5:00pm - 9:30pm
Bukit Panjang,OneCare Clinic Bukit Panjang Segar,Fri,08:00,15:00,480,900,False,8:00am - 3:00pm
Bukit Panjang,OneCare Clinic Bukit Panjang Segar,Fri,17:00,21:30,1020,1290,False,5:00pm - 9:30pm
Bukit Panjang,OneCare Clinic Bukit Panjang Segar,Sat,08:00,15:00,480,900,False,8:00am - 3:00pm
Bukit Panjang,OneCare Clinic Bukit Panjang Segar,Sat,18:00,21:30,1080,1290,False,6:00pm - 9:30pm
Bukit Panjang,OneCare Clinic Bukit Panjang Segar,Sun,08:00,15:00,480,900,False,8:00am - 3:00pm
Bukit Panjang,OneCare Clinic Bukit Panjang Segar,Sun,18:00,21:30,1080,1290,False,6:00pm - 9:30pm
Bukit Panjang,Petir Family Clinic,Mon,08:30,13:30,510,810,False,8:30am - 1:30pm
Bukit Panjang,Petir Family Clinic,Tues,08:30,13:30,510,810,False,8:30am - 1:30pm
Bukit Panjang,Petir Family Clinic,Wed,08:30,13:30,510,810,False,8:30am - 1:30pm
Bukit Panjang,Petir Family Clinic,Thurs,08:30,13:30,510,810,False,8:30am - 1:30pm
Bukit Panjang,RC’S Family Clinic,Mon,08:00,15:00,480,900,False,8:00am - 3:00pm
Bukit Panjang,RC’S Family Clinic,Tues,08:00,15:00,480,900,False,8:00am - 3:00pm
Bukit Panjang,RC’S Family Clinic,Wed,08:00,15:00,480,900,False,8:00am - 3:00pm
Bukit Panjang,RC’S Family Clinic,Thurs,18:30,21:30,1110,1290,False,6:30pm - 9:30pm
Bukit Panjang,RC’S Family Clinic,Fri,08:00,15:00,480,900,False,8:00am - 3:00pm
Bukit Panjang,RC’S Family Clinic,Sat,08:00,13:00,480,780,False,8:00am - 1:00pm
Bukit Panjang,RC’S Family Clinic,Sun,17:30,21:30,1050,1290,False,5:30pm - 9:30pm
Bukit Panjang,Sunbeam Medical Clinic,Mon,08:30,14:00,510,840,False,8:30am - 2:00pm
Bukit Panjang,Sunbeam Medical Clinic,Mon,18:00,22:00,1080,1320,False,6:00pm - 10:00pm
Bukit Panjang,Sunbeam Medical Clinic,Tues,08:30,14:00,510,840,False,8:30am - 2:00pm
Bukit Panjang,Sunbeam Medical Clinic,Tues,18:00,22:00,1080,1320,False,6:00pm - 10:00pm
Bukit Panjang,Sunbeam Medical Clinic,Wed,08:30,14:00,510,840,False,8:30am - 2:00pm
Bukit Panjang,Sunbeam Medical Clinic,Wed,18:00,22:00,1080,1320,False,6:00pm - 10:00pm
Bukit Panjang,Sunbeam Medical Clinic,Thurs,08:30,14:00,510,840,False,8:30am - 2:00pm
Bukit Panjang,Sunbeam Medical Clinic,Thurs,18:00,22:00,1080,1320,False,6:00pm - 10:00pm
Bukit Panjang,Sunbeam Medical Clinic,Fri,08:30,14:00,510,840,False,8:30am - 2:00pm
Bukit Panjang,Sunbeam Medical Clinic,Fri,18:00,22:00,1080,1320,False,6:00pm - 10:00pm
Bukit Panjang,Sunbeam Medical Clinic,Sat,08:30,13:00,510,780,False,8:30am - 1:00pm
Bukit Panjang,Sunbeam Medical Clinic,Sun,08:30,13:00,510,780,False,8:30am - 1:00pm
Bukit Timah,Chang Clinic,Mon,08:30,12:30,510,750,False,8:30am - 12:30pm
Bukit Timah,Chang Clinic,Tues,08:30,12:30,510,750,False,8:30am - 12:30pm
Bukit Timah,Chang Clinic,Wed,08:30,12:30,510,750,False,8:30am - 12:30pm
Bukit Timah,Chang Clinic,Thurs,14:00,17:30,840,1050,False,2:00pm - 5:30pm
Bukit Timah,Chang Clinic,Fri,14:00,17:30,840,1050,False,2:00pm - 5:30pm
Bukit Timah,Chang Clinic,Sat,08:30,11:30,510,690,False,8:30am - 11:30am
Bukit Timah,Doctor W Clinic,Mon,08:30,12:00,510,720,False,8:30am - 12:00pm
Bukit Timah,Doctor W Clinic,Tues,08:30,12:00,510,720,False,8:30am - 12:00pm
Bukit Timah,Doctor W Clinic,Wed,08:30,12:00,510,720,False,8:30am - 12:00pm
Bukit Timah,Doctor W Clinic,Thurs,08:30,12:00,510,720,False,8:30am - 12:00pm
Bukit Timah,Doctor W Clinic,Fri,08:30,12:00,510,720,False,8:30am - 12:00pm
Bukit Timah,Doctor W Clinic,Sat,08:30,12:00,510,720,False,8:30am - 12:00pm
Bukit Timah,Healthway Medical (Bukit Timah),Fri,08:30,13:00,510,780,False,8:30am - 1:00pm
Bukit Timah,Healthway Medical (Bukit Timah),Fri,14:00,17:00,840,1020,False,2:00pm - 5:00pm
Bukit Timah,Healthway Medical (Bukit Timah),Sat,14:00,17:00,840,1020,False,2:00pm - 5:00pm
Bukit Timah,Healthway Medical (Bukit Timah),Sat,18:00,21:00,1080,1260,False,6:00pm - 9:00pm
Bukit Timah,Healthway Medical (Bukit Timah),Sun,08:30,13:00,510,780,False,8:30am - 1:00pm
Bukit Timah,Healthway Medical (Bukit Timah),Sun,14:00,17:00,840,1020,False,2:00pm - 5:00pm
Bukit Timah,Healthway Medical (Bukit Timah),PH,08:30,13:00,510,780,False,8:30am - 1:00pm
Bukit Timah,Healthway Medical (Bukit Timah),PH,14:00,17:00,840,1020,False,2:00pm - 5:00pm
Bukit Timah,My Clinic,Mon,09:30,13:00,570,780,False,9:30am - 1:00pm
Bukit Timah,My Clinic,Mon,14:30,17:00,870,1020,False,2:30pm - 5:00pm
Bukit Timah,My Clinic,Tues,09:30,13:00,570,780,False,9:30am - 1:00pm
Bukit Timah,My Clinic,Tues,14:30,17:00,870,1020,False,2:30pm - 5:00pm
Bukit Timah,My Clinic,Wed,09:30,13:00,570,780,False,9:30am - 1:00pm
Bukit Timah,My Clinic,Wed,14:30,17:00,870,1020,False,2:30pm - 5:00pm
Bukit Timah,My Clinic,Thurs,09:30,13:00,570,780,False,9:30am - 1:00pm
Bukit Timah,My Clinic,Thurs,14:30,17:00,870,1020,False,2:30pm - 5:00pm
Bukit Timah,My Clinic,Fri,09:30,13:00,570,780,False,9:30am - 1:00pm
Bukit Timah,My Clinic,Fri,14:30,17:00,870,1020,False,2:30pm - 5:00pm
Bukit Timah,My Clinic,Sat,09:30,13:00,570,780,False,9:30am - 1:00pm
Bukit Timah,Oaklife Family Clinic (Upper Bukit Timah) **Opening on 27 Jul 2026,Mon,08:30,13:00,510,780,False,8:30am - 1:00pm
Bukit Timah,Oaklife Family Clinic (Upper Bukit Timah) **Opening on 27 Jul 2026,Mon,14:30,20:30,870,1230,False,2:30pm - 8:30pm
Bukit Timah,Oaklife Family Clinic (Upper Bukit Timah) **Opening on 27 Jul 2026,Tues,08:30,13:00,510,780,False,8:30am - 1:00pm
Bukit Timah,Oaklife Family Clinic (Upper Bukit Timah) **Opening on 27 Jul 2026,Tues,14:30,20:30,870,1230,False,2:30pm - 8:30pm
Bukit Timah,Oaklife Family Clinic (Upper Bukit Timah) **Opening on 27 Jul 2026,Wed,08:30,13:00,510,780,False,8:30am - 1:00pm
Bukit Timah,Oaklife Family Clinic (Upper Bukit Timah) **Opening on 27 Jul 2026,Wed,14:30,20:30,870,1230,False,2:30pm - 8:30pm
Bukit Timah,Oaklife Family Clinic (Upper Bukit Timah) **Opening on 27 Jul 2026,Thurs,08:30,13:00,510,780,False,8:30am - 1:00pm
Bukit Timah,Oaklife Family Clinic (Upper Bukit Timah) **Opening on 27 Jul 2026,Thurs,14:30,20:30,870,1230,False,2:30pm - 8:30pm
Bukit Timah,Oaklife Family Clinic (Upper Bukit Timah) **Opening on 27 Jul 2026,Fri,08:30,13:00,510,780,False,8:30am - 1:00pm
Bukit Timah,Oaklife Family Clinic (Upper Bukit Timah) **Opening on 27 Jul 2026,Fri,14:30,20:30,870,1230,False,2:30pm - 8:30pm
Bukit Timah,Oaklife Family Clinic (Upper Bukit Timah) **Opening on 27 Jul 2026,Sun,17:00,20:30,1020,1230,False,5:00pm - 8:30pm
Bukit Timah,Our Bukit Timah,Mon,09:00,15:00,540,900,False,9:00am - 3:00pm
Bukit Timah,Our Bukit Timah,Tues,09:00,15:00,540,900,False,9:00am - 3:00pm
Bukit Timah,Our Bukit Timah,Wed,09:00,15:00,540,900,False,9:00am - 3:00pm
Bukit Timah,Our Bukit Timah,Thurs,09:00,15:00,540,900,False,9:00am - 3:00pm
Bukit Timah,Our Bukit Timah,Fri,09:00,15:00,540,900,False,9:00am - 3:00pm
Bukit Timah,Family Clinic,Sun,17:30,21:00,1050,1260,False,5:30pm - 9:00pm
Bukit Timah,Parkway Shenton Medical Group (Toh Yi),Mon,08:30,13:00,510,780,False,8:30am - 1:00pm
Bukit Timah,Parkway Shenton Medical Group (Toh Yi),Mon,14:00,17:30,840,1050,False,2:00pm - 5:30pm
Bukit Timah,Parkway Shenton Medical Group (Toh Yi),Tues,08:30,13:00,510,780,False,8:30am - 1:00pm
Bukit Timah,Parkway Shenton Medical Group (Toh Yi),Tues,14:00,17:30,840,1050,False,2:00pm - 5:30pm
Bukit Timah,Parkway Shenton Medical Group (Toh Yi),Wed,08:30,13:00,510,780,False,8:30am - 1:00pm
Bukit Timah,Parkway Shenton Medical Group (Toh Yi),Wed,14:00,17:30,840,1050,False,2:00pm - 5:30pm
Bukit Timah,Parkway Shenton Medical Group (Toh Yi),Thurs,08:30,13:00,510,780,False,8:30am - 1:00pm
Bukit Timah,Parkway Shenton Medical Group (Toh Yi),Thurs,14:00,17:30,840,1050,False,2:00pm - 5:30pm
Bukit Timah,Parkway Shenton Medical Group (Toh Yi),Fri,08:30,13:00,510,780,False,8:30am - 1:00pm
Bukit Timah,Parkway Shenton Medical Group (Toh Yi),Fri,14:00,17:30,840,1050,False,2:00pm - 5:30pm
Bukit Timah,Parkway Shenton Medical Group (Toh Yi),Sat,08:30,12:30,510,750,False,8:30am - 12:30pm
Bukit Timah,Phoenix Medical Group (Hillview),Mon,09:00,16:30,540,990,False,9:00am - 4:30pm
Bukit Timah,Phoenix Medical Group (Hillview),Mon,18:00,20:30,1080,1230,False,6:00pm - 8:30pm
Bukit Timah,Phoenix Medical Group (Hillview),Tues,09:00,16:30,540,990,False,9:00am - 4:30pm
Bukit Timah,Phoenix Medical Group (Hillview),Tues,18:00,20:30,1080,1230,False,6:00pm - 8:30pm
Bukit Timah,Phoenix Medical Group (Hillview),Wed,09:00,16:30,540,990,False,9:00am - 4:30pm
Bukit Timah,Phoenix Medical Group (Hillview),Wed,18:00,20:30,1080,1230,False,6:00pm - 8:30pm
Bukit Timah,Phoenix Medical Group (Hillview),Thurs,09:00,16:30,540,990,False,9:00am - 4:30pm
Bukit Timah,Phoenix Medical Group (Hillview),Thurs,18:00,20:30,1080,1230,False,6:00pm - 8:30pm
Bukit Timah,Phoenix Medical Group (Hillview),Fri,09:00,16:30,540,990,False,9:00am - 4:30pm
Bukit Timah,Phoenix Medical Group (Hillview),Fri,18:00,20:30,1080,1230,False,6:00pm - 8:30pm
Bukit Timah,Phoenix Medical Group (Hillview),Sat,09:00,13:30,540,810,False,9:00am - 1:30pm
Bukit Timah,Phoenix Medical Group (Hillview),Sun,14:00,20:30,840,1230,False,2:00pm - 8:30pm
Bukit Timah,Silver Cross Bukit Timah,Mon,08:00,13:00,480,780,False,8:00am - 1:00pm
Bukit Timah,Silver Cross Bukit Timah,Mon,14:00,21:00,840,1260,False,2:00pm - 9:00pm
Bukit Timah,Silver Cross Bukit Timah,Tues,08:00,13:00,480,780,False,8:00am - 1:00pm
Bukit Timah,Silver Cross Bukit Timah,Tues,14:00,21:00,840,1260,False,2:00pm - 9:00pm
Bukit Timah,Silver Cross Bukit Timah,Wed,08:00,13:00,480,780,False,8:00am - 1:00pm
Bukit Timah,Silver Cross Bukit Timah,Wed,14:00,21:00,840,1260,False,2:00pm - 9:00pm
Bukit Timah,Silver Cross Bukit Timah,Thurs,08:00,13:00,480,780,False,8:00am - 1:00pm
Bukit Timah,Silver Cross Bukit Timah,Thurs,14:00,21:00,840,1260,False,2:00pm - 9:00pm
Bukit Timah,Silver Cross Bukit Timah,Fri,08:00,13:00,480,780,False,8:00am - 1:00pm
Bukit Timah,Silver Cross Bukit Timah,Fri,14:00,21:00,840,1260,False,2:00pm - 9:00pm
Bukit Timah,Silver Cross Bukit Timah,Sat,08:00,13:00,480,780,False,8:00am - 1:00pm
Bukit Timah,Silver Cross Bukit Timah,Sat,14:00,21:00,840,1260,False,2:00pm - 9:00pm
Bukit Timah,Silver Cross Bukit Timah,Sun,08:00,13:00,480,780,False,8:00am - 1:00pm
Bukit Timah,Silver Cross Bukit Timah,Sun,14:00,17:00,840,1020,False,2:00pm - 5:00pm
Bukit Timah,Silver Cross Bukit Timah,PH,08:00,13:00,480,780,False,8:00am - 1:00pm
Bukit Timah,Silver Cross Bukit Timah,PH,14:00,17:00,840,1020,False,2:00pm - 5:00pm
Bukit Timah,Tang Family Clinic,Mon,09:00,16:00,540,960,False,9:00am - 4:00pm
Bukit Timah,Tang Family Clinic,Tues,09:00,16:00,540,960,False,9:00am - 4:00pm
Bukit Timah,Tang Family Clinic,Wed,09:00,16:00,540,960,False,9:00am - 4:00pm
Bukit Timah,Tang Family Clinic,Thurs,09:00,16:00,540,960,False,9:00am - 4:00pm
Bukit Timah,Tang Family Clinic,Fri,09:00,16:00,540,960,False,9:00am - 4:00pm
Bukit Timah,Tang Family Clinic,Sat,09:00,14:30,540,870,False,9:00am - 2:30pm
Buona Vista,Osler Health International @ Star Vista,Mon,08:30,17:30,510,1050,False,8:30am - 5:30pm
Buona Vista,Osler Health International @ Star Vista,Tues,08:30,17:30,510,1050,False,8:30am - 5:30pm
Buona Vista,Osler Health International @ Star Vista,Wed,08:30,17:30,510,1050,False,8:30am - 5:30pm
Buona Vista,Osler Health International @ Star Vista,Thurs,08:30,17:30,510,1050,False,8:30am - 5:30pm
Buona Vista,Osler Health International @ Star Vista,Fri,08:30,17:30,510,1050,False,8:30am - 5:30pm
Buona Vista,Osler Health International @ Star Vista,Sat,08:30,13:00,510,780,False,8:30am - 1:00pm
Buona Vista,Cornerstone Medical,Mon,09:00,15:00,540,900,False,9:00am - 3:00pm
Buona Vista,Cornerstone Medical,Tues,09:00,15:00,540,900,False,9:00am - 3:00pm
Buona Vista,Cornerstone Medical,Wed,09:00,13:00,540,780,False,9:00am - 1:00pm
Buona Vista,Cornerstone Medical,Fri,18:00,21:00,1080,1260,False,6:00pm - 9:00pm
Buona Vista,Cornerstone Medical,Fri,09:00,15:00,540,900,False,9:00am - 3:00pm
Buona Vista,Cornerstone Medical,Fri,09:00,13:00,540,780,False,9:00am - 1:00pm
Buona Vista,Cornerstone Medical,Sat,18:00,21:00,1080,1260,False,6:00pm - 9:00pm
Buona Vista,Keystone Clinic &,Mon,08:00,20:00,480,1200,False,8:00am - 8:00pm
Buona Vista,Keystone Clinic &,Tues,08:00,20:00,480,1200,False,8:00am - 8:00pm
Buona Vista,Keystone Clinic &,Wed,08:00,20:00,480,1200,False,8:00am - 8:00pm
Buona Vista,Keystone Clinic &,Thurs,08:00,20:00,480,1200,False,8:00am - 8:00pm
Buona Vista,Keystone Clinic &,Fri,08:00,20:00,480,1200,False,8:00am - 8:00pm
Buona Vista,Keystone Clinic &,Sat,08:00,20:00,480,1200,False,8:00am - 8:00pm
Buona Vista,Keystone Clinic &,Sun,08:00,20:00,480,1200,False,8:00am - 8:00pm
Buona Vista,Northeast Medical Group (Buona Vista),Mon,08:00,13:30,480,810,False,8:00am - 1:30pm
Buona Vista,Northeast Medical Group (Buona Vista),Mon,14:30,17:30,870,1050,False,2:30pm - 5:30pm
Buona Vista,Northeast Medical Group (Buona Vista),Mon,18:30,21:30,1110,1290,False,6:30pm - 9:30pm
Buona Vista,Northeast Medical Group (Buona Vista),Tues,08:00,13:30,480,810,False,8:00am - 1:30pm
Buona Vista,Northeast Medical Group (Buona Vista),Tues,14:30,17:30,870,1050,False,2:30pm - 5:30pm
Buona Vista,Northeast Medical Group (Buona Vista),Tues,18:30,21:30,1110,1290,False,6:30pm - 9:30pm
Buona Vista,Northeast Medical Group (Buona Vista),Wed,08:00,13:30,480,810,False,8:00am - 1:30pm
Buona Vista,Northeast Medical Group (Buona Vista),Wed,14:30,17:30,870,1050,False,2:30pm - 5:30pm
Buona Vista,Northeast Medical Group (Buona Vista),Wed,18:30,21:30,1110,1290,False,6:30pm - 9:30pm
Buona Vista,Northeast Medical Group (Buona Vista),Thurs,08:00,13:30,480,810,False,8:00am - 1:30pm
Buona Vista,Northeast Medical Group (Buona Vista),Thurs,14:30,17:30,870,1050,False,2:30pm - 5:30pm
Buona Vista,Northeast Medical Group (Buona Vista),Thurs,18:30,21:30,1110,1290,False,6:30pm - 9:30pm
Buona Vista,Northeast Medical Group (Buona Vista),Fri,08:00,13:30,480,810,False,8:00am - 1:30pm
Buona Vista,Northeast Medical Group (Buona Vista),Fri,14:30,17:30,870,1050,False,2:30pm - 5:30pm
Buona Vista,Northeast Medical Group (Buona Vista),Sat,08:00,13:30,480,810,False,8:00am - 1:30pm
Buona Vista,Northeast Medical Group (Buona Vista),Sun,08:00,13:30,480,810,False,8:00am - 1:30pm
Chinatown,Huan Clinic,Mon,09:00,13:00,540,780,False,9:00am - 1:00pm
Chinatown,Huan Clinic,Mon,14:00,15:00,840,900,False,2:00pm - 3:00pm
Chinatown,Huan Clinic,Tues,09:00,13:00,540,780,False,9:00am - 1:00pm
Chinatown,Huan Clinic,Tues,14:00,15:00,840,900,False,2:00pm - 3:00pm
Chinatown,Huan Clinic,Wed,09:00,13:00,540,780,False,9:00am - 1:00pm
Chinatown,Huan Clinic,Wed,14:00,15:00,840,900,False,2:00pm - 3:00pm
Chinatown,Huan Clinic,Thurs,09:00,13:00,540,780,False,9:00am - 1:00pm
Chinatown,Huan Clinic,Thurs,14:00,15:00,840,900,False,2:00pm - 3:00pm
Chinatown,Huan Clinic,Fri,09:00,13:00,540,780,False,9:00am - 1:00pm
Chinatown,Huan Clinic,Fri,14:00,15:00,840,900,False,2:00pm - 3:00pm
Chinatown,Huan Clinic,Sat,09:00,11:30,540,690,False,9:00am - 11:30am
Chinatown,Chinatown Wellness Clinic,Mon,08:30,13:00,510,780,False,8:30am - 1:00pm
Chinatown,Chinatown Wellness Clinic,Mon,14:00,17:00,840,1020,False,2:00pm - 5:00pm
Chinatown,Chinatown Wellness Clinic,Tues,08:30,13:00,510,780,False,8:30am - 1:00pm
Chinatown,Chinatown Wellness Clinic,Tues,14:00,17:00,840,1020,False,2:00pm - 5:00pm
Chinatown,Chinatown Wellness Clinic,Wed,08:30,13:00,510,780,False,8:30am - 1:00pm
Chinatown,Chinatown Wellness Clinic,Wed,14:00,17:00,840,1020,False,2:00pm - 5:00pm
Chinatown,Chinatown Wellness Clinic,Thurs,08:30,13:00,510,780,False,8:30am - 1:00pm
Chinatown,Chinatown Wellness Clinic,Thurs,14:00,17:00,840,1020,False,2:00pm - 5:00pm
Chinatown,Chinatown Wellness Clinic,Fri,08:30,13:00,510,780,False,8:30am - 1:00pm
Chinatown,Chinatown Wellness Clinic,Fri,14:00,17:00,840,1020,False,2:00pm - 5:00pm
Chinatown,Chinatown Wellness Clinic,Sat,09:00,13:00,540,780,False,9:00am - 1:00pm
Choa Chu Kang,Clover Medical Clinic,Mon,08:30,17:00,510,1020,False,8:30am - 5:00pm
Choa Chu Kang,Clover Medical Clinic,Mon,18:00,21:30,1080,1290,False,6:00pm - 9:30pm
Choa Chu Kang,Clover Medical Clinic,Tues,08:30,17:00,510,1020,False,8:30am - 5:00pm
Choa Chu Kang,Clover Medical Clinic,Tues,18:00,21:30,1080,1290,False,6:00pm - 9:30pm
Choa Chu Kang,Clover Medical Clinic,Wed,08:30,17:00,510,1020,False,8:30am - 5:00pm
Choa Chu Kang,Clover Medical Clinic,Wed,18:00,21:30,1080,1290,False,6:00pm - 9:30pm
Choa Chu Kang,Clover Medical Clinic,Thurs,08:30,17:00,510,1020,False,8:30am - 5:00pm
Choa Chu Kang,Clover Medical Clinic,Thurs,18:00,21:30,1080,1290,False,6:00pm - 9:30pm
Choa Chu Kang,Clover Medical Clinic,Fri,09:00,13:00,540,780,False,9:00am - 1:00pm
Choa Chu Kang,HealthLight Family Medicine Clinic,Mon,08:30,12:30,510,750,False,8:30am - 12:30pm
Choa Chu Kang,HealthLight Family Medicine Clinic,Tues,08:30,12:30,510,750,False,8:30am - 12:30pm
Choa Chu Kang,HealthLight Family Medicine Clinic,Wed,08:30,12:30,510,750,False,8:30am - 12:30pm
Choa Chu Kang,HealthLight Family Medicine Clinic,Thurs,14:30,17:00,870,1020,False,2:30pm - 5:00pm
Choa Chu Kang,HealthLight Family Medicine Clinic,Fri,08:30,12:30,510,750,False,8:30am - 12:30pm
Choa Chu Kang,HealthLight Family Medicine Clinic,Sat,08:30,12:30,510,750,False,8:30am - 12:30pm
Choa Chu Kang,Healthway Medical (Sunshine Place),Mon,08:30,12:45,510,765,False,8:30am - 12:45pm
Choa Chu Kang,Healthway Medical (Sunshine Place),Mon,14:00,16:45,840,1005,False,2:00pm - 4:45pm
Choa Chu Kang,Healthway Medical (Sunshine Place),Mon,18:00,20:45,1080,1245,False,6:00pm - 8:45pm
Choa Chu Kang,Healthway Medical (Sunshine Place),Tues,08:30,12:45,510,765,False,8:30am - 12:45pm
Choa Chu Kang,Healthway Medical (Sunshine Place),Tues,14:00,16:45,840,1005,False,2:00pm - 4:45pm
Choa Chu Kang,Healthway Medical (Sunshine Place),Tues,18:00,20:45,1080,1245,False,6:00pm - 8:45pm
Choa Chu Kang,Healthway Medical (Sunshine Place),Wed,08:30,12:45,510,765,False,8:30am - 12:45pm
Choa Chu Kang,Healthway Medical (Sunshine Place),Wed,14:00,16:45,840,1005,False,2:00pm - 4:45pm
Choa Chu Kang,Healthway Medical (Sunshine Place),Wed,18:00,20:45,1080,1245,False,6:00pm - 8:45pm
Choa Chu Kang,Healthway Medical (Sunshine Place),Thurs,08:30,12:45,510,765,False,8:30am - 12:45pm
Choa Chu Kang,Healthway Medical (Sunshine Place),Thurs,14:00,16:45,840,1005,False,2:00pm - 4:45pm
Choa Chu Kang,Healthway Medical (Sunshine Place),Thurs,18:00,20:45,1080,1245,False,6:00pm - 8:45pm
Choa Chu Kang,Healthway Medical (Sunshine Place),Fri,08:30,12:45,510,765,False,8:30am - 12:45pm
Choa Chu Kang,Healthway Medical (Sunshine Place),Fri,14:00,16:45,840,1005,False,2:00pm - 4:45pm
Choa Chu Kang,Healthway Medical (Sunshine Place),Sat,08:30,12:45,510,765,False,8:30am - 12:45pm
Choa Chu Kang,Healthway Medical (Sunshine Place),Sun,08:30,12:45,510,765,False,8:30am - 12:45pm
Choa Chu Kang,Healthway Medical (Sunshine Place),PH,08:30,12:45,510,765,False,8:30am - 12:45pm
Choa Chu Kang,Healthway Medical Clinic,Mon,08:30,13:00,510,780,False,8:30am - 1:00pm
Choa Chu Kang,Healthway Medical Clinic,Mon,14:00,17:00,840,1020,False,2:00pm - 5:00pm
Choa Chu Kang,Healthway Medical Clinic,Mon,18:00,21:00,1080,1260,False,6:00pm - 9:00pm
Choa Chu Kang,Healthway Medical Clinic,Tues,08:30,13:00,510,780,False,8:30am - 1:00pm
Choa Chu Kang,Healthway Medical Clinic,Tues,14:00,17:00,840,1020,False,2:00pm - 5:00pm
Choa Chu Kang,Healthway Medical Clinic,Tues,18:00,21:00,1080,1260,False,6:00pm - 9:00pm
Choa Chu Kang,Healthway Medical Clinic,Wed,08:30,13:00,510,780,False,8:30am - 1:00pm
Choa Chu Kang,Healthway Medical Clinic,Wed,14:00,17:00,840,1020,False,2:00pm - 5:00pm
Choa Chu Kang,Healthway Medical Clinic,Wed,18:00,21:00,1080,1260,False,6:00pm - 9:00pm
Choa Chu Kang,Healthway Medical Clinic,Thurs,08:30,13:00,510,780,False,8:30am - 1:00pm
Choa Chu Kang,Healthway Medical Clinic,Thurs,14:00,17:00,840,1020,False,2:00pm - 5:00pm
Choa Chu Kang,Healthway Medical Clinic,Thurs,18:00,21:00,1080,1260,False,6:00pm - 9:00pm
Choa Chu Kang,Healthway Medical Clinic,Fri,08:30,13:00,510,780,False,8:30am - 1:00pm
Choa Chu Kang,Healthway Medical Clinic,Fri,14:00,17:00,840,1020,False,2:00pm - 5:00pm
Choa Chu Kang,Healthway Medical Clinic,Sat,08:30,13:00,510,780,False,8:30am - 1:00pm
Choa Chu Kang,Healthway Medical Clinic,Sun,08:30,13:00,510,780,False,8:30am - 1:00pm
Choa Chu Kang,Healthway Medical Clinic,PH,08:30,13:00,510,780,False,8:30am - 1:00pm
Choa Chu Kang,Jo-Lin Family Clinic & Surgery,Mon,08:30,12:30,510,750,False,8:30am - 12:30pm
Choa Chu Kang,Jo-Lin Family Clinic & Surgery,Tues,08:30,12:30,510,750,False,8:30am - 12:30pm
Choa Chu Kang,Jo-Lin Family Clinic & Surgery,Wed,08:30,12:30,510,750,False,8:30am - 12:30pm
Choa Chu Kang,Jo-Lin Family Clinic & Surgery,Thurs,14:00,16:00,840,960,False,2:00pm - 4:00pm
Choa Chu Kang,Jo-Lin Family Clinic & Surgery,Thurs,18:30,21:30,1110,1290,False,6:30pm - 9:30pm
Choa Chu Kang,Jo-Lin Family Clinic & Surgery,Fri,18:30,21:30,1110,1290,False,6:30pm - 9:30pm
Choa Chu Kang,Jo-Lin Family Clinic & Surgery,Fri,08:30,12:30,510,750,False,8:30am - 12:30pm
Choa Chu Kang,Jo-Lin Family Clinic & Surgery,Fri,14:00,16:00,840,960,False,2:00pm - 4:00pm
Choa Chu Kang,Jo-Lin Family Clinic & Surgery,Sat,08:30,12:30,510,750,False,8:30am - 12:30pm
Choa Chu Kang,Jo-Lin Family Clinic & Surgery,Sun,18:30,21:30,1110,1290,False,6:30pm - 9:30pm
Choa Chu Kang,Life Vista Family Clinic Pte Ltd,Mon,08:00,22:00,480,1320,False,8:00am - 10:00pm
Choa Chu Kang,Life Vista Family Clinic Pte Ltd,Tues,08:00,22:00,480,1320,False,8:00am - 10:00pm
Choa Chu Kang,Life Vista Family Clinic Pte Ltd,Wed,08:00,22:00,480,1320,False,8:00am - 10:00pm
Choa Chu Kang,Life Vista Family Clinic Pte Ltd,Thurs,08:00,22:00,480,1320,False,8:00am - 10:00pm
Choa Chu Kang,Life Vista Family Clinic Pte Ltd,Fri,08:00,22:00,480,1320,False,8:00am - 10:00pm
Choa Chu Kang,Life Vista Family Clinic Pte Ltd,Sat,08:00,22:00,480,1320,False,8:00am - 10:00pm
Choa Chu Kang,Life Vista Family Clinic Pte Ltd,Sun,08:00,22:00,480,1320,False,8:00am - 10:00pm
Choa Chu Kang,OneCare Clinic (Keat Hong LRT),Mon,08:00,15:00,480,900,False,8:00am - 3:00pm
Choa Chu Kang,OneCare Clinic (Keat Hong LRT),Mon,18:00,21:00,1080,1260,False,6:00pm - 9:00pm
Choa Chu Kang,OneCare Clinic (Keat Hong LRT),Tues,08:00,15:00,480,900,False,8:00am - 3:00pm
Choa Chu Kang,OneCare Clinic (Keat Hong LRT),Tues,18:00,21:00,1080,1260,False,6:00pm - 9:00pm
Choa Chu Kang,OneCare Clinic (Keat Hong LRT),Wed,08:00,15:00,480,900,False,8:00am - 3:00pm
Choa Chu Kang,OneCare Clinic (Keat Hong LRT),Wed,18:00,21:00,1080,1260,False,6:00pm - 9:00pm
Choa Chu Kang,OneCare Clinic (Keat Hong LRT),Thurs,08:00,15:00,480,900,False,8:00am - 3:00pm
Choa Chu Kang,OneCare Clinic (Keat Hong LRT),Thurs,18:00,21:00,1080,1260,False,6:00pm - 9:00pm
Choa Chu Kang,OneCare Clinic (Keat Hong LRT),Fri,08:00,15:00,480,900,False,8:00am - 3:00pm
Choa Chu Kang,OneCare Clinic (Keat Hong LRT),Fri,18:00,21:00,1080,1260,False,6:00pm - 9:00pm
Choa Chu Kang,OneCare Clinic (Keat Hong LRT),Sat,08:00,12:00,480,720,False,8:00am - 12:00pm
Choa Chu Kang,OneCare Clinic (Keat Hong LRT),Sun,18:00,21:00,1080,1260,False,6:00pm - 9:00pm
Choa Chu Kang,Raffles Medical (Yew Tee Point),Mon,08:30,13:00,510,780,False,8:30am - 1:00pm
Choa Chu Kang,Raffles Medical (Yew Tee Point),Mon,14:00,17:30,840,1050,False,2:00pm - 5:30pm
Choa Chu Kang,Raffles Medical (Yew Tee Point),Mon,18:30,21:30,1110,1290,False,6:30pm - 9:30pm
Choa Chu Kang,Raffles Medical (Yew Tee Point),Tues,08:30,13:00,510,780,False,8:30am - 1:00pm
Choa Chu Kang,Raffles Medical (Yew Tee Point),Tues,14:00,17:30,840,1050,False,2:00pm - 5:30pm
Choa Chu Kang,Raffles Medical (Yew Tee Point),Tues,18:30,21:30,1110,1290,False,6:30pm - 9:30pm
Choa Chu Kang,Raffles Medical (Yew Tee Point),Wed,08:30,13:00,510,780,False,8:30am - 1:00pm
Choa Chu Kang,Raffles Medical (Yew Tee Point),Wed,14:00,17:30,840,1050,False,2:00pm - 5:30pm
Choa Chu Kang,Raffles Medical (Yew Tee Point),Wed,18:30,21:30,1110,1290,False,6:30pm - 9:30pm
Choa Chu Kang,Raffles Medical (Yew Tee Point),Thurs,08:30,13:00,510,780,False,8:30am - 1:00pm
Choa Chu Kang,Raffles Medical (Yew Tee Point),Thurs,14:00,17:30,840,1050,False,2:00pm - 5:30pm
Choa Chu Kang,Raffles Medical (Yew Tee Point),Thurs,18:30,21:30,1110,1290,False,6:30pm - 9:30pm
Choa Chu Kang,Raffles Medical (Yew Tee Point),Fri,08:30,13:00,510,780,False,8:30am - 1:00pm
Choa Chu Kang,Raffles Medical (Yew Tee Point),Fri,14:00,17:30,840,1050,False,2:00pm - 5:30pm
Choa Chu Kang,Raffles Medical (Yew Tee Point),Fri,18:30,21:30,1110,1290,False,6:30pm - 9:30pm
Choa Chu Kang,Raffles Medical (Yew Tee Point),Sat,08:30,13:00,510,780,False,8:30am - 1:00pm
Choa Chu Kang,Raffles Medical (Yew Tee Point),Sun,08:30,13:00,510,780,False,8:30am - 1:00pm
Choa Chu Kang,The Edinburgh Clinic,Mon,08:30,12:30,510,750,False,8:30am - 12:30pm
Choa Chu Kang,The Edinburgh Clinic,Mon,14:00,16:00,840,960,False,2:00pm - 4:00pm
Choa Chu Kang,The Edinburgh Clinic,Mon,18:30,21:30,1110,1290,False,6:30pm - 9:30pm
Choa Chu Kang,The Edinburgh Clinic,Tues,08:30,12:30,510,750,False,8:30am - 12:30pm
Choa Chu Kang,The Edinburgh Clinic,Wed,08:30,12:30,510,750,False,8:30am - 12:30pm
Choa Chu Kang,The Edinburgh Clinic,Wed,14:00,16:00,840,960,False,2:00pm - 4:00pm
Choa Chu Kang,The Edinburgh Clinic,Wed,18:30,21:30,1110,1290,False,6:30pm - 9:30pm
Choa Chu Kang,The Edinburgh Clinic,Thurs,08:30,12:30,510,750,False,8:30am - 12:30pm
Choa Chu Kang,The Edinburgh Clinic,Fri,14:00,16:00,840,960,False,2:00pm - 4:00pm
Choa Chu Kang,The Edinburgh Clinic,Sat,08:30,13:00,510,780,False,8:30am - 1:00pm
City Hall,Drs Singh & Partners,Mon,08:30,12:30,510,750,False,8:30am - 12:30pm
City Hall,Drs Singh & Partners,Mon,14:00,17:00,840,1020,False,2:00pm - 5:00pm
City Hall,Drs Singh & Partners,Tues,08:30,12:30,510,750,False,8:30am - 12:30pm
City Hall,Drs Singh & Partners,Tues,14:00,17:00,840,1020,False,2:00pm - 5:00pm
City Hall,Drs Singh & Partners,Wed,08:30,12:30,510,750,False,8:30am - 12:30pm
City Hall,Drs Singh & Partners,Wed,14:00,17:00,840,1020,False,2:00pm - 5:00pm
City Hall,Drs Singh & Partners,Thurs,08:30,12:30,510,750,False,8:30am - 12:30pm
City Hall,Drs Singh & Partners,Thurs,14:00,17:00,840,1020,False,2:00pm - 5:00pm
City Hall,Drs Singh & Partners,Fri,08:30,12:30,510,750,False,8:30am - 12:30pm
City Hall,Drs Singh & Partners,Fri,14:00,17:00,840,1020,False,2:00pm - 5:00pm
City Hall,Drs Singh & Partners,Sat,08:30,12:30,510,750,False,8:30am - 12:30pm
City Hall,Peninsula Medical Centre,Mon,11:00,19:00,660,1140,False,11:00am - 7:00pm
City Hall,Peninsula Medical Centre,Tues,11:00,19:00,660,1140,False,11:00am - 7:00pm
City Hall,Peninsula Medical Centre,Wed,11:00,19:00,660,1140,False,11:00am - 7:00pm
City Hall,Peninsula Medical Centre,Thurs,11:00,19:00,660,1140,False,11:00am - 7:00pm
City Hall,Peninsula Medical Centre,Fri,11:00,19:00,660,1140,False,11:00am - 7:00pm
City Hall,Peninsula Medical Centre,Sat,11:00,17:00,660,1020,False,11:00am - 5:00pm
City Hall,Peninsula Medical Centre,Sun,11:00,17:00,660,1020,False,11:00am - 5:00pm
City Hall,Peninsula Medical Centre,PH,11:00,17:00,660,1020,False,11:00am - 5:00pm
Clementi,Claremont Medical Clinic,Mon,08:30,20:30,510,1230,False,8:30am - 8:30pm
Clementi,Claremont Medical Clinic,Tues,08:30,20:30,510,1230,False,8:30am - 8:30pm
Clementi,Claremont Medical Clinic,Wed,08:30,17:30,510,1050,False,8:30am - 5:30pm
Clementi,Claremont Medical Clinic,Thurs,08:30,12:00,510,720,False,8:30am - 12:00pm
Clementi,Claremont Medical Clinic,Fri,08:30,12:00,510,720,False,8:30am - 12:00pm
Clementi,Claremont Medical Clinic,Sat,08:30,12:30,510,750,False,8:30am - 12:30pm
Clementi,Claremont Medical Clinic,Sun,08:30,12:30,510,750,False,8:30am - 12:30pm
Clementi,Doctors Medical Clinic,Mon,08:30,15:00,510,900,False,8:30am - 3:00pm
Clementi,Doctors Medical Clinic,Mon,18:00,21:00,1080,1260,False,6:00pm - 9:00pm
Clementi,Doctors Medical Clinic,Tues,08:30,15:00,510,900,False,8:30am - 3:00pm
Clementi,Doctors Medical Clinic,Wed,08:30,15:00,510,900,False,8:30am - 3:00pm
Clementi,Doctors Medical Clinic,Thurs,08:30,15:00,510,900,False,8:30am - 3:00pm
Clementi,Doctors Medical Clinic,Fri,08:30,15:00,510,900,False,8:30am - 3:00pm
Clementi,Doctors Medical Clinic,Sat,08:30,13:00,510,780,False,8:30am - 1:00pm
Clementi,E. L. Chin Family Clinic and Surgery Pte Ltd,Mon,09:00,12:30,540,750,False,9:00am - 12:30pm
Clementi,E. L. Chin Family Clinic and Surgery Pte Ltd,Tues,09:00,12:30,540,750,False,9:00am - 12:30pm
Clementi,E. L. Chin Family Clinic and Surgery Pte Ltd,Wed,09:00,12:30,540,750,False,9:00am - 12:30pm
Clementi,E. L. Chin Family Clinic and Surgery Pte Ltd,Wed,14:00,16:30,840,990,False,2:00pm - 4:30pm
Clementi,E. L. Chin Family Clinic and Surgery Pte Ltd,Thurs,14:00,16:30,840,990,False,2:00pm - 4:30pm
Clementi,E. L. Chin Family Clinic and Surgery Pte Ltd,Thurs,19:00,21:00,1140,1260,False,7:00pm - 9:00pm
Clementi,E. L. Chin Family Clinic and Surgery Pte Ltd,Fri,14:00,16:30,840,990,False,2:00pm - 4:30pm
Clementi,E. L. Chin Family Clinic and Surgery Pte Ltd,Fri,19:00,21:00,1140,1260,False,7:00pm - 9:00pm
Clementi,E. L. Chin Family Clinic and Surgery Pte Ltd,Sat,09:00,12:30,540,750,False,9:00am - 12:30pm
Clementi,E. L. Chin Family Clinic and Surgery Pte Ltd,Sun,09:00,12:30,540,750,False,9:00am - 12:30pm
Clementi,FairCare Family Clinic (Clementi),Mon,08:30,13:00,510,780,False,8:30am - 1:00pm
Clementi,FairCare Family Clinic (Clementi),Mon,14:00,16:30,840,990,False,2:00pm - 4:30pm
Clementi,FairCare Family Clinic (Clementi),Mon,18:30,21:30,1110,1290,False,6:30pm - 9:30pm
Clementi,FairCare Family Clinic (Clementi),Tues,08:30,13:00,510,780,False,8:30am - 1:00pm
Clementi,FairCare Family Clinic (Clementi),Tues,14:00,16:30,840,990,False,2:00pm - 4:30pm
Clementi,FairCare Family Clinic (Clementi),Tues,18:30,21:30,1110,1290,False,6:30pm - 9:30pm
Clementi,FairCare Family Clinic (Clementi),Wed,08:30,13:00,510,780,False,8:30am - 1:00pm
Clementi,FairCare Family Clinic (Clementi),Wed,14:00,16:30,840,990,False,2:00pm - 4:30pm
Clementi,FairCare Family Clinic (Clementi),Wed,18:30,21:30,1110,1290,False,6:30pm - 9:30pm
Clementi,FairCare Family Clinic (Clementi),Thurs,08:30,13:00,510,780,False,8:30am - 1:00pm
Clementi,FairCare Family Clinic (Clementi),Thurs,14:00,16:30,840,990,False,2:00pm - 4:30pm
Clementi,FairCare Family Clinic (Clementi),Thurs,18:30,21:30,1110,1290,False,6:30pm - 9:30pm
Clementi,FairCare Family Clinic (Clementi),Fri,08:30,13:00,510,780,False,8:30am - 1:00pm
Clementi,FairCare Family Clinic (Clementi),Fri,14:00,16:30,840,990,False,2:00pm - 4:30pm
Clementi,FairCare Family Clinic (Clementi),Fri,18:30,21:30,1110,1290,False,6:30pm - 9:30pm
Clementi,FairCare Family Clinic (Clementi),Sat,08:30,13:00,510,780,False,8:30am - 1:00pm
Clementi,FairCare Family Clinic (Clementi),Sun,08:30,13:00,510,780,False,8:30am - 1:00pm
Clementi,Frontier Family Medicine Clinic,Mon,08:30,13:00,510,780,False,8:30am - 1:00pm
Clementi,Frontier Family Medicine Clinic,Mon,14:00,17:30,840,1050,False,2:00pm - 5:30pm
Clementi,Frontier Family Medicine Clinic,Tues,08:30,13:00,510,780,False,8:30am - 1:00pm
Clementi,Frontier Family Medicine Clinic,Tues,14:00,17:30,840,1050,False,2:00pm - 5:30pm
Clementi,Frontier Family Medicine Clinic,Wed,08:30,13:00,510,780,False,8:30am - 1:00pm
Clementi,Frontier Family Medicine Clinic,Wed,14:00,17:30,840,1050,False,2:00pm - 5:30pm
Clementi,Frontier Family Medicine Clinic,Thurs,08:30,13:00,510,780,False,8:30am - 1:00pm
Clementi,Frontier Family Medicine Clinic,Thurs,14:00,17:30,840,1050,False,2:00pm - 5:30pm
Clementi,Frontier Family Medicine Clinic,Fri,08:30,13:00,510,780,False,8:30am - 1:00pm
Clementi,Frontier Family Medicine Clinic,Fri,14:00,17:30,840,1050,False,2:00pm - 5:30pm
Clementi,GoClinic Commonwealth,Mon,08:30,15:00,510,900,False,8:30am - 3:00pm
Clementi,GoClinic Commonwealth,Mon,17:30,20:00,1050,1200,False,5:30pm - 8:00pm
Clementi,GoClinic Commonwealth,Tues,08:30,15:00,510,900,False,8:30am - 3:00pm
Clementi,GoClinic Commonwealth,Wed,08:30,15:00,510,900,False,8:30am - 3:00pm
Clementi,GoClinic Commonwealth,Wed,17:30,20:00,1050,1200,False,5:30pm - 8:00pm
Clementi,GoClinic Commonwealth,Thurs,08:30,15:00,510,900,False,8:30am - 3:00pm
Clementi,GoClinic Commonwealth,Sat,08:30,12:30,510,750,False,8:30am - 12:30pm
Clementi,Holistic Clinic & Surgery,Mon,09:00,21:00,540,1260,False,9:00am - 9:00pm
Clementi,Holistic Clinic & Surgery,Tues,09:00,21:00,540,1260,False,9:00am - 9:00pm
Clementi,Holistic Clinic & Surgery,Wed,09:00,21:00,540,1260,False,9:00am - 9:00pm
Clementi,Holistic Clinic & Surgery,Thurs,09:00,21:00,540,1260,False,9:00am - 9:00pm
Clementi,Holistic Clinic & Surgery,Fri,09:00,21:00,540,1260,False,9:00am - 9:00pm
Clementi,Holistic Clinic & Surgery,Sat,09:00,21:00,540,1260,False,9:00am - 9:00pm
Clementi,Holistic Clinic & Surgery,Sun,09:00,21:00,540,1260,False,9:00am - 9:00pm
Clementi,Holistic Clinic & Surgery,PH,09:00,21:00,540,1260,False,9:00am - 9:00pm
Clementi,My Family Clinic (Clementi),Mon,08:00,14:00,480,840,False,8:00am - 2:00pm
Clementi,My Family Clinic (Clementi),Mon,18:00,22:00,1080,1320,False,6:00pm - 10:00pm
Clementi,My Family Clinic (Clementi),Tues,08:00,14:00,480,840,False,8:00am - 2:00pm
Clementi,My Family Clinic (Clementi),Tues,18:00,22:00,1080,1320,False,6:00pm - 10:00pm
Clementi,My Family Clinic (Clementi),Wed,08:00,14:00,480,840,False,8:00am - 2:00pm
Clementi,My Family Clinic (Clementi),Wed,18:00,22:00,1080,1320,False,6:00pm - 10:00pm
Clementi,My Family Clinic (Clementi),Thurs,08:00,14:00,480,840,False,8:00am - 2:00pm
Clementi,My Family Clinic (Clementi),Thurs,18:00,22:00,1080,1320,False,6:00pm - 10:00pm
Clementi,My Family Clinic (Clementi),Fri,08:00,14:00,480,840,False,8:00am - 2:00pm
Clementi,My Family Clinic (Clementi),Fri,18:00,22:00,1080,1320,False,6:00pm - 10:00pm
Clementi,My Family Clinic (Clementi),Sat,08:00,13:00,480,780,False,8:00am - 1:00pm
Clementi,My Family Clinic (Clementi),Sun,08:00,13:00,480,780,False,8:00am - 1:00pm
Clementi,My Family Clinic (Clementi 325),Mon,08:00,13:00,480,780,False,8:00am - 1:00pm
Clementi,My Family Clinic (Clementi 325),Mon,14:00,17:00,840,1020,False,2:00pm - 5:00pm
Clementi,My Family Clinic (Clementi 325),Mon,18:00,21:00,1080,1260,False,6:00pm - 9:00pm
Clementi,My Family Clinic (Clementi 325),Tues,08:00,13:00,480,780,False,8:00am - 1:00pm
Clementi,My Family Clinic (Clementi 325),Tues,14:00,17:00,840,1020,False,2:00pm - 5:00pm
Clementi,My Family Clinic (Clementi 325),Tues,18:00,21:00,1080,1260,False,6:00pm - 9:00pm
Clementi,My Family Clinic (Clementi 325),Wed,08:00,13:00,480,780,False,8:00am - 1:00pm
Clementi,My Family Clinic (Clementi 325),Wed,14:00,17:00,840,1020,False,2:00pm - 5:00pm
Clementi,My Family Clinic (Clementi 325),Wed,18:00,21:00,1080,1260,False,6:00pm - 9:00pm
Clementi,My Family Clinic (Clementi 325),Thurs,08:00,13:00,480,780,False,8:00am - 1:00pm
Clementi,My Family Clinic (Clementi 325),Thurs,14:00,17:00,840,1020,False,2:00pm - 5:00pm
Clementi,My Family Clinic (Clementi 325),Thurs,18:00,21:00,1080,1260,False,6:00pm - 9:00pm
Clementi,My Family Clinic (Clementi 325),Fri,08:00,13:00,480,780,False,8:00am - 1:00pm
Clementi,My Family Clinic (Clementi 325),Fri,14:00,17:00,840,1020,False,2:00pm - 5:00pm
Clementi,My Family Clinic (Clementi 325),Sat,08:00,12:00,480,720,False,8:00am - 12:00pm
Clementi,Our West Coast Family Clinic,Mon,08:00,14:00,480,840,False,8:00am - 2:00pm
Clementi,Our West Coast Family Clinic,Mon,18:00,21:00,1080,1260,False,6:00pm - 9:00pm
Clementi,Our West Coast Family Clinic,Tues,08:00,14:00,480,840,False,8:00am - 2:00pm
Clementi,Our West Coast Family Clinic,Tues,18:00,21:00,1080,1260,False,6:00pm - 9:00pm
Clementi,Our West Coast Family Clinic,Wed,08:00,14:00,480,840,False,8:00am - 2:00pm
Clementi,Our West Coast Family Clinic,Wed,18:00,21:00,1080,1260,False,6:00pm - 9:00pm
Clementi,Our West Coast Family Clinic,Thurs,08:00,14:00,480,840,False,8:00am - 2:00pm
Clementi,Our West Coast Family Clinic,Thurs,18:00,21:00,1080,1260,False,6:00pm - 9:00pm
Clementi,Our West Coast Family Clinic,Fri,08:00,14:00,480,840,False,8:00am - 2:00pm
Clementi,Our West Coast Family Clinic,Fri,18:00,21:00,1080,1260,False,6:00pm - 9:00pm
Clementi,Our West Coast Family Clinic,Sat,14:00,18:00,840,1080,False,2:00pm - 6:00pm
Clementi,Our West Coast Family Clinic,Sun,08:00,13:00,480,780,False,8:00am - 1:00pm
Clementi,Our West Coast Family Clinic,Sun,18:00,21:00,1080,1260,False,6:00pm - 9:00pm
Clementi,OneCare Clinic (Clementi),Mon,08:00,15:00,480,900,False,8:00am - 3:00pm
Clementi,OneCare Clinic (Clementi),Mon,18:00,21:00,1080,1260,False,6:00pm - 9:00pm
Clementi,OneCare Clinic (Clementi),Tues,08:00,15:00,480,900,False,8:00am - 3:00pm
Clementi,OneCare Clinic (Clementi),Tues,18:00,21:00,1080,1260,False,6:00pm - 9:00pm
Clementi,OneCare Clinic (Clementi),Wed,08:00,15:00,480,900,False,8:00am - 3:00pm
Clementi,OneCare Clinic (Clementi),Wed,18:00,21:00,1080,1260,False,6:00pm - 9:00pm
Clementi,OneCare Clinic (Clementi),Thurs,08:00,15:00,480,900,False,8:00am - 3:00pm
Clementi,OneCare Clinic (Clementi),Thurs,18:00,21:00,1080,1260,False,6:00pm - 9:00pm
Clementi,OneCare Clinic (Clementi),Fri,08:00,15:00,480,900,False,8:00am - 3:00pm
Clementi,OneCare Clinic (Clementi),Sat,08:00,12:00,480,720,False,8:00am - 12:00pm
Clementi,OneCare Clinic (Clementi),Sun,08:00,12:00,480,720,False,8:00am - 12:00pm
Clementi,OneCare Clinic (Clementi),Sun,18:00,21:00,1080,1260,False,6:00pm - 9:00pm
Clementi,Unity Medical Clinic,Mon,08:00,13:00,480,780,False,8:00am - 1:00pm
Clementi,Unity Medical Clinic,Mon,14:00,17:00,840,1020,False,2:00pm - 5:00pm
Clementi,Unity Medical Clinic,Mon,18:00,21:00,1080,1260,False,6:00pm - 9:00pm
Clementi,Unity Medical Clinic,Tues,08:00,13:00,480,780,False,8:00am - 1:00pm
Clementi,Unity Medical Clinic,Tues,14:00,17:00,840,1020,False,2:00pm - 5:00pm
Clementi,Unity Medical Clinic,Wed,08:00,13:00,480,780,False,8:00am - 1:00pm
Clementi,Unity Medical Clinic,Thurs,08:00,13:00,480,780,False,8:00am - 1:00pm
Clementi,Unity Medical Clinic,Thurs,14:00,17:00,840,1020,False,2:00pm - 5:00pm
Clementi,Unity Medical Clinic,Thurs,18:00,21:00,1080,1260,False,6:00pm - 9:00pm
Clementi,Unity Medical Clinic,Fri,08:00,13:00,480,780,False,8:00am - 1:00pm
Clementi,Unity Medical Clinic,Fri,14:00,17:00,840,1020,False,2:00pm - 5:00pm
Clementi,Unity Medical Clinic,Sat,08:00,13:00,480,780,False,8:00am - 1:00pm
Clementi,Unity Medical Clinic,Sun,08:00,13:00,480,780,False,8:00am - 1:00pm
Clementi,Unity Medical Clinic,PH,08:00,13:00,480,780,False,8:00am - 1:00pm
Clementi,LC Clinic Medical Surgery Aesthetics,Mon,08:30,19:30,510,1170,False,8:30am - 7:30pm
Clementi,LC Clinic Medical Surgery Aesthetics,Tues,08:30,19:00,510,1140,False,8:30am - 7:00pm
Clementi,LC Clinic Medical Surgery Aesthetics,Wed,08:30,17:30,510,1050,False,8:30am - 5:30pm
Clementi,LC Clinic Medical Surgery Aesthetics,Thurs,08:30,19:00,510,1140,False,8:30am - 7:00pm
Clementi,LC Clinic Medical Surgery Aesthetics,Sat,08:30,12:30,510,750,False,8:30am - 12:30pm
Clementi,LC Clinic Medical Surgery Aesthetics,Sun,11:00,17:30,660,1050,False,11:00am - 5:30pm
Clementi,Love & Joy Family Clinic,Mon,08:30,13:00,510,780,False,8:30am - 1:00pm
Clementi,Love & Joy Family Clinic,Mon,17:30,20:30,1050,1230,False,5:30pm - 8:30pm
Clementi,Love & Joy Family Clinic,Tues,08:30,13:00,510,780,False,8:30am - 1:00pm
Clementi,Love & Joy Family Clinic,Tues,17:30,20:30,1050,1230,False,5:30pm - 8:30pm
Clementi,Love & Joy Family Clinic,Wed,08:30,13:00,510,780,False,8:30am - 1:00pm
Clementi,Love & Joy Family Clinic,Wed,17:30,20:30,1050,1230,False,5:30pm - 8:30pm
Clementi,Love & Joy Family Clinic,Thurs,08:30,13:00,510,780,False,8:30am - 1:00pm
Clementi,Love & Joy Family Clinic,Thurs,17:30,20:30,1050,1230,False,5:30pm - 8:30pm
Clementi,Love & Joy Family Clinic,Fri,08:30,13:00,510,780,False,8:30am - 1:00pm
Clementi,Love & Joy Family Clinic,Fri,17:30,20:30,1050,1230,False,5:30pm - 8:30pm
Clementi,Love & Joy Family Clinic,Sat,09:00,13:00,540,780,False,9:00am - 1:00pm
Clementi,Love & Joy Family Clinic,Sun,09:00,13:00,540,780,False,9:00am - 1:00pm
Clementi,Love & Joy Family Clinic,PH,09:00,13:00,540,780,False,9:00am - 1:00pm
Clementi,Raffles Medical (Clementi),Mon,08:30,13:00,510,780,False,8:30am - 1:00pm
Clementi,Raffles Medical (Clementi),Mon,14:00,17:30,840,1050,False,2:00pm - 5:30pm
Clementi,Raffles Medical (Clementi),Mon,18:30,21:30,1110,1290,False,6:30pm - 9:30pm
Clementi,Raffles Medical (Clementi),Tues,08:30,13:00,510,780,False,8:30am - 1:00pm
Clementi,Raffles Medical (Clementi),Tues,14:00,17:30,840,1050,False,2:00pm - 5:30pm
Clementi,Raffles Medical (Clementi),Tues,18:30,21:30,1110,1290,False,6:30pm - 9:30pm
Clementi,Raffles Medical (Clementi),Wed,08:30,13:00,510,780,False,8:30am - 1:00pm
Clementi,Raffles Medical (Clementi),Wed,14:00,17:30,840,1050,False,2:00pm - 5:30pm
Clementi,Raffles Medical (Clementi),Wed,18:30,21:30,1110,1290,False,6:30pm - 9:30pm
Clementi,Raffles Medical (Clementi),Thurs,08:30,13:00,510,780,False,8:30am - 1:00pm
Clementi,Raffles Medical (Clementi),Thurs,14:00,17:30,840,1050,False,2:00pm - 5:30pm
Clementi,Raffles Medical (Clementi),Thurs,18:30,21:30,1110,1290,False,6:30pm - 9:30pm
Clementi,Raffles Medical (Clementi),Fri,08:30,13:00,510,780,False,8:30am - 1:00pm
Clementi,Raffles Medical (Clementi),Fri,14:00,17:30,840,1050,False,2:00pm - 5:30pm
Clementi,Raffles Medical (Clementi),Fri,18:30,21:30,1110,1290,False,6:30pm - 9:30pm
Clementi,Raffles Medical (Clementi),Sat,08:30,13:00,510,780,False,8:30am - 1:00pm
Clementi,Raffles Medical (Clementi),Sat,14:00,17:30,840,1050,False,2:00pm - 5:30pm
Clementi,Raffles Medical (Clementi),Sat,18:30,21:30,1110,1290,False,6:30pm - 9:30pm
Clementi,Raffles Medical (Clementi),Sun,08:30,13:00,510,780,False,8:30am - 1:00pm
Clementi,Raffles Medical (Clementi),PH,08:30,13:00,510,780,False,8:30am - 1:00pm
Clementi,The Dublin Clinic,Mon,08:00,13:00,480,780,False,8:00am - 1:00pm
Clementi,The Dublin Clinic,Mon,17:00,20:00,1020,1200,False,5:00pm - 8:00pm
Clementi,The Dublin Clinic,Tues,08:00,13:00,480,780,False,8:00am - 1:00pm
Clementi,The Dublin Clinic,Tues,17:00,20:00,1020,1200,False,5:00pm - 8:00pm
Clementi,The Dublin Clinic,Wed,08:00,13:00,480,780,False,8:00am - 1:00pm
Clementi,The Dublin Clinic,Wed,17:00,20:00,1020,1200,False,5:00pm - 8:00pm
Clementi,The Dublin Clinic,Thurs,08:00,13:00,480,780,False,8:00am - 1:00pm
Clementi,The Dublin Clinic,Thurs,17:00,20:00,1020,1200,False,5:00pm - 8:00pm
Clementi,The Dublin Clinic,Fri,08:00,13:00,480,780,False,8:00am - 1:00pm
Clementi,The Dublin Clinic,Sat,10:00,13:00,600,780,False,10:00am - 1:00pm
Clementi,The Dublin Clinic,Sun,17:00,20:00,1020,1200,False,5:00pm - 8:00pm
Clementi,Yarra Medical Clinic,Mon,08:30,13:00,510,780,False,8:30am - 1:00pm
Clementi,Yarra Medical Clinic,Mon,14:00,18:30,840,1110,False,2:00pm - 6:30pm
Clementi,Yarra Medical Clinic,Tues,08:30,13:00,510,780,False,8:30am - 1:00pm
Clementi,Yarra Medical Clinic,Tues,14:00,18:30,840,1110,False,2:00pm - 6:30pm
Clementi,Yarra Medical Clinic,Wed,08:30,13:00,510,780,False,8:30am - 1:00pm
Clementi,Yarra Medical Clinic,Wed,14:00,18:30,840,1110,False,2:00pm - 6:30pm
Clementi,Yarra Medical Clinic,Thurs,08:30,13:00,510,780,False,8:30am - 1:00pm
Clementi,Yarra Medical Clinic,Fri,08:30,13:00,510,780,False,8:30am - 1:00pm
Clementi,Yarra Medical Clinic,Sat,08:30,12:30,510,750,False,8:30am - 12:30pm
Eunos,Caritas Clinic,Mon,08:30,16:00,510,960,False,8:30am - 4:00pm
Eunos,Caritas Clinic,Mon,18:00,19:30,1080,1170,False,6:00pm - 7:30pm
Eunos,Caritas Clinic,Tues,08:30,16:00,510,960,False,8:30am - 4:00pm
Eunos,Caritas Clinic,Tues,18:00,19:30,1080,1170,False,6:00pm - 7:30pm
Eunos,Caritas Clinic,Wed,08:30,16:00,510,960,False,8:30am - 4:00pm
Eunos,Caritas Clinic,Wed,18:00,19:30,1080,1170,False,6:00pm - 7:30pm
Eunos,Caritas Clinic,Thurs,08:30,16:00,510,960,False,8:30am - 4:00pm
Eunos,Caritas Clinic,Fri,08:30,16:00,510,960,False,8:30am - 4:00pm
Eunos,Caritas Clinic,Sat,09:30,12:00,570,720,False,9:30am - 12:00pm
Eunos,Caritas Clinic,Sun,09:30,12:00,570,720,False,9:30am - 12:00pm
Eunos,Prima Care Family Clinic,Mon,08:30,13:00,510,780,False,8:30am - 1:00pm
Eunos,Prima Care Family Clinic,Tues,08:30,13:00,510,780,False,8:30am - 1:00pm
Eunos,Prima Care Family Clinic,Tues,14:00,17:30,840,1050,False,2:00pm - 5:30pm
Eunos,Prima Care Family Clinic,Tues,18:00,21:00,1080,1260,False,6:00pm - 9:00pm
Eunos,Prima Care Family Clinic,Wed,08:30,13:00,510,780,False,8:30am - 1:00pm
Eunos,Prima Care Family Clinic,Wed,14:00,17:30,840,1050,False,2:00pm - 5:30pm
Eunos,Prima Care Family Clinic,Wed,18:00,21:00,1080,1260,False,6:00pm - 9:00pm
Eunos,Prima Care Family Clinic,Thurs,08:30,13:00,510,780,False,8:30am - 1:00pm
Eunos,Prima Care Family Clinic,Fri,14:00,17:30,840,1050,False,2:00pm - 5:30pm
Eunos,Prima Care Family Clinic,Sat,08:30,12:30,510,750,False,8:30am - 12:30pm
Eunos,Prima Care Family Clinic,Sun,08:30,12:30,510,750,False,8:30am - 12:30pm
Eunos,Frontier Medical Associates (Ubi),Mon,08:30,21:00,510,1260,False,8:30am - 9:00pm
Eunos,Frontier Medical Associates (Ubi),Tues,08:30,17:30,510,1050,False,8:30am - 5:30pm
Eunos,Frontier Medical Associates (Ubi),Wed,08:30,21:00,510,1260,False,8:30am - 9:00pm
Eunos,Frontier Medical Associates (Ubi),Fri,08:30,13:00,510,780,False,8:30am - 1:00pm
Eunos,Frontier Medical Associates (Ubi),Sat,08:30,13:00,510,780,False,8:30am - 1:00pm
Eunos,Lim Clinic,Mon,09:00,13:00,540,780,False,9:00am - 1:00pm
Eunos,Lim Clinic,Tues,09:00,13:00,540,780,False,9:00am - 1:00pm
Eunos,Lim Clinic,Wed,09:00,13:00,540,780,False,9:00am - 1:00pm
Eunos,Lim Clinic,Thurs,14:00,17:00,840,1020,False,2:00pm - 5:00pm
Eunos,Lim Clinic,Fri,14:00,17:00,840,1020,False,2:00pm - 5:00pm
Eunos,Lim Clinic,Sat,09:00,12:00,540,720,False,9:00am - 12:00pm
Eunos,Neoh & Ong Medical Clinic,Mon,08:30,12:15,510,735,False,8:30am - 12:15pm
Eunos,Neoh & Ong Medical Clinic,Mon,14:00,16:30,840,990,False,2:00pm - 4:30pm
Eunos,Neoh & Ong Medical Clinic,Wed,08:30,12:15,510,735,False,8:30am - 12:15pm
Eunos,Neoh & Ong Medical Clinic,Wed,14:00,16:30,840,990,False,2:00pm - 4:30pm
Eunos,Neoh & Ong Medical Clinic,Fri,08:30,12:15,510,735,False,8:30am - 12:15pm
Eunos,Neoh & Ong Medical Clinic,Fri,14:00,16:30,840,990,False,2:00pm - 4:30pm
Eunos,Neoh & Ong Medical Clinic,Sat,08:30,12:15,510,735,False,8:30am - 12:15pm
Eunos,Saudara Clinic,Mon,08:45,12:00,525,720,False,8:45am - 12:00pm
Eunos,Saudara Clinic,Mon,14:00,18:00,840,1080,False,2:00pm - 6:00pm
Eunos,Saudara Clinic,Tues,08:45,12:00,525,720,False,8:45am - 12:00pm
Eunos,Saudara Clinic,Tues,14:00,18:00,840,1080,False,2:00pm - 6:00pm
Eunos,Saudara Clinic,Wed,08:45,12:00,525,720,False,8:45am - 12:00pm
Eunos,Saudara Clinic,Wed,14:00,18:00,840,1080,False,2:00pm - 6:00pm
Eunos,Saudara Clinic,Thurs,08:45,12:00,525,720,False,8:45am - 12:00pm
Eunos,Saudara Clinic,Thurs,14:00,18:00,840,1080,False,2:00pm - 6:00pm
Eunos,Saudara Clinic,Fri,08:45,12:00,525,720,False,8:45am - 12:00pm
Eunos,Saudara Clinic,Fri,14:00,18:00,840,1080,False,2:00pm - 6:00pm
Eunos,Saudara Clinic,Sat,09:00,12:00,540,720,False,9:00am - 12:00pm
Geylang,Anteh Dispensary Pte Ltd,Mon,09:00,12:00,540,720,False,9:00am - 12:00pm
Geylang,Anteh Dispensary Pte Ltd,Mon,14:00,17:00,840,1020,False,2:00pm - 5:00pm
Geylang,Anteh Dispensary Pte Ltd,Mon,19:00,23:00,1140,1380,False,7:00pm - 11:00pm
Geylang,Anteh Dispensary Pte Ltd,Tues,09:00,12:00,540,720,False,9:00am - 12:00pm
Geylang,Anteh Dispensary Pte Ltd,Tues,14:00,17:00,840,1020,False,2:00pm - 5:00pm
Geylang,Anteh Dispensary Pte Ltd,Tues,19:00,23:00,1140,1380,False,7:00pm - 11:00pm
Geylang,Anteh Dispensary Pte Ltd,Wed,09:00,12:00,540,720,False,9:00am - 12:00pm
Geylang,Anteh Dispensary Pte Ltd,Wed,14:00,17:00,840,1020,False,2:00pm - 5:00pm
Geylang,Anteh Dispensary Pte Ltd,Wed,19:00,23:00,1140,1380,False,7:00pm - 11:00pm
Geylang,Anteh Dispensary Pte Ltd,Thurs,09:00,12:00,540,720,False,9:00am - 12:00pm
Geylang,Anteh Dispensary Pte Ltd,Thurs,14:00,17:00,840,1020,False,2:00pm - 5:00pm
Geylang,Anteh Dispensary Pte Ltd,Thurs,19:00,23:00,1140,1380,False,7:00pm - 11:00pm
Geylang,Anteh Dispensary Pte Ltd,Fri,09:00,12:00,540,720,False,9:00am - 12:00pm
Geylang,Anteh Dispensary Pte Ltd,Fri,14:00,17:00,840,1020,False,2:00pm - 5:00pm
Geylang,Anteh Dispensary Pte Ltd,Fri,19:00,23:00,1140,1380,False,7:00pm - 11:00pm
Geylang,Anteh Dispensary Pte Ltd,Sat,09:00,12:00,540,720,False,9:00am - 12:00pm
Geylang,Anteh Dispensary Pte Ltd,Sat,13:00,18:00,780,1080,False,1:00pm - 6:00pm
Geylang,Anteh Dispensary Pte Ltd,Sat,19:00,23:00,1140,1380,False,7:00pm - 11:00pm
Geylang,Anteh Dispensary Pte Ltd,Sun,13:00,18:00,780,1080,False,1:00pm - 6:00pm
Geylang,Anteh Dispensary Pte Ltd,Sun,19:00,23:00,1140,1380,False,7:00pm - 11:00pm
Geylang,Anteh Dispensary Pte Ltd,PH,13:00,18:00,780,1080,False,1:00pm - 6:00pm
Geylang,Anteh Dispensary Pte Ltd,PH,19:00,23:00,1140,1380,False,7:00pm - 11:00pm
Geylang,Bright View Clinic & Surgery,Mon,09:00,21:00,540,1260,False,9:00am - 9:00pm
Geylang,Bright View Clinic & Surgery,Tues,09:00,21:00,540,1260,False,9:00am - 9:00pm
Geylang,Bright View Clinic & Surgery,Wed,09:00,21:00,540,1260,False,9:00am - 9:00pm
Geylang,Bright View Clinic & Surgery,Thurs,09:00,21:00,540,1260,False,9:00am - 9:00pm
Geylang,Bright View Clinic & Surgery,Fri,09:00,21:00,540,1260,False,9:00am - 9:00pm
Geylang,Bright View Clinic & Surgery,Sat,09:00,21:00,540,1260,False,9:00am - 9:00pm
Geylang,Bright View Clinic & Surgery,Sun,09:00,21:00,540,1260,False,9:00am - 9:00pm
Geylang,Bright View Clinic & Surgery,PH,09:00,21:00,540,1260,False,9:00am - 9:00pm
Geylang,C3 Family Clinic @ Aljunied Crescent,Mon,07:30,22:00,450,1320,False,7:30am - 10:00pm
Geylang,C3 Family Clinic @ Aljunied Crescent,Tues,07:30,14:00,450,840,False,7:30am - 2:00pm
Geylang,C3 Family Clinic @ Aljunied Crescent,Tues,17:30,21:00,1050,1260,False,5:30pm - 9:00pm
Geylang,C3 Family Clinic @ Aljunied Crescent,Wed,07:30,13:30,450,810,False,7:30am - 1:30pm
Geylang,C3 Family Clinic @ Aljunied Crescent,Wed,17:30,22:00,1050,1320,False,5:30pm - 10:00pm
Geylang,C3 Family Clinic @ Aljunied Crescent,Thurs,07:30,17:00,450,1020,False,7:30am - 5:00pm
Geylang,C3 Family Clinic @ Aljunied Crescent,Fri,07:30,13:30,450,810,False,7:30am - 1:30pm
Geylang,C3 Family Clinic @ Aljunied Crescent,Fri,17:30,22:00,1050,1320,False,5:30pm - 10:00pm
Geylang,C3 Family Clinic @ Aljunied Crescent,Sat,07:30,13:30,450,810,False,7:30am - 1:30pm
Geylang,C3 Family Clinic @ Aljunied Crescent,Sun,07:30,15:00,450,900,False,7:30am - 3:00pm
Geylang,C3 Family Clinic @ Aljunied Crescent,PH,07:30,13:30,450,810,False,7:30am - 1:30pm
Geylang,Frontier Medical (Geylang),Mon,08:30,12:30,510,750,False,8:30am - 12:30pm
Geylang,Frontier Medical (Geylang),Mon,13:30,16:30,810,990,False,1:30pm - 4:30pm
Geylang,Frontier Medical (Geylang),Mon,17:30,20:00,1050,1200,False,5:30pm - 8:00pm
Geylang,Frontier Medical (Geylang),Tues,08:30,12:30,510,750,False,8:30am - 12:30pm
Geylang,Frontier Medical (Geylang),Tues,13:30,16:30,810,990,False,1:30pm - 4:30pm
Geylang,Frontier Medical (Geylang),Tues,17:30,20:00,1050,1200,False,5:30pm - 8:00pm
Geylang,Frontier Medical (Geylang),Wed,08:30,12:30,510,750,False,8:30am - 12:30pm
Geylang,Frontier Medical (Geylang),Wed,13:30,16:30,810,990,False,1:30pm - 4:30pm
Geylang,Frontier Medical (Geylang),Thurs,08:30,12:30,510,750,False,8:30am - 12:30pm
Geylang,Frontier Medical (Geylang),Thurs,13:30,16:30,810,990,False,1:30pm - 4:30pm
Geylang,Frontier Medical (Geylang),Fri,08:30,12:30,510,750,False,8:30am - 12:30pm
Geylang,Frontier Medical (Geylang),Fri,13:30,16:30,810,990,False,1:30pm - 4:30pm
Geylang,Frontier Medical (Geylang),Sat,08:30,12:30,510,750,False,8:30am - 12:30pm
Geylang,Healthway Medical (Aljunied),Mon,08:30,13:00,510,780,False,8:30am - 1:00pm
Geylang,Healthway Medical (Aljunied),Mon,14:00,16:30,840,990,False,2:00pm - 4:30pm
Geylang,Healthway Medical (Aljunied),Tues,08:30,13:00,510,780,False,8:30am - 1:00pm
Geylang,Healthway Medical (Aljunied),Tues,14:00,16:30,840,990,False,2:00pm - 4:30pm
Geylang,Healthway Medical (Aljunied),Wed,08:30,13:00,510,780,False,8:30am - 1:00pm
Geylang,Healthway Medical (Aljunied),Wed,14:00,16:30,840,990,False,2:00pm - 4:30pm
Geylang,Healthway Medical (Aljunied),Thurs,08:30,13:00,510,780,False,8:30am - 1:00pm
Geylang,Healthway Medical (Aljunied),Thurs,14:00,16:30,840,990,False,2:00pm - 4:30pm
Geylang,Healthway Medical (Aljunied),Fri,08:30,13:00,510,780,False,8:30am - 1:00pm
Geylang,Healthway Medical (Aljunied),Fri,14:00,16:30,840,990,False,2:00pm - 4:30pm
Geylang,Healthway Medical (Aljunied),Sat,08:30,13:00,510,780,False,8:30am - 1:00pm
Geylang,Ko Family Clinic,Mon,09:00,13:00,540,780,False,9:00am - 1:00pm
Geylang,Ko Family Clinic,Mon,16:30,18:30,990,1110,False,4:30pm - 6:30pm
Geylang,Ko Family Clinic,Tues,09:00,13:00,540,780,False,9:00am - 1:00pm
Geylang,Ko Family Clinic,Wed,09:00,13:00,540,780,False,9:00am - 1:00pm
Geylang,Ko Family Clinic,Wed,16:30,18:30,990,1110,False,4:30pm - 6:30pm
Geylang,Ko Family Clinic,Thurs,09:00,13:00,540,780,False,9:00am - 1:00pm
Geylang,Ko Family Clinic,Fri,09:00,13:00,540,780,False,9:00am - 1:00pm
Geylang,Ko Family Clinic,Fri,16:30,18:30,990,1110,False,4:30pm - 6:30pm
Geylang,Ko Family Clinic,Sat,09:30,12:00,570,720,False,9:30am - 12:00pm
Geylang,Ko Family Clinic,Sun,09:30,12:00,570,720,False,9:30am - 12:00pm
Geylang,Meridian Medical Centre @ Sims Place,Mon,08:30,13:00,510,780,False,8:30am - 1:00pm
Geylang,Meridian Medical Centre @ Sims Place,Mon,14:00,17:00,840,1020,False,2:00pm - 5:00pm
Geylang,Meridian Medical Centre @ Sims Place,Mon,18:00,20:30,1080,1230,False,6:00pm - 8:30pm
Geylang,Meridian Medical Centre @ Sims Place,Tues,08:30,13:00,510,780,False,8:30am - 1:00pm
Geylang,Meridian Medical Centre @ Sims Place,Tues,14:00,17:00,840,1020,False,2:00pm - 5:00pm
Geylang,Meridian Medical Centre @ Sims Place,Tues,18:00,20:30,1080,1230,False,6:00pm - 8:30pm
Geylang,Meridian Medical Centre @ Sims Place,Wed,08:30,13:00,510,780,False,8:30am - 1:00pm
Geylang,Meridian Medical Centre @ Sims Place,Wed,14:00,17:00,840,1020,False,2:00pm - 5:00pm
Geylang,Meridian Medical Centre @ Sims Place,Wed,18:00,20:30,1080,1230,False,6:00pm - 8:30pm
Geylang,Meridian Medical Centre @ Sims Place,Thurs,08:30,13:00,510,780,False,8:30am - 1:00pm
Geylang,Meridian Medical Centre @ Sims Place,Thurs,14:00,17:00,840,1020,False,2:00pm - 5:00pm
Geylang,Meridian Medical Centre @ Sims Place,Thurs,18:00,20:30,1080,1230,False,6:00pm - 8:30pm
Geylang,Meridian Medical Centre @ Sims Place,Fri,08:30,13:00,510,780,False,8:30am - 1:00pm
Geylang,Meridian Medical Centre @ Sims Place,Fri,14:00,17:00,840,1020,False,2:00pm - 5:00pm
Geylang,Meridian Medical Centre @ Sims Place,Sat,08:30,13:30,510,810,False,8:30am - 1:30pm
Geylang,Meridian Medical Centre @ Sims Place,Sun,08:30,13:00,510,780,False,8:30am - 1:00pm
Geylang,Minmed Clinic (Haig Road),Mon,09:00,15:00,540,900,False,9:00am - 3:00pm
Geylang,Minmed Clinic (Haig Road),Mon,18:00,21:00,1080,1260,False,6:00pm - 9:00pm
Geylang,Minmed Clinic (Haig Road),Tues,09:00,15:00,540,900,False,9:00am - 3:00pm
Geylang,Minmed Clinic (Haig Road),Tues,18:00,21:00,1080,1260,False,6:00pm - 9:00pm
Geylang,Minmed Clinic (Haig Road),Wed,09:00,15:00,540,900,False,9:00am - 3:00pm
Geylang,Minmed Clinic (Haig Road),Wed,18:00,21:00,1080,1260,False,6:00pm - 9:00pm
Geylang,Minmed Clinic (Haig Road),Thurs,09:00,15:00,540,900,False,9:00am - 3:00pm
Geylang,Minmed Clinic (Haig Road),Thurs,18:00,21:00,1080,1260,False,6:00pm - 9:00pm
Geylang,Minmed Clinic (Haig Road),Fri,09:00,15:00,540,900,False,9:00am - 3:00pm
Geylang,Minmed Clinic (Haig Road),Sat,09:00,13:00,540,780,False,9:00am - 1:00pm
Geylang,Minmed Clinic (Haig Road),Sun,18:00,21:00,1080,1260,False,6:00pm - 9:00pm
Geylang,Minmed Clinic (Paya Lebar),Mon,09:00,13:00,540,780,False,9:00am - 1:00pm
Geylang,Minmed Clinic (Paya Lebar),Mon,14:00,17:00,840,1020,False,2:00pm - 5:00pm
Geylang,Minmed Clinic (Paya Lebar),Tues,09:00,13:00,540,780,False,9:00am - 1:00pm
Geylang,Minmed Clinic (Paya Lebar),Tues,14:00,17:00,840,1020,False,2:00pm - 5:00pm
Geylang,Minmed Clinic (Paya Lebar),Wed,09:00,13:00,540,780,False,9:00am - 1:00pm
Geylang,Minmed Clinic (Paya Lebar),Wed,14:00,17:00,840,1020,False,2:00pm - 5:00pm
Geylang,Minmed Clinic (Paya Lebar),Thurs,09:00,13:00,540,780,False,9:00am - 1:00pm
Geylang,Minmed Clinic (Paya Lebar),Thurs,14:00,17:00,840,1020,False,2:00pm - 5:00pm
Geylang,Minmed Clinic (Paya Lebar),Fri,09:00,13:00,540,780,False,9:00am - 1:00pm
Geylang,Minmed Clinic (Paya Lebar),Fri,14:00,17:00,840,1020,False,2:00pm - 5:00pm
Geylang,Minmed Clinic (Paya Lebar),Sat,09:00,13:00,540,780,False,9:00am - 1:00pm
Geylang,OneCare Clinic (Aljunied MRT),Mon,08:00,14:00,480,840,False,8:00am - 2:00pm
Geylang,OneCare Clinic (Aljunied MRT),Mon,17:00,21:00,1020,1260,False,5:00pm - 9:00pm
Geylang,OneCare Clinic (Aljunied MRT),Tues,08:00,14:00,480,840,False,8:00am - 2:00pm
Geylang,OneCare Clinic (Aljunied MRT),Tues,17:00,21:00,1020,1260,False,5:00pm - 9:00pm
Geylang,OneCare Clinic (Aljunied MRT),Wed,08:00,14:00,480,840,False,8:00am - 2:00pm
Geylang,OneCare Clinic (Aljunied MRT),Wed,17:00,21:00,1020,1260,False,5:00pm - 9:00pm
Geylang,OneCare Clinic (Aljunied MRT),Thurs,08:00,14:00,480,840,False,8:00am - 2:00pm
Geylang,OneCare Clinic (Aljunied MRT),Thurs,17:00,21:00,1020,1260,False,5:00pm - 9:00pm
Geylang,OneCare Clinic (Aljunied MRT),Fri,08:00,14:00,480,840,False,8:00am - 2:00pm
Geylang,OneCare Clinic (Aljunied MRT),Fri,17:00,21:00,1020,1260,False,5:00pm - 9:00pm
Geylang,OneCare Clinic (Aljunied MRT),Sat,08:00,12:00,480,720,False,8:00am - 12:00pm
Geylang,OneCare Clinic (Aljunied MRT),Sun,18:00,21:00,1080,1260,False,6:00pm - 9:00pm
Geylang,Sims Drive Medical Clinic,Mon,08:30,12:30,510,750,False,8:30am - 12:30pm
Geylang,Sims Drive Medical Clinic,Mon,14:00,16:30,840,990,False,2:00pm - 4:30pm
Geylang,Sims Drive Medical Clinic,Mon,19:00,21:00,1140,1260,False,7:00pm - 9:00pm
Geylang,Sims Drive Medical Clinic,Tues,08:30,12:30,510,750,False,8:30am - 12:30pm
Geylang,Sims Drive Medical Clinic,Tues,14:00,16:30,840,990,False,2:00pm - 4:30pm
Geylang,Sims Drive Medical Clinic,Tues,19:00,21:00,1140,1260,False,7:00pm - 9:00pm
Geylang,Sims Drive Medical Clinic,Wed,08:30,12:30,510,750,False,8:30am - 12:30pm
Geylang,Sims Drive Medical Clinic,Wed,14:00,16:30,840,990,False,2:00pm - 4:30pm
Geylang,Sims Drive Medical Clinic,Wed,19:00,21:00,1140,1260,False,7:00pm - 9:00pm
Geylang,Sims Drive Medical Clinic,Thurs,08:30,12:30,510,750,False,8:30am - 12:30pm
Geylang,Sims Drive Medical Clinic,Thurs,14:00,16:30,840,990,False,2:00pm - 4:30pm
Geylang,Sims Drive Medical Clinic,Thurs,19:00,21:00,1140,1260,False,7:00pm - 9:00pm
Geylang,Sims Drive Medical Clinic,Fri,08:30,12:30,510,750,False,8:30am - 12:30pm
Geylang,Sims Drive Medical Clinic,Fri,14:00,16:30,840,990,False,2:00pm - 4:30pm
Geylang,Sims Drive Medical Clinic,Fri,19:00,21:00,1140,1260,False,7:00pm - 9:00pm
Geylang,Sims Drive Medical Clinic,Sat,08:30,12:30,510,750,False,8:30am - 12:30pm
Geylang,Sims Drive Medical Clinic,Sat,19:00,21:00,1140,1260,False,7:00pm - 9:00pm
Geylang,Sims Drive Medical Clinic,Sun,08:30,12:30,510,750,False,8:30am - 12:30pm
Geylang,Sims Family Clinic,Mon,08:30,13:30,510,810,False,8:30am - 1:30pm
Geylang,Sims Family Clinic,Mon,18:00,21:00,1080,1260,False,6:00pm - 9:00pm
Geylang,Sims Family Clinic,Tues,08:30,13:30,510,810,False,8:30am - 1:30pm
Geylang,Sims Family Clinic,Tues,18:00,21:00,1080,1260,False,6:00pm - 9:00pm
Geylang,Sims Family Clinic,Wed,08:30,13:30,510,810,False,8:30am - 1:30pm
Geylang,Sims Family Clinic,Wed,18:00,21:00,1080,1260,False,6:00pm - 9:00pm
Geylang,Sims Family Clinic,Thurs,08:30,13:30,510,810,False,8:30am - 1:30pm
Geylang,Sims Family Clinic,Thurs,18:00,21:00,1080,1260,False,6:00pm - 9:00pm
Geylang,Sims Family Clinic,Fri,08:30,13:30,510,810,False,8:30am - 1:30pm
Geylang,Sims Family Clinic,Sat,08:30,12:30,510,750,False,8:30am - 12:30pm
Geylang,Sims Family Clinic,Sun,08:30,12:30,510,750,False,8:30am - 12:30pm
Geylang,Tembusu Medical Clinic (Haig Road),Mon,08:30,14:00,510,840,False,8:30am - 2:00pm
Geylang,Tembusu Medical Clinic (Haig Road),Mon,15:00,17:00,900,1020,False,3:00pm - 5:00pm
Geylang,Tembusu Medical Clinic (Haig Road),Mon,18:00,21:00,1080,1260,False,6:00pm - 9:00pm
Geylang,Tembusu Medical Clinic (Haig Road),Tues,08:30,14:00,510,840,False,8:30am - 2:00pm
Geylang,Tembusu Medical Clinic (Haig Road),Tues,18:00,21:00,1080,1260,False,6:00pm - 9:00pm
Geylang,Tembusu Medical Clinic (Haig Road),Wed,08:30,14:00,510,840,False,8:30am - 2:00pm
Geylang,Tembusu Medical Clinic (Haig Road),Wed,15:00,17:00,900,1020,False,3:00pm - 5:00pm
Geylang,Tembusu Medical Clinic (Haig Road),Wed,18:00,21:00,1080,1260,False,6:00pm - 9:00pm
Geylang,Tembusu Medical Clinic (Haig Road),Thurs,08:30,14:00,510,840,False,8:30am - 2:00pm
Geylang,Tembusu Medical Clinic (Haig Road),Thurs,18:00,21:00,1080,1260,False,6:00pm - 9:00pm
Geylang,Tembusu Medical Clinic (Haig Road),Fri,08:30,14:00,510,840,False,8:30am - 2:00pm
Geylang,Tembusu Medical Clinic (Haig Road),Sat,08:30,13:00,510,780,False,8:30am - 1:00pm
Geylang,Tembusu Medical Clinic (Haig Road),Sun,08:30,13:00,510,780,False,8:30am - 1:00pm
Geylang,1 Aljunied Medical,Mon,08:00,14:00,480,840,False,8:00am - 2:00pm
Geylang,1 Aljunied Medical,Mon,06:00,21:00,360,1260,False,6:00am - 9:00pm
Geylang,1 Aljunied Medical,Tues,08:00,14:00,480,840,False,8:00am - 2:00pm
Geylang,1 Aljunied Medical,Tues,06:00,21:00,360,1260,False,6:00am - 9:00pm
Geylang,1 Aljunied Medical,Wed,08:00,14:00,480,840,False,8:00am - 2:00pm
Geylang,1 Aljunied Medical,Wed,06:00,21:00,360,1260,False,6:00am - 9:00pm
Geylang,1 Aljunied Medical,Thurs,08:00,14:00,480,840,False,8:00am - 2:00pm
Geylang,1 Aljunied Medical,Thurs,06:00,21:00,360,1260,False,6:00am - 9:00pm
Geylang,1 Aljunied Medical,Fri,08:00,14:00,480,840,False,8:00am - 2:00pm
Geylang,1 Aljunied Medical,Fri,06:00,21:00,360,1260,False,6:00am - 9:00pm
Geylang,1 Aljunied Medical,Sun,08:00,14:00,480,840,False,8:00am - 2:00pm
Geylang,57 Medical Clinic (Geylang Bahru),Mon,08:00,13:00,480,780,False,8:00am - 1:00pm
Geylang,57 Medical Clinic (Geylang Bahru),Tues,08:00,13:00,480,780,False,8:00am - 1:00pm
Geylang,57 Medical Clinic (Geylang Bahru),Wed,08:00,13:00,480,780,False,8:00am - 1:00pm
Geylang,57 Medical Clinic (Geylang Bahru),Thurs,18:00,21:00,1080,1260,False,6:00pm - 9:00pm
Geylang,57 Medical Clinic (Geylang Bahru),Fri,08:00,13:00,480,780,False,8:00am - 1:00pm
Geylang,57 Medical Clinic (Geylang Bahru),Sat,08:00,13:00,480,780,False,8:00am - 1:00pm
Geylang,57 Medical Clinic (Geylang Bahru),Sun,09:00,12:00,540,720,False,9:00am - 12:00pm
Geylang,57 Medical Clinic (Geylang Bahru),PH,09:00,12:00,540,720,False,9:00am - 12:00pm
Holland Village,Beacon Medical Clinic Jelita,Mon,09:00,13:00,540,780,False,9:00am - 1:00pm
Holland Village,Beacon Medical Clinic Jelita,Tues,09:00,13:00,540,780,False,9:00am - 1:00pm
Holland Village,Beacon Medical Clinic Jelita,Wed,09:00,13:00,540,780,False,9:00am - 1:00pm
Holland Village,Beacon Medical Clinic Jelita,Wed,14:00,17:00,840,1020,False,2:00pm - 5:00pm
Holland Village,Beacon Medical Clinic Jelita,Thurs,14:00,17:00,840,1020,False,2:00pm - 5:00pm
Holland Village,Beacon Medical Clinic Jelita,Thurs,18:00,21:00,1080,1260,False,6:00pm - 9:00pm
Holland Village,Beacon Medical Clinic Jelita,Fri,09:00,13:00,540,780,False,9:00am - 1:00pm
Holland Village,Beacon Medical Clinic Jelita,Fri,14:00,17:00,840,1020,False,2:00pm - 5:00pm
Holland Village,Beacon Medical Clinic Jelita,Sat,09:00,13:00,540,780,False,9:00am - 1:00pm
Holland Village,International Medical Clinic (Holland Village),Mon,08:00,17:30,480,1050,False,8:00am - 5:30pm
Holland Village,International Medical Clinic (Holland Village),Tues,08:00,17:30,480,1050,False,8:00am - 5:30pm
Holland Village,International Medical Clinic (Holland Village),Wed,08:00,17:30,480,1050,False,8:00am - 5:30pm
Holland Village,International Medical Clinic (Holland Village),Thurs,08:00,17:30,480,1050,False,8:00am - 5:30pm
Holland Village,International Medical Clinic (Holland Village),Fri,09:00,17:30,540,1050,False,9:00am - 5:30pm
Holland Village,International Medical Clinic (Holland Village),Sat,09:00,13:00,540,780,False,9:00am - 1:00pm
Holland Village,Minmed Clinic (Holland Village),Mon,09:00,21:30,540,1290,False,9:00am - 9:30pm
Holland Village,Minmed Clinic (Holland Village),Mon,13:00,14:00,780,840,False,1:00pm - 2:00pm
Holland Village,Minmed Clinic (Holland Village),Mon,17:00,18:00,1020,1080,False,5:00pm - 6:00pm
Holland Village,Minmed Clinic (Holland Village),Tues,09:00,21:30,540,1290,False,9:00am - 9:30pm
Holland Village,Minmed Clinic (Holland Village),Tues,13:00,14:00,780,840,False,1:00pm - 2:00pm
Holland Village,Minmed Clinic (Holland Village),Tues,17:00,18:00,1020,1080,False,5:00pm - 6:00pm
Holland Village,Minmed Clinic (Holland Village),Wed,09:00,21:30,540,1290,False,9:00am - 9:30pm
Holland Village,Minmed Clinic (Holland Village),Wed,13:00,14:00,780,840,False,1:00pm - 2:00pm
Holland Village,Minmed Clinic (Holland Village),Wed,17:00,18:00,1020,1080,False,5:00pm - 6:00pm
Holland Village,Minmed Clinic (Holland Village),Thurs,09:00,21:30,540,1290,False,9:00am - 9:30pm
Holland Village,Minmed Clinic (Holland Village),Thurs,13:00,14:00,780,840,False,1:00pm - 2:00pm
Holland Village,Minmed Clinic (Holland Village),Thurs,17:00,18:00,1020,1080,False,5:00pm - 6:00pm
Holland Village,Minmed Clinic (Holland Village),Fri,09:00,21:30,540,1290,False,9:00am - 9:30pm
Holland Village,Minmed Clinic (Holland Village),Fri,13:00,14:00,780,840,False,1:00pm - 2:00pm
Holland Village,Minmed Clinic (Holland Village),Fri,17:00,18:00,1020,1080,False,5:00pm - 6:00pm
Holland Village,Minmed Clinic (Holland Village),Sat,09:00,13:00,540,780,False,9:00am - 1:00pm
Holland Village,Minmed Clinic (Holland Village),Sun,09:00,13:00,540,780,False,9:00am - 1:00pm
Holland Village,OneDoctors Family Clinic (HV),Mon,09:00,21:00,540,1260,False,9:00am - 9:00pm
Holland Village,OneDoctors Family Clinic (HV),Tues,09:00,21:00,540,1260,False,9:00am - 9:00pm
Holland Village,OneDoctors Family Clinic (HV),Wed,09:00,21:00,540,1260,False,9:00am - 9:00pm
Holland Village,OneDoctors Family Clinic (HV),Thurs,09:00,21:00,540,1260,False,9:00am - 9:00pm
Holland Village,OneDoctors Family Clinic (HV),Fri,09:00,21:00,540,1260,False,9:00am - 9:00pm
Holland Village,OneDoctors Family Clinic (HV),Sat,09:00,18:00,540,1080,False,9:00am - 6:00pm
Holland Village,OneDoctors Family Clinic (HV),Sun,09:00,18:00,540,1080,False,9:00am - 6:00pm
Holland Village,OneDoctors Family Clinic (HV),PH,09:00,18:00,540,1080,False,9:00am - 6:00pm
Holland Village,Raffles Medical Group (HV),Mon,08:30,21:30,510,1290,False,8:30am - 9:30pm
Holland Village,Raffles Medical Group (HV),Tues,08:30,21:30,510,1290,False,8:30am - 9:30pm
Holland Village,Raffles Medical Group (HV),Wed,08:30,21:30,510,1290,False,8:30am - 9:30pm
Holland Village,Raffles Medical Group (HV),Thurs,08:30,21:30,510,1290,False,8:30am - 9:30pm
Holland Village,Raffles Medical Group (HV),Fri,08:30,21:30,510,1290,False,8:30am - 9:30pm
Holland Village,Raffles Medical Group (HV),Sat,08:30,13:00,510,780,False,8:30am - 1:00pm
Holland Village,Raffles Medical Group (HV),Sat,14:00,17:30,840,1050,False,2:00pm - 5:30pm
Holland Village,Raffles Medical Group (HV),Sat,18:30,21:30,1110,1290,False,6:30pm - 9:30pm
Holland Village,Raffles Medical Group (HV),Sun,08:30,13:00,510,780,False,8:30am - 1:00pm
Holland Village,Raffles Medical Group (HV),Sun,14:00,17:30,840,1050,False,2:00pm - 5:30pm
Holland Village,Raffles Medical Group (HV),Sun,18:30,21:30,1110,1290,False,6:30pm - 9:30pm
Holland Village,Raffles Medical Group (HV),PH,08:30,13:00,510,780,False,8:30am - 1:00pm
Holland Village,Raffles Medical Group (HV),PH,14:00,17:30,840,1050,False,2:00pm - 5:30pm
Holland Village,Raffles Medical Group (HV),PH,18:30,21:30,1110,1290,False,6:30pm - 9:30pm
Holland Village,Silver Cross Medical (Holland),Mon,08:00,21:00,480,1260,False,8:00am - 9:00pm
Holland Village,Silver Cross Medical (Holland),Tues,08:00,21:00,480,1260,False,8:00am - 9:00pm
Holland Village,Silver Cross Medical (Holland),Wed,08:00,21:00,480,1260,False,8:00am - 9:00pm
Holland Village,Silver Cross Medical (Holland),Thurs,08:00,21:00,480,1260,False,8:00am - 9:00pm
Holland Village,Silver Cross Medical (Holland),Fri,08:00,21:00,480,1260,False,8:00am - 9:00pm
Holland Village,Silver Cross Medical (Holland),Sat,08:00,21:00,480,1260,False,8:00am - 9:00pm
Holland Village,Silver Cross Medical (Holland),Sun,08:00,21:00,480,1260,False,8:00am - 9:00pm
Holland Village,Silver Cross Medical (Holland),PH,08:00,21:00,480,1260,False,8:00am - 9:00pm
Holland Village,Yap Medicare Clinic & Surgery,Mon,08:30,11:30,510,690,False,8:30am - 11:30am
Holland Village,Yap Medicare Clinic & Surgery,Mon,14:00,15:30,840,930,False,2:00pm - 3:30pm
Holland Village,Yap Medicare Clinic & Surgery,Tues,08:30,11:30,510,690,False,8:30am - 11:30am
Holland Village,Yap Medicare Clinic & Surgery,Tues,14:00,15:30,840,930,False,2:00pm - 3:30pm
Holland Village,Yap Medicare Clinic & Surgery,Wed,08:30,11:30,510,690,False,8:30am - 11:30am
Holland Village,Yap Medicare Clinic & Surgery,Wed,14:00,15:30,840,930,False,2:00pm - 3:30pm
Holland Village,Yap Medicare Clinic & Surgery,Thurs,08:30,11:30,510,690,False,8:30am - 11:30am
Holland Village,Yap Medicare Clinic & Surgery,Thurs,14:00,15:30,840,930,False,2:00pm - 3:30pm
Holland Village,Yap Medicare Clinic & Surgery,Fri,08:30,11:30,510,690,False,8:30am - 11:30am
Holland Village,Yap Medicare Clinic & Surgery,Fri,14:00,15:30,840,930,False,2:00pm - 3:30pm
Holland Village,Yap Medicare Clinic & Surgery,Sat,08:30,11:30,510,690,False,8:30am - 11:30am
Holland Village,Yap Medicare Clinic & Surgery,Sun,08:30,11:30,510,690,False,8:30am - 11:30am
Hougang,Dedicare Medical Practice & Surgery,Mon,09:00,12:30,540,750,False,9:00am - 12:30pm
Hougang,Dedicare Medical Practice & Surgery,Mon,17:30,20:00,1050,1200,False,5:30pm - 8:00pm
Hougang,Dedicare Medical Practice & Surgery,Tues,17:30,20:00,1050,1200,False,5:30pm - 8:00pm
Hougang,Dedicare Medical Practice & Surgery,Wed,17:30,20:00,1050,1200,False,5:30pm - 8:00pm
Hougang,Dedicare Medical Practice & Surgery,Thurs,09:00,12:30,540,750,False,9:00am - 12:30pm
Hougang,Dedicare Medical Practice & Surgery,Thurs,17:30,20:00,1050,1200,False,5:30pm - 8:00pm
Hougang,Dedicare Medical Practice & Surgery,Fri,09:00,12:30,540,750,False,9:00am - 12:30pm
Hougang,Dedicare Medical Practice & Surgery,Sat,14:00,17:00,840,1020,False,2:00pm - 5:00pm
Hougang,EH Medical Family Clinic (Hougang),Mon,08:30,14:00,510,840,False,8:30am - 2:00pm
Hougang,EH Medical Family Clinic (Hougang),Mon,17:00,21:00,1020,1260,False,5:00pm - 9:00pm
Hougang,EH Medical Family Clinic (Hougang),Tues,08:30,14:00,510,840,False,8:30am - 2:00pm
Hougang,EH Medical Family Clinic (Hougang),Wed,08:30,14:00,510,840,False,8:30am - 2:00pm
Hougang,EH Medical Family Clinic (Hougang),Thurs,08:30,14:00,510,840,False,8:30am - 2:00pm
Hougang,EH Medical Family Clinic (Hougang),Fri,08:30,14:00,510,840,False,8:30am - 2:00pm
Hougang,EH Medical Family Clinic (Hougang),Sat,08:30,12:30,510,750,False,8:30am - 12:30pm
Hougang,Elissa Medical Clinic,Mon,08:30,13:00,510,780,False,8:30am - 1:00pm
Hougang,Elissa Medical Clinic,Mon,14:00,17:00,840,1020,False,2:00pm - 5:00pm
Hougang,Elissa Medical Clinic,Mon,18:00,21:00,1080,1260,False,6:00pm - 9:00pm
Hougang,Elissa Medical Clinic,Tues,08:30,13:00,510,780,False,8:30am - 1:00pm
Hougang,Elissa Medical Clinic,Tues,14:00,17:00,840,1020,False,2:00pm - 5:00pm
Hougang,Elissa Medical Clinic,Tues,18:00,21:00,1080,1260,False,6:00pm - 9:00pm
Hougang,Elissa Medical Clinic,Wed,08:30,13:00,510,780,False,8:30am - 1:00pm
Hougang,Elissa Medical Clinic,Wed,14:00,17:00,840,1020,False,2:00pm - 5:00pm
Hougang,Elissa Medical Clinic,Wed,18:00,21:00,1080,1260,False,6:00pm - 9:00pm
Hougang,Elissa Medical Clinic,Thurs,08:30,13:00,510,780,False,8:30am - 1:00pm
Hougang,Elissa Medical Clinic,Thurs,14:00,17:00,840,1020,False,2:00pm - 5:00pm
Hougang,Elissa Medical Clinic,Thurs,18:00,21:00,1080,1260,False,6:00pm - 9:00pm
Hougang,Elissa Medical Clinic,Fri,08:30,13:00,510,780,False,8:30am - 1:00pm
Hougang,Elissa Medical Clinic,Fri,14:00,17:00,840,1020,False,2:00pm - 5:00pm
Hougang,Elissa Medical Clinic,Fri,18:00,21:00,1080,1260,False,6:00pm - 9:00pm
Hougang,Elissa Medical Clinic,Sat,08:30,13:00,510,780,False,8:30am - 1:00pm
Hougang,Elissa Medical Clinic,Sat,14:00,17:00,840,1020,False,2:00pm - 5:00pm
Hougang,Elissa Medical Clinic,Sat,18:00,21:00,1080,1260,False,6:00pm - 9:00pm
Hougang,Elissa Medical Clinic,Sun,08:30,13:00,510,780,False,8:30am - 1:00pm
Hougang,Elissa Medical Clinic,Sun,14:00,17:00,840,1020,False,2:00pm - 5:00pm
Hougang,Elissa Medical Clinic,Sun,18:00,21:00,1080,1260,False,6:00pm - 9:00pm
Hougang,Elissa Medical Clinic,PH,08:30,13:00,510,780,False,8:30am - 1:00pm
Hougang,Elissa Medical Clinic,PH,14:00,17:00,840,1020,False,2:00pm - 5:00pm
Hougang,Elissa Medical Clinic,PH,18:00,21:00,1080,1260,False,6:00pm - 9:00pm
Hougang,Everhealth Medical Centre,Mon,09:00,12:30,540,750,False,9:00am - 12:30pm
Hougang,Everhealth Medical Centre,Mon,14:00,16:30,840,990,False,2:00pm - 4:30pm
Hougang,Everhealth Medical Centre,Mon,18:00,20:00,1080,1200,False,6:00pm - 8:00pm
Hougang,Everhealth Medical Centre,Tues,09:00,12:30,540,750,False,9:00am - 12:30pm
Hougang,Everhealth Medical Centre,Tues,14:00,16:30,840,990,False,2:00pm - 4:30pm
Hougang,Everhealth Medical Centre,Tues,18:00,20:00,1080,1200,False,6:00pm - 8:00pm
Hougang,Everhealth Medical Centre,Wed,09:00,12:30,540,750,False,9:00am - 12:30pm
Hougang,Everhealth Medical Centre,Thurs,09:00,12:30,540,750,False,9:00am - 12:30pm
Hougang,Everhealth Medical Centre,Thurs,18:00,20:00,1080,1200,False,6:00pm - 8:00pm
Hougang,Everhealth Medical Centre,Fri,09:00,12:30,540,750,False,9:00am - 12:30pm
Hougang,Everhealth Medical Centre,Sat,09:00,12:00,540,720,False,9:00am - 12:00pm
Hougang,Excel Family Clinic,Mon,09:00,11:30,540,690,False,9:00am - 11:30am
Hougang,Excel Family Clinic,Tues,09:00,11:30,540,690,False,9:00am - 11:30am
Hougang,Excel Family Clinic,Thurs,14:00,15:30,840,930,False,2:00pm - 3:30pm
Hougang,Excel Family Clinic,Fri,14:00,15:30,840,930,False,2:00pm - 3:30pm
Hougang,Family Care Medical Centre,Mon,08:30,12:30,510,750,False,8:30am - 12:30pm
Hougang,Family Care Medical Centre,Tues,08:30,12:30,510,750,False,8:30am - 12:30pm
Hougang,Family Care Medical Centre,Wed,08:30,12:30,510,750,False,8:30am - 12:30pm
Hougang,Family Care Medical Centre,Thurs,14:30,16:30,870,990,False,2:30pm - 4:30pm
Hougang,Family Care Medical Centre,Fri,14:30,16:30,870,990,False,2:30pm - 4:30pm
Hougang,Family Care Medical Centre,Sat,08:30,12:30,510,750,False,8:30am - 12:30pm
Hougang,iDoc Clinic Pte Ltd (Hougang Green),Mon,08:30,12:00,510,720,False,8:30am - 12:00pm
Hougang,iDoc Clinic Pte Ltd (Hougang Green),Tues,08:30,12:00,510,720,False,8:30am - 12:00pm
Hougang,iDoc Clinic Pte Ltd (Hougang Green),Wed,08:30,12:00,510,720,False,8:30am - 12:00pm
Hougang,iDoc Clinic Pte Ltd (Hougang Green),Wed,13:00,17:00,780,1020,False,1:00pm - 5:00pm
Hougang,iDoc Clinic Pte Ltd (Hougang Green),Wed,18:30,21:00,1110,1260,False,6:30pm - 9:00pm
Hougang,iDoc Clinic Pte Ltd (Hougang Green),Thurs,13:00,17:00,780,1020,False,1:00pm - 5:00pm
Hougang,iDoc Clinic Pte Ltd (Hougang Green),Fri,13:00,17:00,780,1020,False,1:00pm - 5:00pm
Hougang,Intemedical Kovan,Mon,08:00,22:00,480,1320,False,8:00am - 10:00pm
Hougang,Intemedical Kovan,Tues,08:00,22:00,480,1320,False,8:00am - 10:00pm
Hougang,Intemedical Kovan,Wed,08:00,22:00,480,1320,False,8:00am - 10:00pm
Hougang,Intemedical Kovan,Thurs,08:00,22:00,480,1320,False,8:00am - 10:00pm
Hougang,Intemedical Kovan,Fri,08:00,22:00,480,1320,False,8:00am - 10:00pm
Hougang,Intemedical Kovan,Sat,08:00,22:00,480,1320,False,8:00am - 10:00pm
Hougang,Intemedical Kovan,Sun,08:00,22:00,480,1320,False,8:00am - 10:00pm
Hougang,Kindred Family Clinic (Hougang),Mon,08:30,12:30,510,750,False,8:30am - 12:30pm
Hougang,Kindred Family Clinic (Hougang),Tues,08:30,12:30,510,750,False,8:30am - 12:30pm
Hougang,Kindred Family Clinic (Hougang),Wed,08:30,12:30,510,750,False,8:30am - 12:30pm
Hougang,Kindred Family Clinic (Hougang),Wed,14:00,17:00,840,1020,False,2:00pm - 5:00pm
Hougang,Kindred Family Clinic (Hougang),Thurs,14:00,17:00,840,1020,False,2:00pm - 5:00pm
Hougang,Kindred Family Clinic (Hougang),Thurs,18:00,21:00,1080,1260,False,6:00pm - 9:00pm
Hougang,Kindred Family Clinic (Hougang),Fri,08:30,12:30,510,750,False,8:30am - 12:30pm
Hougang,Kindred Family Clinic (Hougang),Fri,14:00,17:00,840,1020,False,2:00pm - 5:00pm
Hougang,Kindred Family Clinic (Hougang),Sat,08:30,12:30,510,750,False,8:30am - 12:30pm
Hougang,Kindred Family Clinic (Kovan),Mon,08:30,13:00,510,780,False,8:30am - 1:00pm
Hougang,Kindred Family Clinic (Kovan),Mon,14:00,17:00,840,1020,False,2:00pm - 5:00pm
Hougang,Kindred Family Clinic (Kovan),Mon,18:00,21:00,1080,1260,False,6:00pm - 9:00pm
Hougang,Kindred Family Clinic (Kovan),Tues,08:30,13:00,510,780,False,8:30am - 1:00pm
Hougang,Kindred Family Clinic (Kovan),Tues,14:00,17:00,840,1020,False,2:00pm - 5:00pm
Hougang,Kindred Family Clinic (Kovan),Tues,18:00,21:00,1080,1260,False,6:00pm - 9:00pm
Hougang,Kindred Family Clinic (Kovan),Wed,08:30,13:00,510,780,False,8:30am - 1:00pm
Hougang,Kindred Family Clinic (Kovan),Wed,14:00,17:00,840,1020,False,2:00pm - 5:00pm
Hougang,Kindred Family Clinic (Kovan),Wed,18:00,21:00,1080,1260,False,6:00pm - 9:00pm
Hougang,Kindred Family Clinic (Kovan),Thurs,08:30,13:00,510,780,False,8:30am - 1:00pm
Hougang,Kindred Family Clinic (Kovan),Thurs,14:00,17:00,840,1020,False,2:00pm - 5:00pm
Hougang,Kindred Family Clinic (Kovan),Thurs,18:00,21:00,1080,1260,False,6:00pm - 9:00pm
Hougang,Kindred Family Clinic (Kovan),Fri,08:30,13:00,510,780,False,8:30am - 1:00pm
Hougang,Kindred Family Clinic (Kovan),Fri,14:00,17:00,840,1020,False,2:00pm - 5:00pm
Hougang,Kindred Family Clinic (Kovan),Fri,18:00,21:00,1080,1260,False,6:00pm - 9:00pm
Hougang,Kindred Family Clinic (Kovan),Sat,08:30,13:00,510,780,False,8:30am - 1:00pm
Hougang,Kindred Family Clinic (Kovan),Sun,08:30,13:00,510,780,False,8:30am - 1:00pm
Hougang,Kindred Family Clinic (Kovan),PH,08:30,13:00,510,780,False,8:30am - 1:00pm
Hougang,Mediversal Clinic,Mon,09:00,21:00,540,1260,False,9:00am - 9:00pm
Hougang,Mediversal Clinic,Tues,09:00,13:00,540,780,False,9:00am - 1:00pm
Hougang,Mediversal Clinic,Tues,18:00,21:00,1080,1260,False,6:00pm - 9:00pm
Hougang,Mediversal Clinic,Wed,09:00,13:00,540,780,False,9:00am - 1:00pm
Hougang,Mediversal Clinic,Wed,18:00,21:00,1080,1260,False,6:00pm - 9:00pm
Hougang,Mediversal Clinic,Thurs,09:00,13:00,540,780,False,9:00am - 1:00pm
Hougang,Mediversal Clinic,Thurs,18:00,21:00,1080,1260,False,6:00pm - 9:00pm
Hougang,Mediversal Clinic,Fri,09:00,13:00,540,780,False,9:00am - 1:00pm
Hougang,Mediversal Clinic,Fri,18:00,21:00,1080,1260,False,6:00pm - 9:00pm
Hougang,Mediversal Clinic,Sat,09:00,13:00,540,780,False,9:00am - 1:00pm
Hougang,Mediversal Clinic,Sun,09:00,12:00,540,720,False,9:00am - 12:00pm
Hougang,Mediversal Clinic,PH,09:00,13:00,540,780,False,9:00am - 1:00pm
Hougang,Parkway Shenton Medical Group (Kovan),Mon,09:00,13:00,540,780,False,9:00am - 1:00pm
Hougang,Parkway Shenton Medical Group (Kovan),Mon,14:00,18:00,840,1080,False,2:00pm - 6:00pm
Hougang,Parkway Shenton Medical Group (Kovan),Tues,09:00,13:00,540,780,False,9:00am - 1:00pm
Hougang,Parkway Shenton Medical Group (Kovan),Tues,14:00,18:00,840,1080,False,2:00pm - 6:00pm
Hougang,Parkway Shenton Medical Group (Kovan),Wed,09:00,13:00,540,780,False,9:00am - 1:00pm
Hougang,Parkway Shenton Medical Group (Kovan),Wed,14:00,18:00,840,1080,False,2:00pm - 6:00pm
Hougang,Parkway Shenton Medical Group (Kovan),Thurs,09:00,13:00,540,780,False,9:00am - 1:00pm
Hougang,Parkway Shenton Medical Group (Kovan),Thurs,14:00,18:00,840,1080,False,2:00pm - 6:00pm
Hougang,Parkway Shenton Medical Group (Kovan),Fri,09:00,13:00,540,780,False,9:00am - 1:00pm
Hougang,Parkway Shenton Medical Group (Kovan),Fri,14:00,18:00,840,1080,False,2:00pm - 6:00pm
Hougang,Parkway Shenton Medical Group (Kovan),Sat,09:00,13:00,540,780,False,9:00am - 1:00pm
Hougang,Pano Family Clinic,Mon,08:00,21:00,480,1260,False,8:00am - 9:00pm
Hougang,Pano Family Clinic,Tues,08:00,21:00,480,1260,False,8:00am - 9:00pm
Hougang,Pano Family Clinic,Wed,08:00,21:00,480,1260,False,8:00am - 9:00pm
Hougang,Pano Family Clinic,Thurs,08:00,21:00,480,1260,False,8:00am - 9:00pm
Hougang,Pano Family Clinic,Fri,08:00,21:00,480,1260,False,8:00am - 9:00pm
Hougang,Pano Family Clinic,Sat,08:00,21:00,480,1260,False,8:00am - 9:00pm
Hougang,Lo & Lee Clinic & Surgery,Mon,08:30,16:00,510,960,False,8:30am - 4:00pm
Hougang,Lo & Lee Clinic & Surgery,Tues,08:30,16:00,510,960,False,8:30am - 4:00pm
Hougang,Lo & Lee Clinic & Surgery,Wed,08:30,16:00,510,960,False,8:30am - 4:00pm
Hougang,Lo & Lee Clinic & Surgery,Thurs,08:30,16:00,510,960,False,8:30am - 4:00pm
Hougang,Lo & Lee Clinic & Surgery,Fri,08:30,16:00,510,960,False,8:30am - 4:00pm
Hougang,Lo & Lee Clinic & Surgery,Sat,08:30,12:30,510,750,False,8:30am - 12:30pm
Hougang,Lo & Lee Clinic & Surgery,Sun,08:30,12:30,510,750,False,8:30am - 12:30pm
Hougang,Meyer Family Clinic,Mon,08:30,14:00,510,840,False,8:30am - 2:00pm
Hougang,Meyer Family Clinic,Mon,17:00,21:00,1020,1260,False,5:00pm - 9:00pm
Hougang,Meyer Family Clinic,Tues,08:30,14:00,510,840,False,8:30am - 2:00pm
Hougang,Meyer Family Clinic,Tues,17:00,21:00,1020,1260,False,5:00pm - 9:00pm
Hougang,Meyer Family Clinic,Wed,08:30,14:00,510,840,False,8:30am - 2:00pm
Hougang,Meyer Family Clinic,Wed,17:00,21:00,1020,1260,False,5:00pm - 9:00pm
Hougang,Meyer Family Clinic,Thurs,08:30,14:00,510,840,False,8:30am - 2:00pm
Hougang,Meyer Family Clinic,Thurs,17:00,21:00,1020,1260,False,5:00pm - 9:00pm
Hougang,Meyer Family Clinic,Fri,08:30,14:00,510,840,False,8:30am - 2:00pm
Hougang,Meyer Family Clinic,Fri,17:00,21:00,1020,1260,False,5:00pm - 9:00pm
Hougang,Meyer Family Clinic,Sat,09:00,14:00,540,840,False,9:00am - 2:00pm
Hougang,Meyer Family Clinic,Sat,16:00,21:00,960,1260,False,4:00pm - 9:00pm
Hougang,Meyer Family Clinic,Sun,09:00,14:00,540,840,False,9:00am - 2:00pm
Hougang,Meyer Family Clinic,Sun,16:00,21:00,960,1260,False,4:00pm - 9:00pm
Hougang,Meyer Family Clinic,PH,09:00,14:00,540,840,False,9:00am - 2:00pm
Hougang,Meyer Family Clinic,PH,16:00,21:00,960,1260,False,4:00pm - 9:00pm
Hougang,Norwood Medical (Hougang),Mon,08:00,14:00,480,840,False,8:00am - 2:00pm
Hougang,Norwood Medical (Hougang),Tues,08:00,17:00,480,1020,False,8:00am - 5:00pm
Hougang,Norwood Medical (Hougang),Wed,08:00,14:00,480,840,False,8:00am - 2:00pm
Hougang,Norwood Medical (Hougang),Thurs,08:00,17:00,480,1020,False,8:00am - 5:00pm
Hougang,Norwood Medical (Hougang),Fri,18:00,19:30,1080,1170,False,6:00pm - 7:30pm
Hougang,Norwood Medical (Hougang),Sat,08:00,13:00,480,780,False,8:00am - 1:00pm
Hougang,Norwood Medical (Hougang),Sun,14:00,18:00,840,1080,False,2:00pm - 6:00pm
Hougang,Norwood Medical (Hougang),PH,09:00,13:00,540,780,False,9:00am - 1:00pm
Hougang,Pancare Medical Clinic (Hougang),Mon,08:00,13:00,480,780,False,8:00am - 1:00pm
Hougang,Pancare Medical Clinic (Hougang),Mon,14:00,17:00,840,1020,False,2:00pm - 5:00pm
Hougang,Pancare Medical Clinic (Hougang),Mon,18:00,21:00,1080,1260,False,6:00pm - 9:00pm
Hougang,Pancare Medical Clinic (Hougang),Tues,08:00,13:00,480,780,False,8:00am - 1:00pm
Hougang,Pancare Medical Clinic (Hougang),Wed,08:00,13:00,480,780,False,8:00am - 1:00pm
Hougang,Pancare Medical Clinic (Hougang),Wed,14:00,17:00,840,1020,False,2:00pm - 5:00pm
Hougang,Pancare Medical Clinic (Hougang),Wed,18:00,21:00,1080,1260,False,6:00pm - 9:00pm
Hougang,Pancare Medical Clinic (Hougang),Thurs,08:00,13:00,480,780,False,8:00am - 1:00pm
Hougang,Pancare Medical Clinic (Hougang),Fri,14:00,17:00,840,1020,False,2:00pm - 5:00pm
Hougang,Pancare Medical Clinic (Hougang),Sat,08:00,13:00,480,780,False,8:00am - 1:00pm
Hougang,Pancare Medical Clinic (Hougang),Sun,14:00,20:00,840,1200,False,2:00pm - 8:00pm
Hougang,Pancare Medical Clinic (Hougang),PH,08:00,13:00,480,780,False,8:00am - 1:00pm
Hougang,PanCare Family Clinic (Lor Ah Soo),Mon,08:00,13:00,480,780,False,8:00am - 1:00pm
Hougang,PanCare Family Clinic (Lor Ah Soo),Mon,14:00,17:00,840,1020,False,2:00pm - 5:00pm
Hougang,PanCare Family Clinic (Lor Ah Soo),Mon,18:00,21:00,1080,1260,False,6:00pm - 9:00pm
Hougang,PanCare Family Clinic (Lor Ah Soo),Tues,08:00,13:00,480,780,False,8:00am - 1:00pm
Hougang,PanCare Family Clinic (Lor Ah Soo),Tues,14:00,17:00,840,1020,False,2:00pm - 5:00pm
Hougang,PanCare Family Clinic (Lor Ah Soo),Wed,08:00,13:00,480,780,False,8:00am - 1:00pm
Hougang,PanCare Family Clinic (Lor Ah Soo),Wed,14:00,17:00,840,1020,False,2:00pm - 5:00pm
Hougang,PanCare Family Clinic (Lor Ah Soo),Wed,18:00,21:00,1080,1260,False,6:00pm - 9:00pm
Hougang,PanCare Family Clinic (Lor Ah Soo),Thurs,08:00,13:00,480,780,False,8:00am - 1:00pm
Hougang,PanCare Family Clinic (Lor Ah Soo),Fri,08:00,13:00,480,780,False,8:00am - 1:00pm
Hougang,PanCare Family Clinic (Lor Ah Soo),Fri,14:00,17:00,840,1020,False,2:00pm - 5:00pm
Hougang,PanCare Family Clinic (Lor Ah Soo),Sat,08:00,13:00,480,780,False,8:00am - 1:00pm
Hougang,Panhealth Family Clinic (Hougang),Mon,08:30,13:00,510,780,False,8:30am - 1:00pm
Hougang,Panhealth Family Clinic (Hougang),Mon,17:00,21:30,1020,1290,False,5:00pm - 9:30pm
Hougang,Panhealth Family Clinic (Hougang),Tues,08:30,13:00,510,780,False,8:30am - 1:00pm
Hougang,Panhealth Family Clinic (Hougang),Tues,17:00,21:30,1020,1290,False,5:00pm - 9:30pm
Hougang,Panhealth Family Clinic (Hougang),Wed,08:30,13:00,510,780,False,8:30am - 1:00pm
Hougang,Panhealth Family Clinic (Hougang),Wed,17:00,21:30,1020,1290,False,5:00pm - 9:30pm
Hougang,Panhealth Family Clinic (Hougang),Thurs,08:30,13:00,510,780,False,8:30am - 1:00pm
Hougang,Panhealth Family Clinic (Hougang),Thurs,17:00,21:30,1020,1290,False,5:00pm - 9:30pm
Hougang,Panhealth Family Clinic (Hougang),Fri,08:30,13:00,510,780,False,8:30am - 1:00pm
Hougang,Panhealth Family Clinic (Hougang),Sat,08:30,13:00,510,780,False,8:30am - 1:00pm
Hougang,Pinnacle Family Clinic (Hougang),Mon,08:00,12:30,480,750,False,8:00am - 12:30pm
Hougang,Pinnacle Family Clinic (Hougang),Mon,14:00,17:00,840,1020,False,2:00pm - 5:00pm
Hougang,Pinnacle Family Clinic (Hougang),Tues,08:00,12:30,480,750,False,8:00am - 12:30pm
Hougang,Pinnacle Family Clinic (Hougang),Tues,14:00,16:30,840,990,False,2:00pm - 4:30pm
Hougang,Pinnacle Family Clinic (Hougang),Wed,08:00,12:30,480,750,False,8:00am - 12:30pm
Hougang,Pinnacle Family Clinic (Hougang),Wed,14:00,16:30,840,990,False,2:00pm - 4:30pm
Hougang,Pinnacle Family Clinic (Hougang),Thurs,08:00,12:30,480,750,False,8:00am - 12:30pm
Hougang,Pinnacle Family Clinic (Hougang),Thurs,14:00,16:30,840,990,False,2:00pm - 4:30pm
Hougang,Pinnacle Family Clinic (Hougang),Fri,08:00,13:00,480,780,False,8:00am - 1:00pm
Hougang,Pinnacle Family Clinic (Hougang),Fri,14:00,16:00,840,960,False,2:00pm - 4:00pm
Hougang,Pinnacle Family Clinic (Hougang),Sat,09:00,13:00,540,780,False,9:00am - 1:00pm
Hougang,Prestige Family Clinic,Mon,09:00,13:30,540,810,False,9:00am - 1:30pm
Hougang,Prestige Family Clinic,Mon,18:00,21:00,1080,1260,False,6:00pm - 9:00pm
Hougang,Prestige Family Clinic,Tues,09:00,13:30,540,810,False,9:00am - 1:30pm
Hougang,Prestige Family Clinic,Tues,18:00,21:00,1080,1260,False,6:00pm - 9:00pm
Hougang,Prestige Family Clinic,Wed,09:00,13:30,540,810,False,9:00am - 1:30pm
Hougang,Prestige Family Clinic,Wed,18:00,21:00,1080,1260,False,6:00pm - 9:00pm
Hougang,Prestige Family Clinic,Thurs,09:00,13:30,540,810,False,9:00am - 1:30pm
Hougang,Prestige Family Clinic,Thurs,18:00,21:00,1080,1260,False,6:00pm - 9:00pm
Hougang,Prestige Family Clinic,Fri,09:00,13:30,540,810,False,9:00am - 1:30pm
Hougang,Prestige Family Clinic,Sat,09:00,13:30,540,810,False,9:00am - 1:30pm
Jurong East,EJ Tan Clinic & Surgery,Mon,08:30,12:30,510,750,False,8:30am - 12:30pm
Jurong East,EJ Tan Clinic & Surgery,Mon,14:00,16:00,840,960,False,2:00pm - 4:00pm
Jurong East,EJ Tan Clinic & Surgery,Mon,19:00,21:30,1140,1290,False,7:00pm - 9:30pm
Jurong East,EJ Tan Clinic & Surgery,Tues,08:30,12:30,510,750,False,8:30am - 12:30pm
Jurong East,EJ Tan Clinic & Surgery,Tues,14:00,16:00,840,960,False,2:00pm - 4:00pm
Jurong East,EJ Tan Clinic & Surgery,Tues,19:00,21:30,1140,1290,False,7:00pm - 9:30pm
Jurong East,EJ Tan Clinic & Surgery,Wed,08:30,12:30,510,750,False,8:30am - 12:30pm
Jurong East,EJ Tan Clinic & Surgery,Wed,14:00,16:00,840,960,False,2:00pm - 4:00pm
Jurong East,EJ Tan Clinic & Surgery,Wed,19:00,21:30,1140,1290,False,7:00pm - 9:30pm
Jurong East,EJ Tan Clinic & Surgery,Thurs,08:30,12:30,510,750,False,8:30am - 12:30pm
Jurong East,EJ Tan Clinic & Surgery,Thurs,14:00,16:00,840,960,False,2:00pm - 4:00pm
Jurong East,EJ Tan Clinic & Surgery,Thurs,19:00,21:30,1140,1290,False,7:00pm - 9:30pm
Jurong East,EJ Tan Clinic & Surgery,Fri,08:30,12:30,510,750,False,8:30am - 12:30pm
Jurong East,EJ Tan Clinic & Surgery,Fri,14:00,16:00,840,960,False,2:00pm - 4:00pm
Jurong East,EJ Tan Clinic & Surgery,Fri,19:00,21:30,1140,1290,False,7:00pm - 9:30pm
Jurong East,EJ Tan Clinic & Surgery,Sat,08:30,12:30,510,750,False,8:30am - 12:30pm
Jurong East,EJ Tan Clinic & Surgery,Sat,19:00,21:00,1140,1260,False,7:00pm - 9:00pm
Jurong East,EJ Tan Clinic & Surgery,Sun,19:00,21:00,1140,1260,False,7:00pm - 9:00pm
Jurong East,Healthveer Medical Clinic (Jurong East),Sun,05:30,22:00,330,1320,False,5:30am - 10:00pm
Jurong East,Mary Medical Clinic and Surgery,Mon,09:00,21:00,540,1260,False,9:00am - 9:00pm
Jurong East,Mary Medical Clinic and Surgery,Tues,09:00,17:00,540,1020,False,9:00am - 5:00pm
Jurong East,Mary Medical Clinic and Surgery,Wed,09:00,13:00,540,780,False,9:00am - 1:00pm
Jurong East,Mary Medical Clinic and Surgery,Wed,17:30,21:00,1050,1260,False,5:30pm - 9:00pm
Jurong East,Mary Medical Clinic and Surgery,Thurs,09:00,21:00,540,1260,False,9:00am - 9:00pm
Jurong East,Mary Medical Clinic and Surgery,Fri,09:00,13:00,540,780,False,9:00am - 1:00pm
Jurong East,Mary Medical Clinic and Surgery,Sat,09:00,13:00,540,780,False,9:00am - 1:00pm
Jurong East,Mary Medical Clinic and Surgery,Sun,09:00,13:00,540,780,False,9:00am - 1:00pm
Jurong East,Medico Clinic and Surgery,Mon,09:00,13:00,540,780,False,9:00am - 1:00pm
Jurong East,Medico Clinic and Surgery,Mon,14:00,16:30,840,990,False,2:00pm - 4:30pm
Jurong East,Medico Clinic and Surgery,Tues,09:00,13:00,540,780,False,9:00am - 1:00pm
Jurong East,Medico Clinic and Surgery,Tues,14:00,16:30,840,990,False,2:00pm - 4:30pm
Jurong East,Medico Clinic and Surgery,Wed,09:00,13:00,540,780,False,9:00am - 1:00pm
Jurong East,Medico Clinic and Surgery,Wed,14:00,16:30,840,990,False,2:00pm - 4:30pm
Jurong East,Medico Clinic and Surgery,Thurs,09:00,13:00,540,780,False,9:00am - 1:00pm
Jurong East,Medico Clinic and Surgery,Thurs,14:00,16:30,840,990,False,2:00pm - 4:30pm
Jurong East,Medico Clinic and Surgery,Fri,09:00,13:00,540,780,False,9:00am - 1:00pm
Jurong East,Medico Clinic and Surgery,Fri,14:00,16:30,840,990,False,2:00pm - 4:30pm
Jurong East,Medico Clinic and Surgery,Sat,09:00,13:00,540,780,False,9:00am - 1:00pm
Jurong East,OneCare Clinic (Jurong East),Mon,08:00,15:00,480,900,False,8:00am - 3:00pm
Jurong East,OneCare Clinic (Jurong East),Mon,17:30,21:00,1050,1260,False,5:30pm - 9:00pm
Jurong East,OneCare Clinic (Jurong East),Tues,08:00,15:00,480,900,False,8:00am - 3:00pm
Jurong East,OneCare Clinic (Jurong East),Tues,17:30,21:00,1050,1260,False,5:30pm - 9:00pm
Jurong East,OneCare Clinic (Jurong East),Wed,08:00,15:00,480,900,False,8:00am - 3:00pm
Jurong East,OneCare Clinic (Jurong East),Wed,17:30,21:00,1050,1260,False,5:30pm - 9:00pm
Jurong East,OneCare Clinic (Jurong East),Thurs,08:00,15:00,480,900,False,8:00am - 3:00pm
Jurong East,OneCare Clinic (Jurong East),Thurs,17:30,21:00,1050,1260,False,5:30pm - 9:00pm
Jurong East,OneCare Clinic (Jurong East),Fri,08:00,15:00,480,900,False,8:00am - 3:00pm
Jurong East,OneCare Clinic (Jurong East),Fri,17:30,21:00,1050,1260,False,5:30pm - 9:00pm
Jurong East,OneCare Clinic (Jurong East),Sat,08:30,12:30,510,750,False,8:30am - 12:30pm
Jurong East,OneCare Clinic (Jurong East),Sun,08:30,12:30,510,750,False,8:30am - 12:30pm
Jurong East,Pancare Medical Clinic (Jurong East),Mon,08:00,21:00,480,1260,False,8:00am - 9:00pm
Jurong East,Pancare Medical Clinic (Jurong East),Tues,08:00,13:00,480,780,False,8:00am - 1:00pm
Jurong East,Pancare Medical Clinic (Jurong East),Wed,08:00,13:00,480,780,False,8:00am - 1:00pm
Jurong East,Pancare Medical Clinic (Jurong East),Thurs,08:00,21:00,480,1260,False,8:00am - 9:00pm
Jurong East,Pancare Medical Clinic (Jurong East),Fri,08:00,13:00,480,780,False,8:00am - 1:00pm
Jurong East,Pancare Medical Clinic (Jurong East),Sun,14:00,17:00,840,1020,False,2:00pm - 5:00pm
Jurong East,Pancare Medical Clinic (Jurong East),PH,08:00,13:00,480,780,False,8:00am - 1:00pm
Jurong East,Sata CommonHealth Medical Centre (Jurong),Mon,08:30,12:30,510,750,False,8:30am - 12:30pm
Jurong East,Sata CommonHealth Medical Centre (Jurong),Mon,13:30,17:00,810,1020,False,1:30pm - 5:00pm
Jurong East,Sata CommonHealth Medical Centre (Jurong),Tues,08:30,12:30,510,750,False,8:30am - 12:30pm
Jurong East,Sata CommonHealth Medical Centre (Jurong),Tues,13:30,17:00,810,1020,False,1:30pm - 5:00pm
Jurong East,Sata CommonHealth Medical Centre (Jurong),Wed,08:30,12:30,510,750,False,8:30am - 12:30pm
Jurong East,Sata CommonHealth Medical Centre (Jurong),Wed,13:30,17:00,810,1020,False,1:30pm - 5:00pm
Jurong East,Sata CommonHealth Medical Centre (Jurong),Thurs,08:30,12:30,510,750,False,8:30am - 12:30pm
Jurong East,Sata CommonHealth Medical Centre (Jurong),Thurs,13:30,17:00,810,1020,False,1:30pm - 5:00pm
Jurong East,Sata CommonHealth Medical Centre (Jurong),Fri,08:30,12:30,510,750,False,8:30am - 12:30pm
Jurong East,Sata CommonHealth Medical Centre (Jurong),Fri,13:30,17:00,810,1020,False,1:30pm - 5:00pm
Jurong East,Sata CommonHealth Medical Centre (Jurong),Sat,08:30,13:00,510,780,False,8:30am - 1:00pm
Jurong East,Toh Guan Family Clinic,Mon,09:00,12:30,540,750,False,9:00am - 12:30pm
Jurong East,Toh Guan Family Clinic,Mon,14:00,16:30,840,990,False,2:00pm - 4:30pm
Jurong East,Toh Guan Family Clinic,Mon,19:00,21:30,1140,1290,False,7:00pm - 9:30pm
Jurong East,Toh Guan Family Clinic,Tues,09:00,12:30,540,750,False,9:00am - 12:30pm
Jurong East,Toh Guan Family Clinic,Tues,14:00,16:30,840,990,False,2:00pm - 4:30pm
Jurong East,Toh Guan Family Clinic,Tues,19:00,21:30,1140,1290,False,7:00pm - 9:30pm
Jurong East,Toh Guan Family Clinic,Wed,09:00,12:30,540,750,False,9:00am - 12:30pm
Jurong East,Toh Guan Family Clinic,Thurs,09:00,12:30,540,750,False,9:00am - 12:30pm
Jurong East,Toh Guan Family Clinic,Thurs,14:00,16:30,840,990,False,2:00pm - 4:30pm
Jurong East,Toh Guan Family Clinic,Fri,09:00,12:30,540,750,False,9:00am - 12:30pm
Jurong East,Toh Guan Family Clinic,Fri,14:00,16:30,840,990,False,2:00pm - 4:30pm
Jurong East,Toh Guan Family Clinic,Sat,09:00,12:30,540,750,False,9:00am - 12:30pm
Jurong West,Advantage Medical Clinic (Jurong West),Mon,09:00,13:00,540,780,False,9:00am - 1:00pm
Jurong West,Advantage Medical Clinic (Jurong West),Mon,14:00,21:00,840,1260,False,2:00pm - 9:00pm
Jurong West,Advantage Medical Clinic (Jurong West),Tues,09:00,13:00,540,780,False,9:00am - 1:00pm
Jurong West,Advantage Medical Clinic (Jurong West),Tues,14:00,21:00,840,1260,False,2:00pm - 9:00pm
Jurong West,Advantage Medical Clinic (Jurong West),Wed,09:00,13:00,540,780,False,9:00am - 1:00pm
Jurong West,Advantage Medical Clinic (Jurong West),Wed,14:00,21:00,840,1260,False,2:00pm - 9:00pm
Jurong West,Advantage Medical Clinic (Jurong West),Thurs,09:00,13:00,540,780,False,9:00am - 1:00pm
Jurong West,Advantage Medical Clinic (Jurong West),Thurs,14:00,21:00,840,1260,False,2:00pm - 9:00pm
Jurong West,Advantage Medical Clinic (Jurong West),Fri,09:00,13:00,540,780,False,9:00am - 1:00pm
Jurong West,Advantage Medical Clinic (Jurong West),Fri,14:00,21:00,840,1260,False,2:00pm - 9:00pm
Jurong West,Advantage Medical Clinic (Jurong West),Sat,09:00,13:00,540,780,False,9:00am - 1:00pm
Jurong West,Advantage Medical Clinic (Jurong West),Sun,09:00,13:00,540,780,False,9:00am - 1:00pm
Jurong West,Banyan Clinic @ JW,Mon,10:30,14:30,630,870,False,10:30am - 2:30pm
Jurong West,Banyan Clinic @ JW,Mon,20:30,22:30,1230,1350,False,8:30pm - 10:30pm
Jurong West,Banyan Clinic @ JW,Mon,10:30,14:30,630,870,False,10:30am - 2:30pm
Jurong West,Banyan Clinic @ JW,Tues,10:30,14:30,630,870,False,10:30am - 2:30pm
Jurong West,Banyan Clinic @ JW,Tues,20:30,22:30,1230,1350,False,8:30pm - 10:30pm
Jurong West,Banyan Clinic @ JW,Tues,10:30,14:30,630,870,False,10:30am - 2:30pm
Jurong West,Banyan Clinic @ JW,Wed,10:30,14:30,630,870,False,10:30am - 2:30pm
Jurong West,Banyan Clinic @ JW,Wed,20:30,22:30,1230,1350,False,8:30pm - 10:30pm
Jurong West,Banyan Clinic @ JW,Wed,10:30,14:30,630,870,False,10:30am - 2:30pm
Jurong West,Banyan Clinic @ JW,Thurs,10:30,14:30,630,870,False,10:30am - 2:30pm
Jurong West,Banyan Clinic @ JW,Thurs,20:30,22:30,1230,1350,False,8:30pm - 10:30pm
Jurong West,Banyan Clinic @ JW,Thurs,10:30,14:30,630,870,False,10:30am - 2:30pm
Jurong West,Banyan Clinic @ JW,Fri,10:30,14:30,630,870,False,10:30am - 2:30pm
Jurong West,Banyan Clinic @ JW,Fri,20:30,22:30,1230,1350,False,8:30pm - 10:30pm
Jurong West,Banyan Clinic @ JW,Fri,10:30,14:30,630,870,False,10:30am - 2:30pm
Jurong West,Banyan Clinic @ JW,Sat,10:30,14:30,630,870,False,10:30am - 2:30pm
Jurong West,Banyan Clinic @ JW,Sat,20:30,22:30,1230,1350,False,8:30pm - 10:30pm
Jurong West,Banyan Clinic @ JW,Sat,10:30,14:30,630,870,False,10:30am - 2:30pm
Jurong West,Banyan Clinic @ JW,Sun,10:30,14:30,630,870,False,10:30am - 2:30pm
Jurong West,Banyan Clinic @ JW,Sun,20:30,22:30,1230,1350,False,8:30pm - 10:30pm
Jurong West,Banyan Clinic @ JW,Sun,10:30,14:30,630,870,False,10:30am - 2:30pm
Jurong West,Caring Family Clinic,Mon,08:30,12:00,510,720,False,8:30am - 12:00pm
Jurong West,Caring Family Clinic,Mon,13:00,17:00,780,1020,False,1:00pm - 5:00pm
Jurong West,Caring Family Clinic,Tues,08:30,12:00,510,720,False,8:30am - 12:00pm
Jurong West,Caring Family Clinic,Tues,13:00,17:00,780,1020,False,1:00pm - 5:00pm
Jurong West,Caring Family Clinic,Wed,08:30,12:00,510,720,False,8:30am - 12:00pm
Jurong West,Caring Family Clinic,Wed,13:00,17:00,780,1020,False,1:00pm - 5:00pm
Jurong West,Caring Family Clinic,Thurs,08:30,12:00,510,720,False,8:30am - 12:00pm
Jurong West,Caring Family Clinic,Thurs,13:00,17:00,780,1020,False,1:00pm - 5:00pm
Jurong West,Caring Family Clinic,Fri,08:30,12:00,510,720,False,8:30am - 12:00pm
Jurong West,Caring Family Clinic,Fri,13:00,17:00,780,1020,False,1:00pm - 5:00pm
Jurong West,Caring Family Clinic,Sat,08:30,12:30,510,750,False,8:30am - 12:30pm
Jurong West,DA Clinic @ Taman Jurong,Mon,08:30,12:00,510,720,False,8:30am - 12:00pm
Jurong West,DA Clinic @ Taman Jurong,Mon,13:00,16:00,780,960,False,1:00pm - 4:00pm
Jurong West,DA Clinic @ Taman Jurong,Mon,18:00,21:00,1080,1260,False,6:00pm - 9:00pm
Jurong West,DA Clinic @ Taman Jurong,Tues,08:30,12:00,510,720,False,8:30am - 12:00pm
Jurong West,DA Clinic @ Taman Jurong,Tues,13:00,16:00,780,960,False,1:00pm - 4:00pm
Jurong West,DA Clinic @ Taman Jurong,Tues,18:00,21:00,1080,1260,False,6:00pm - 9:00pm
Jurong West,DA Clinic @ Taman Jurong,Wed,08:30,12:00,510,720,False,8:30am - 12:00pm
Jurong West,DA Clinic @ Taman Jurong,Wed,13:00,16:00,780,960,False,1:00pm - 4:00pm
Jurong West,DA Clinic @ Taman Jurong,Wed,18:00,21:00,1080,1260,False,6:00pm - 9:00pm
Jurong West,DA Clinic @ Taman Jurong,Thurs,08:30,12:00,510,720,False,8:30am - 12:00pm
Jurong West,DA Clinic @ Taman Jurong,Thurs,13:00,16:00,780,960,False,1:00pm - 4:00pm
Jurong West,DA Clinic @ Taman Jurong,Thurs,18:00,21:00,1080,1260,False,6:00pm - 9:00pm
Jurong West,DA Clinic @ Taman Jurong,Fri,08:30,12:00,510,720,False,8:30am - 12:00pm
Jurong West,DA Clinic @ Taman Jurong,Fri,13:00,16:00,780,960,False,1:00pm - 4:00pm
Jurong West,DA Clinic @ Taman Jurong,Fri,18:00,21:00,1080,1260,False,6:00pm - 9:00pm
Jurong West,DA Clinic @ Taman Jurong,Sat,08:30,12:30,510,750,False,8:30am - 12:30pm
Jurong West,DA Clinic @ Taman Jurong,Sun,08:30,12:00,510,720,False,8:30am - 12:00pm
Jurong West,DA Clinic @ Taman Jurong,Sun,18:00,21:00,1080,1260,False,6:00pm - 9:00pm
Jurong West,Healthmark Family Clinic (Pioneer),Mon,09:00,12:30,540,750,False,9:00am - 12:30pm
Jurong West,Healthmark Family Clinic (Pioneer),Tues,09:00,12:30,540,750,False,9:00am - 12:30pm
Jurong West,Healthmark Family Clinic (Pioneer),Wed,09:00,12:30,540,750,False,9:00am - 12:30pm
Jurong West,Healthmark Family Clinic (Pioneer),Thurs,18:00,21:30,1080,1290,False,6:00pm - 9:30pm
Jurong West,Healthmark Family Clinic (Pioneer),Fri,18:00,21:30,1080,1290,False,6:00pm - 9:30pm
Jurong West,Healthmark Family Clinic (Pioneer),Sat,09:00,12:30,540,750,False,9:00am - 12:30pm
Jurong West,Healthmark Family Clinic (Pioneer),Sun,09:00,12:30,540,750,False,9:00am - 12:30pm
Jurong West,Icon Medical Clinic,Mon,08:30,13:00,510,780,False,8:30am - 1:00pm
Jurong West,Icon Medical Clinic,Mon,18:00,21:00,1080,1260,False,6:00pm - 9:00pm
Jurong West,Icon Medical Clinic,Tues,08:30,13:00,510,780,False,8:30am - 1:00pm
Jurong West,Icon Medical Clinic,Tues,18:00,21:00,1080,1260,False,6:00pm - 9:00pm
Jurong West,Icon Medical Clinic,Wed,08:30,13:00,510,780,False,8:30am - 1:00pm
Jurong West,Icon Medical Clinic,Wed,18:00,21:00,1080,1260,False,6:00pm - 9:00pm
Jurong West,Icon Medical Clinic,Thurs,08:30,13:00,510,780,False,8:30am - 1:00pm
Jurong West,Icon Medical Clinic,Thurs,18:00,21:00,1080,1260,False,6:00pm - 9:00pm
Jurong West,Icon Medical Clinic,Fri,08:30,13:00,510,780,False,8:30am - 1:00pm
Jurong West,Icon Medical Clinic,Fri,18:00,21:00,1080,1260,False,6:00pm - 9:00pm
Jurong West,Icon Medical Clinic,Sat,08:30,12:00,510,720,False,8:30am - 12:00pm
Jurong West,Icon Medical Clinic,Sun,08:30,12:00,510,720,False,8:30am - 12:00pm
Jurong West,The Family Wellness Clinic,Mon,08:30,12:30,510,750,False,8:30am - 12:30pm
Jurong West,The Family Wellness Clinic,Mon,14:00,16:00,840,960,False,2:00pm - 4:00pm
Jurong West,The Family Wellness Clinic,Mon,18:00,20:30,1080,1230,False,6:00pm - 8:30pm
Jurong West,The Family Wellness Clinic,Tues,08:30,12:30,510,750,False,8:30am - 12:30pm
Jurong West,The Family Wellness Clinic,Tues,14:00,16:00,840,960,False,2:00pm - 4:00pm
Jurong West,The Family Wellness Clinic,Tues,18:00,20:30,1080,1230,False,6:00pm - 8:30pm
Jurong West,The Family Wellness Clinic,Wed,08:30,12:30,510,750,False,8:30am - 12:30pm
Jurong West,The Family Wellness Clinic,Wed,14:00,16:00,840,960,False,2:00pm - 4:00pm
Jurong West,The Family Wellness Clinic,Wed,18:00,20:30,1080,1230,False,6:00pm - 8:30pm
Jurong West,The Family Wellness Clinic,Thurs,08:30,12:30,510,750,False,8:30am - 12:30pm
Jurong West,The Family Wellness Clinic,Thurs,14:00,16:00,840,960,False,2:00pm - 4:00pm
Jurong West,The Family Wellness Clinic,Thurs,18:00,20:30,1080,1230,False,6:00pm - 8:30pm
Jurong West,The Family Wellness Clinic,Fri,08:30,12:30,510,750,False,8:30am - 12:30pm
Jurong West,The Family Wellness Clinic,Fri,14:00,16:00,840,960,False,2:00pm - 4:00pm
Jurong West,The Family Wellness Clinic,Fri,18:00,20:30,1080,1230,False,6:00pm - 8:30pm
Jurong West,The Family Wellness Clinic,Sat,08:30,12:00,510,720,False,8:30am - 12:00pm
Jurong West,The Family Wellness Clinic,Sun,08:30,12:00,510,720,False,8:30am - 12:00pm
Jurong West,Family Doctors At 365,Mon,08:30,12:15,510,735,False,8:30am - 12:15pm
Jurong West,Family Doctors At 365,Mon,14:00,16:45,840,1005,False,2:00pm - 4:45pm
Jurong West,Family Doctors At 365,Mon,18:30,20:45,1110,1245,False,6:30pm - 8:45pm
Jurong West,Family Doctors At 365,Tues,08:30,12:15,510,735,False,8:30am - 12:15pm
Jurong West,Family Doctors At 365,Tues,14:00,16:45,840,1005,False,2:00pm - 4:45pm
Jurong West,Family Doctors At 365,Tues,18:30,20:45,1110,1245,False,6:30pm - 8:45pm
Jurong West,Family Doctors At 365,Wed,08:30,12:15,510,735,False,8:30am - 12:15pm
Jurong West,Family Doctors At 365,Wed,14:00,16:45,840,1005,False,2:00pm - 4:45pm
Jurong West,Family Doctors At 365,Wed,18:30,20:45,1110,1245,False,6:30pm - 8:45pm
Jurong West,Family Doctors At 365,Thurs,08:30,12:15,510,735,False,8:30am - 12:15pm
Jurong West,Family Doctors At 365,Thurs,14:00,16:45,840,1005,False,2:00pm - 4:45pm
Jurong West,Family Doctors At 365,Thurs,18:30,20:45,1110,1245,False,6:30pm - 8:45pm
Jurong West,Family Doctors At 365,Fri,08:30,12:15,510,735,False,8:30am - 12:15pm
Jurong West,Family Doctors At 365,Fri,14:00,16:45,840,1005,False,2:00pm - 4:45pm
Jurong West,Family Doctors At 365,Fri,18:30,20:45,1110,1245,False,6:30pm - 8:45pm
Jurong West,Family Doctors At 365,Sat,08:30,12:15,510,735,False,8:30am - 12:15pm
Jurong West,Family Doctors At 365,Sat,18:30,20:45,1110,1245,False,6:30pm - 8:45pm
Jurong West,Family Doctors At 365,Sun,08:30,12:00,510,720,False,8:30am - 12:00pm
Jurong West,Family Doctors At 365,PH,08:30,12:00,510,720,False,8:30am - 12:00pm
Jurong West,Faith Clinic (Jurong West),Mon,08:30,16:30,510,990,False,8:30am - 4:30pm
Jurong West,Faith Clinic (Jurong West),Mon,18:30,21:00,1110,1260,False,6:30pm - 9:00pm
Jurong West,Faith Clinic (Jurong West),Tues,08:30,16:30,510,990,False,8:30am - 4:30pm
Jurong West,Faith Clinic (Jurong West),Tues,18:30,21:00,1110,1260,False,6:30pm - 9:00pm
Jurong West,Faith Clinic (Jurong West),Wed,08:30,16:30,510,990,False,8:30am - 4:30pm
Jurong West,Faith Clinic (Jurong West),Wed,18:30,21:00,1110,1260,False,6:30pm - 9:00pm
Jurong West,Faith Clinic (Jurong West),Thurs,08:30,16:30,510,990,False,8:30am - 4:30pm
Jurong West,Faith Clinic (Jurong West),Thurs,18:30,21:00,1110,1260,False,6:30pm - 9:00pm
Jurong West,Faith Clinic (Jurong West),Fri,08:30,16:30,510,990,False,8:30am - 4:30pm
Jurong West,Faith Clinic (Jurong West),Fri,18:30,21:00,1110,1260,False,6:30pm - 9:00pm
Jurong West,Faith Clinic (Jurong West),Sat,08:30,13:00,510,780,False,8:30am - 1:00pm
Jurong West,Faith Clinic (Jurong West),Sun,08:30,13:00,510,780,False,8:30am - 1:00pm
Jurong West,Faith Clinic (Jurong West),PH,08:30,13:00,510,780,False,8:30am - 1:00pm
Jurong West,Frontier Medical Associates (Jurong West),Mon,08:30,15:00,510,900,False,8:30am - 3:00pm
Jurong West,Frontier Medical Associates (Jurong West),Mon,18:00,21:30,1080,1290,False,6:00pm - 9:30pm
Jurong West,Frontier Medical Associates (Jurong West),Tues,08:30,15:00,510,900,False,8:30am - 3:00pm
Jurong West,Frontier Medical Associates (Jurong West),Tues,18:00,21:30,1080,1290,False,6:00pm - 9:30pm
Jurong West,Frontier Medical Associates (Jurong West),Wed,08:30,15:00,510,900,False,8:30am - 3:00pm
Jurong West,Frontier Medical Associates (Jurong West),Wed,18:00,21:30,1080,1290,False,6:00pm - 9:30pm
Jurong West,Frontier Medical Associates (Jurong West),Thurs,08:30,15:00,510,900,False,8:30am - 3:00pm
Jurong West,Frontier Medical Associates (Jurong West),Thurs,18:00,21:30,1080,1290,False,6:00pm - 9:30pm
Jurong West,Frontier Medical Associates (Jurong West),Fri,08:30,15:00,510,900,False,8:30am - 3:00pm
Jurong West,Frontier Medical Associates (Jurong West),Sat,08:30,13:00,510,780,False,8:30am - 1:00pm
Jurong West,HeartlandHealth Jurong West,Mon,08:00,13:00,480,780,False,8:00am - 1:00pm
Jurong West,HeartlandHealth Jurong West,Mon,18:00,23:00,1080,1380,False,6:00pm - 11:00pm
Jurong West,HeartlandHealth Jurong West,Tues,08:00,13:00,480,780,False,8:00am - 1:00pm
Jurong West,HeartlandHealth Jurong West,Tues,18:00,23:00,1080,1380,False,6:00pm - 11:00pm
Jurong West,HeartlandHealth Jurong West,Wed,08:00,13:00,480,780,False,8:00am - 1:00pm
Jurong West,HeartlandHealth Jurong West,Wed,18:00,23:00,1080,1380,False,6:00pm - 11:00pm
Jurong West,HeartlandHealth Jurong West,Thurs,08:00,13:00,480,780,False,8:00am - 1:00pm
Jurong West,HeartlandHealth Jurong West,Thurs,18:00,23:00,1080,1380,False,6:00pm - 11:00pm
Jurong West,HeartlandHealth Jurong West,Fri,08:00,13:00,480,780,False,8:00am - 1:00pm
Jurong West,HeartlandHealth Jurong West,Fri,18:00,23:00,1080,1380,False,6:00pm - 11:00pm
Jurong West,HeartlandHealth Jurong West,Sat,08:00,13:00,480,780,False,8:00am - 1:00pm
Jurong West,HeartlandHealth Jurong West,Sat,18:00,23:00,1080,1380,False,6:00pm - 11:00pm
Jurong West,HeartlandHealth Jurong West,Sun,08:00,13:00,480,780,False,8:00am - 1:00pm
Jurong West,HeartlandHealth Jurong West,Sun,18:00,23:00,1080,1380,False,6:00pm - 11:00pm
Jurong West,HeartlandHealth Jurong West,PH,08:00,13:00,480,780,False,8:00am - 1:00pm
Jurong West,HeartlandHealth Jurong West,PH,18:00,23:00,1080,1380,False,6:00pm - 11:00pm
Jurong West,iDOC Clinic (Hong Kah),Sat,09:00,13:00,540,780,False,9:00am - 1:00pm
Jurong West,iDOC Clinic (Hong Kah),Sun,18:30,21:30,1110,1290,False,6:30pm - 9:30pm
Jurong West,Jurong Day & Night Clinic,Mon,09:00,12:30,540,750,False,9:00am - 12:30pm
Jurong West,Jurong Day & Night Clinic,Mon,18:30,21:00,1110,1260,False,6:30pm - 9:00pm
Jurong West,Jurong Day & Night Clinic,Tues,09:00,12:30,540,750,False,9:00am - 12:30pm
Jurong West,Jurong Day & Night Clinic,Wed,09:00,12:30,540,750,False,9:00am - 12:30pm
Jurong West,Jurong Day & Night Clinic,Wed,18:30,21:00,1110,1260,False,6:30pm - 9:00pm
Jurong West,Jurong Day & Night Clinic,Thurs,09:00,12:30,540,750,False,9:00am - 12:30pm
Jurong West,Jurong Day & Night Clinic,Sun,18:30,20:30,1110,1230,False,6:30pm - 8:30pm
Jurong West,Jurong Day & Night Clinic,PH,18:30,20:30,1110,1230,False,6:30pm - 8:30pm
Jurong West,Lakeside Family Medicine Clinic,Mon,08:30,12:30,510,750,False,8:30am - 12:30pm
Jurong West,Lakeside Family Medicine Clinic,Mon,13:30,17:20,810,1040,False,1:30pm - 5:20pm
Jurong West,Lakeside Family Medicine Clinic,Tues,08:30,12:30,510,750,False,8:30am - 12:30pm
Jurong West,Lakeside Family Medicine Clinic,Tues,13:30,17:20,810,1040,False,1:30pm - 5:20pm
Jurong West,Lakeside Family Medicine Clinic,Wed,08:30,12:30,510,750,False,8:30am - 12:30pm
Jurong West,Lakeside Family Medicine Clinic,Wed,13:30,17:20,810,1040,False,1:30pm - 5:20pm
Jurong West,Lakeside Family Medicine Clinic,Thurs,08:30,12:30,510,750,False,8:30am - 12:30pm
Jurong West,Lakeside Family Medicine Clinic,Thurs,13:30,17:20,810,1040,False,1:30pm - 5:20pm
Jurong West,Lakeside Family Medicine Clinic,Fri,08:30,12:30,510,750,False,8:30am - 12:30pm
Jurong West,Lakeside Family Medicine Clinic,Fri,13:30,17:20,810,1040,False,1:30pm - 5:20pm
Jurong West,Minmed Clinic (Jurong West),PH,13:00,14:00,780,840,False,1:00pm - 2:00pm
Jurong West,Minmed Clinic (Jurong West),PH,17:00,18:00,1020,1080,False,5:00pm - 6:00pm
Jurong West,One Medical Clinic (Jurong West),Mon,08:30,14:00,510,840,False,8:30am - 2:00pm
Jurong West,One Medical Clinic (Jurong West),Mon,17:00,21:00,1020,1260,False,5:00pm - 9:00pm
Jurong West,One Medical Clinic (Jurong West),Tues,08:30,14:00,510,840,False,8:30am - 2:00pm
Jurong West,One Medical Clinic (Jurong West),Tues,17:00,21:00,1020,1260,False,5:00pm - 9:00pm
Jurong West,One Medical Clinic (Jurong West),Wed,08:30,14:00,510,840,False,8:30am - 2:00pm
Jurong West,One Medical Clinic (Jurong West),Wed,17:00,21:00,1020,1260,False,5:00pm - 9:00pm
Jurong West,One Medical Clinic (Jurong West),Thurs,08:30,14:00,510,840,False,8:30am - 2:00pm
Jurong West,One Medical Clinic (Jurong West),Thurs,17:00,21:00,1020,1260,False,5:00pm - 9:00pm
Jurong West,One Medical Clinic (Jurong West),Fri,20:30,14:00,1230,840,True,8:30pm - 2:00pm
Jurong West,One Medical Clinic (Jurong West),Sat,09:00,12:30,540,750,False,9:00am - 12:30pm
Jurong West,One Medical Clinic (Jurong West),Sun,09:00,12:30,540,750,False,9:00am - 12:30pm
Jurong West,Pinnacle Family Clinic (Tengah),Mon,08:00,13:00,480,780,False,8:00am - 1:00pm
Jurong West,Pinnacle Family Clinic (Tengah),Mon,14:00,16:00,840,960,False,2:00pm - 4:00pm
Jurong West,Pinnacle Family Clinic (Tengah),Mon,18:00,21:00,1080,1260,False,6:00pm - 9:00pm
Jurong West,Pinnacle Family Clinic (Tengah),Tues,08:00,13:00,480,780,False,8:00am - 1:00pm
Jurong West,Pinnacle Family Clinic (Tengah),Tues,14:00,15:30,840,930,False,2:00pm - 3:30pm
Jurong West,Pinnacle Family Clinic (Tengah),Tues,18:00,21:00,1080,1260,False,6:00pm - 9:00pm
Jurong West,Pinnacle Family Clinic (Tengah),Wed,08:00,13:00,480,780,False,8:00am - 1:00pm
Jurong West,Pinnacle Family Clinic (Tengah),Wed,14:00,15:30,840,930,False,2:00pm - 3:30pm
Jurong West,Pinnacle Family Clinic (Tengah),Thurs,08:00,13:00,480,780,False,8:00am - 1:00pm
Jurong West,Pinnacle Family Clinic (Tengah),Thurs,14:00,15:30,840,930,False,2:00pm - 3:30pm
Jurong West,Pinnacle Family Clinic (Tengah),Thurs,18:00,21:00,1080,1260,False,6:00pm - 9:00pm
Jurong West,Pinnacle Family Clinic (Tengah),Fri,08:00,13:00,480,780,False,8:00am - 1:00pm
Jurong West,Pinnacle Family Clinic (Tengah),Fri,14:00,15:30,840,930,False,2:00pm - 3:30pm
Jurong West,Pinnacle Family Clinic (Tengah),Sat,09:00,13:00,540,780,False,9:00am - 1:00pm
Jurong West,ProHealth Medical Group @ Taman Jurong,Mon,08:00,15:00,480,900,False,8:00am - 3:00pm
Jurong West,ProHealth Medical Group @ Taman Jurong,Mon,18:00,21:00,1080,1260,False,6:00pm - 9:00pm
Jurong West,ProHealth Medical Group @ Taman Jurong,Tues,08:00,15:00,480,900,False,8:00am - 3:00pm
Jurong West,ProHealth Medical Group @ Taman Jurong,Tues,18:00,21:00,1080,1260,False,6:00pm - 9:00pm
Jurong West,ProHealth Medical Group @ Taman Jurong,Wed,08:00,15:00,480,900,False,8:00am - 3:00pm
Jurong West,ProHealth Medical Group @ Taman Jurong,Wed,18:00,21:00,1080,1260,False,6:00pm - 9:00pm
Jurong West,ProHealth Medical Group @ Taman Jurong,Thurs,08:00,15:00,480,900,False,8:00am - 3:00pm
Jurong West,ProHealth Medical Group @ Taman Jurong,Thurs,18:00,21:00,1080,1260,False,6:00pm - 9:00pm
Jurong West,ProHealth Medical Group @ Taman Jurong,Fri,08:00,15:00,480,900,False,8:00am - 3:00pm
Jurong West,ProHealth Medical Group @ Taman Jurong,Fri,18:00,21:00,1080,1260,False,6:00pm - 9:00pm
Jurong West,ProHealth Medical Group @ Taman Jurong,Sat,08:00,15:00,480,900,False,8:00am - 3:00pm
Jurong West,ProHealth Medical Group @ Taman Jurong,Sun,08:00,15:00,480,900,False,8:00am - 3:00pm
Jurong West,ProHealth Medical Group @ Taman Jurong,Sun,18:00,21:00,1080,1260,False,6:00pm - 9:00pm
Jurong West,Raffles Medical (Jurong Point),Mon,08:30,13:00,510,780,False,8:30am - 1:00pm
Jurong West,Raffles Medical (Jurong Point),Mon,14:00,17:30,840,1050,False,2:00pm - 5:30pm
Jurong West,Raffles Medical (Jurong Point),Mon,18:30,21:30,1110,1290,False,6:30pm - 9:30pm
Jurong West,Raffles Medical (Jurong Point),Tues,08:30,13:00,510,780,False,8:30am - 1:00pm
Jurong West,Raffles Medical (Jurong Point),Tues,14:00,17:30,840,1050,False,2:00pm - 5:30pm
Jurong West,Raffles Medical (Jurong Point),Tues,18:30,21:30,1110,1290,False,6:30pm - 9:30pm
Jurong West,Raffles Medical (Jurong Point),Wed,08:30,13:00,510,780,False,8:30am - 1:00pm
Jurong West,Raffles Medical (Jurong Point),Wed,14:00,17:30,840,1050,False,2:00pm - 5:30pm
Jurong West,Raffles Medical (Jurong Point),Wed,18:30,21:30,1110,1290,False,6:30pm - 9:30pm
Jurong West,Raffles Medical (Jurong Point),Thurs,08:30,13:00,510,780,False,8:30am - 1:00pm
Jurong West,Raffles Medical (Jurong Point),Thurs,14:00,17:30,840,1050,False,2:00pm - 5:30pm
Jurong West,Raffles Medical (Jurong Point),Thurs,18:30,21:30,1110,1290,False,6:30pm - 9:30pm
Jurong West,Raffles Medical (Jurong Point),Fri,08:30,13:00,510,780,False,8:30am - 1:00pm
Jurong West,Raffles Medical (Jurong Point),Fri,14:00,17:30,840,1050,False,2:00pm - 5:30pm
Jurong West,Raffles Medical (Jurong Point),Fri,18:30,21:30,1110,1290,False,6:30pm - 9:30pm
Jurong West,Raffles Medical (Jurong Point),Sat,08:30,13:00,510,780,False,8:30am - 1:00pm
Jurong West,Raffles Medical (Jurong Point),Sun,08:30,13:00,510,780,False,8:30am - 1:00pm
Jurong West,Shifa Clinic (Jurong),Mon,09:00,16:30,540,990,False,9:00am - 4:30pm
Jurong West,Shifa Clinic (Jurong),Tues,09:00,16:30,540,990,False,9:00am - 4:30pm
Jurong West,Shifa Clinic (Jurong),Wed,09:00,16:30,540,990,False,9:00am - 4:30pm
Jurong West,Shifa Clinic (Jurong),Thurs,09:00,16:30,540,990,False,9:00am - 4:30pm
Jurong West,Shifa Clinic (Jurong),Fri,09:00,16:30,540,990,False,9:00am - 4:30pm
Jurong West,Shifa Clinic (Jurong),Sat,09:00,12:30,540,750,False,9:00am - 12:30pm
Jurong West,Tayka Medical Family Clinic,Mon,09:00,12:00,540,720,False,9:00am - 12:00pm
Jurong West,Tayka Medical Family Clinic,Mon,14:00,16:00,840,960,False,2:00pm - 4:00pm
Jurong West,Tayka Medical Family Clinic,Mon,19:00,21:00,1140,1260,False,7:00pm - 9:00pm
Jurong West,Tayka Medical Family Clinic,Tues,09:00,12:00,540,720,False,9:00am - 12:00pm
Jurong West,Tayka Medical Family Clinic,Tues,14:00,16:00,840,960,False,2:00pm - 4:00pm
Jurong West,Tayka Medical Family Clinic,Tues,19:00,21:00,1140,1260,False,7:00pm - 9:00pm
Jurong West,Tayka Medical Family Clinic,Wed,09:00,12:00,540,720,False,9:00am - 12:00pm
Jurong West,Tayka Medical Family Clinic,Wed,14:00,16:00,840,960,False,2:00pm - 4:00pm
Jurong West,Tayka Medical Family Clinic,Wed,19:00,21:00,1140,1260,False,7:00pm - 9:00pm
Jurong West,Tayka Medical Family Clinic,Thurs,09:00,12:00,540,720,False,9:00am - 12:00pm
Jurong West,Tayka Medical Family Clinic,Thurs,14:00,16:00,840,960,False,2:00pm - 4:00pm
Jurong West,Tayka Medical Family Clinic,Thurs,19:00,21:00,1140,1260,False,7:00pm - 9:00pm
Jurong West,Tayka Medical Family Clinic,Fri,09:00,12:00,540,720,False,9:00am - 12:00pm
Jurong West,Tayka Medical Family Clinic,Fri,14:00,16:00,840,960,False,2:00pm - 4:00pm
Jurong West,Tayka Medical Family Clinic,Fri,19:00,21:00,1140,1260,False,7:00pm - 9:00pm
Jurong West,Tayka Medical Family Clinic,Sat,09:00,12:00,540,720,False,9:00am - 12:00pm
Jurong West,TC Family Clinic Pte Ltd,Mon,09:00,12:00,540,720,False,9:00am - 12:00pm
Jurong West,TC Family Clinic Pte Ltd,Mon,18:30,21:00,1110,1260,False,6:30pm - 9:00pm
Jurong West,TC Family Clinic Pte Ltd,Tues,09:00,12:00,540,720,False,9:00am - 12:00pm
Jurong West,TC Family Clinic Pte Ltd,Wed,09:00,12:00,540,720,False,9:00am - 12:00pm
Jurong West,TC Family Clinic Pte Ltd,Wed,13:30,15:30,810,930,False,1:30pm - 3:30pm
Jurong West,TC Family Clinic Pte Ltd,Thurs,09:00,12:00,540,720,False,9:00am - 12:00pm
Jurong West,TC Family Clinic Pte Ltd,Fri,09:00,12:00,540,720,False,9:00am - 12:00pm
Jurong West,TC Family Clinic Pte Ltd,Fri,13:30,15:30,810,930,False,1:30pm - 3:30pm
Kallang,Frontier Medical 150 Associates (Towner Road),Mon,08:30,15:00,510,900,False,8:30am - 3:00pm
Kallang,Frontier Medical 150 Associates (Towner Road),Mon,18:00,21:00,1080,1260,False,6:00pm - 9:00pm
Kallang,Frontier Medical 150 Associates (Towner Road),Tues,08:30,15:00,510,900,False,8:30am - 3:00pm
Kallang,Frontier Medical 150 Associates (Towner Road),Wed,08:30,15:00,510,900,False,8:30am - 3:00pm
Kallang,Frontier Medical 150 Associates (Towner Road),Wed,18:00,21:00,1080,1260,False,6:00pm - 9:00pm
Kallang,Frontier Medical 150 Associates (Towner Road),Thurs,08:30,15:00,510,900,False,8:30am - 3:00pm
Kallang,Frontier Medical 150 Associates (Towner Road),Fri,08:30,15:00,510,900,False,8:30am - 3:00pm
Kallang,Frontier Medical 150 Associates (Towner Road),Sat,08:30,13:00,510,780,False,8:30am - 1:00pm
Kallang,Keystone Clinic 18 & Surgery (Boon Keng),Mon,08:00,20:00,480,1200,False,8:00am - 8:00pm
Kallang,Keystone Clinic 18 & Surgery (Boon Keng),Tues,08:00,20:00,480,1200,False,8:00am - 8:00pm
Kallang,Keystone Clinic 18 & Surgery (Boon Keng),Wed,08:00,20:00,480,1200,False,8:00am - 8:00pm
Kallang,Keystone Clinic 18 & Surgery (Boon Keng),Thurs,08:00,20:00,480,1200,False,8:00am - 8:00pm
Kallang,Keystone Clinic 18 & Surgery (Boon Keng),Fri,08:00,20:00,480,1200,False,8:00am - 8:00pm
Kallang,Keystone Clinic 18 & Surgery (Boon Keng),Sat,08:00,20:00,480,1200,False,8:00am - 8:00pm
Kallang,Keystone Clinic 18 & Surgery (Boon Keng),Sun,08:00,20:00,480,1200,False,8:00am - 8:00pm
Kallang,Keystone Clinic 18 & Surgery (Boon Keng),PH,08:00,20:00,480,1200,False,8:00am - 8:00pm
Kallang,Kindred Family 63 Clinic (Kallang Bahru),Mon,08:30,12:30,510,750,False,8:30am - 12:30pm
Kallang,Kindred Family 63 Clinic (Kallang Bahru),Mon,14:00,16:30,840,990,False,2:00pm - 4:30pm
Kallang,Kindred Family 63 Clinic (Kallang Bahru),Mon,18:00,21:00,1080,1260,False,6:00pm - 9:00pm
Kallang,Kindred Family 63 Clinic (Kallang Bahru),Tues,08:30,12:30,510,750,False,8:30am - 12:30pm
Kallang,Kindred Family 63 Clinic (Kallang Bahru),Tues,14:00,16:30,840,990,False,2:00pm - 4:30pm
Kallang,Kindred Family 63 Clinic (Kallang Bahru),Tues,18:00,21:00,1080,1260,False,6:00pm - 9:00pm
Kallang,Kindred Family 63 Clinic (Kallang Bahru),Wed,08:30,12:30,510,750,False,8:30am - 12:30pm
Kallang,Kindred Family 63 Clinic (Kallang Bahru),Wed,14:00,16:30,840,990,False,2:00pm - 4:30pm
Kallang,Kindred Family 63 Clinic (Kallang Bahru),Wed,18:00,21:00,1080,1260,False,6:00pm - 9:00pm
Kallang,Kindred Family 63 Clinic (Kallang Bahru),Thurs,08:30,12:30,510,750,False,8:30am - 12:30pm
Kallang,Kindred Family 63 Clinic (Kallang Bahru),Thurs,14:00,16:30,840,990,False,2:00pm - 4:30pm
Kallang,Kindred Family 63 Clinic (Kallang Bahru),Thurs,18:00,21:00,1080,1260,False,6:00pm - 9:00pm
Kallang,Kindred Family 63 Clinic (Kallang Bahru),Fri,08:30,12:30,510,750,False,8:30am - 12:30pm
Kallang,Kindred Family 63 Clinic (Kallang Bahru),Fri,14:00,16:30,840,990,False,2:00pm - 4:30pm
Kallang,Kindred Family 63 Clinic (Kallang Bahru),Sat,08:30,13:00,510,780,False,8:30am - 1:00pm
Kallang,Kindred Family 63 Clinic (Kallang Bahru),Sun,08:30,13:00,510,780,False,8:30am - 1:00pm
Kallang,Lion Health 101 Clinic & Surgery (Boon Keng),Mon,08:00,14:00,480,840,False,8:00am - 2:00pm
Kallang,Lion Health 101 Clinic & Surgery (Boon Keng),Mon,17:00,23:00,1020,1380,False,5:00pm - 11:00pm
Kallang,Lion Health 101 Clinic & Surgery (Boon Keng),Tues,08:00,14:00,480,840,False,8:00am - 2:00pm
Kallang,Lion Health 101 Clinic & Surgery (Boon Keng),Tues,17:00,23:00,1020,1380,False,5:00pm - 11:00pm
Kallang,Lion Health 101 Clinic & Surgery (Boon Keng),Wed,08:00,14:00,480,840,False,8:00am - 2:00pm
Kallang,Lion Health 101 Clinic & Surgery (Boon Keng),Wed,17:00,23:00,1020,1380,False,5:00pm - 11:00pm
Kallang,Lion Health 101 Clinic & Surgery (Boon Keng),Thurs,08:00,14:00,480,840,False,8:00am - 2:00pm
Kallang,Lion Health 101 Clinic & Surgery (Boon Keng),Thurs,17:00,23:00,1020,1380,False,5:00pm - 11:00pm
Kallang,Lion Health 101 Clinic & Surgery (Boon Keng),Fri,08:00,14:00,480,840,False,8:00am - 2:00pm
Kallang,Lion Health 101 Clinic & Surgery (Boon Keng),Fri,17:00,23:00,1020,1380,False,5:00pm - 11:00pm
Kallang,Lion Health 101 Clinic & Surgery (Boon Keng),Sat,08:00,14:00,480,840,False,8:00am - 2:00pm
Kallang,Lion Health 101 Clinic & Surgery (Boon Keng),Sat,17:00,23:00,1020,1380,False,5:00pm - 11:00pm
Kallang,Lion Health 101 Clinic & Surgery (Boon Keng),Sun,08:00,14:00,480,840,False,8:00am - 2:00pm
Kallang,Lion Health 101 Clinic & Surgery (Boon Keng),Sun,17:00,23:00,1020,1380,False,5:00pm - 11:00pm
Kallang,Lion Health 101 Clinic & Surgery (Boon Keng),PH,08:00,14:00,480,840,False,8:00am - 2:00pm
Kallang,Lion Health 101 Clinic & Surgery (Boon Keng),PH,17:00,23:00,1020,1380,False,5:00pm - 11:00pm
Kallang,Low Medical 67 Clinic,Mon,08:00,12:00,480,720,False,8:00am - 12:00pm
Kallang,Low Medical 67 Clinic,Mon,13:00,15:00,780,900,False,1:00pm - 3:00pm
Kallang,Low Medical 67 Clinic,Tues,08:00,12:00,480,720,False,8:00am - 12:00pm
Kallang,Low Medical 67 Clinic,Tues,13:00,15:00,780,900,False,1:00pm - 3:00pm
Kallang,Low Medical 67 Clinic,Wed,08:00,12:00,480,720,False,8:00am - 12:00pm
Kallang,Low Medical 67 Clinic,Wed,13:00,15:00,780,900,False,1:00pm - 3:00pm
Kallang,Low Medical 67 Clinic,Thurs,08:00,12:00,480,720,False,8:00am - 12:00pm
Kallang,Low Medical 67 Clinic,Thurs,13:00,15:00,780,900,False,1:00pm - 3:00pm
Kallang,Low Medical 67 Clinic,Fri,08:00,12:00,480,720,False,8:00am - 12:00pm
Kallang,Low Medical 67 Clinic,Fri,13:00,15:00,780,900,False,1:00pm - 3:00pm
Kallang,Low Medical 67 Clinic,Sat,08:00,11:30,480,690,False,8:00am - 11:30am
Kallang,Bridgepoint 39 Health (Kallang),Mon,08:30,13:00,510,780,False,8:30am - 1:00pm
Kallang,Bridgepoint 39 Health (Kallang),Mon,14:00,22:00,840,1320,False,2:00pm - 10:00pm
Kallang,Bridgepoint 39 Health (Kallang),Tues,08:30,13:00,510,780,False,8:30am - 1:00pm
Kallang,Bridgepoint 39 Health (Kallang),Tues,14:00,22:00,840,1320,False,2:00pm - 10:00pm
Kallang,Bridgepoint 39 Health (Kallang),Wed,08:30,13:00,510,780,False,8:30am - 1:00pm
Kallang,Bridgepoint 39 Health (Kallang),Wed,14:00,22:00,840,1320,False,2:00pm - 10:00pm
Kallang,Bridgepoint 39 Health (Kallang),Thurs,08:30,13:00,510,780,False,8:30am - 1:00pm
Kallang,Bridgepoint 39 Health (Kallang),Thurs,14:00,22:00,840,1320,False,2:00pm - 10:00pm
Kallang,Bridgepoint 39 Health (Kallang),Fri,08:30,13:00,510,780,False,8:30am - 1:00pm
Kallang,Bridgepoint 39 Health (Kallang),Fri,14:00,22:00,840,1320,False,2:00pm - 10:00pm
Kallang,Bridgepoint 39 Health (Kallang),Sat,08:30,18:00,510,1080,False,8:30am - 6:00pm
Kallang,Bridgepoint 39 Health (Kallang),Sun,08:30,18:00,510,1080,False,8:30am - 6:00pm
Kallang,Bridgepoint 39 Health (Kallang),PH,08:30,13:00,510,780,False,8:30am - 1:00pm
Kallang,T Medical Clinic 5 Kallang,Mon,08:30,12:30,510,750,False,8:30am - 12:30pm
Kallang,T Medical Clinic 5 Kallang,Mon,18:00,21:00,1080,1260,False,6:00pm - 9:00pm
Kallang,T Medical Clinic 5 Kallang,Tues,08:30,12:30,510,750,False,8:30am - 12:30pm
Kallang,T Medical Clinic 5 Kallang,Tues,18:00,21:00,1080,1260,False,6:00pm - 9:00pm
Kallang,T Medical Clinic 5 Kallang,Wed,08:30,12:30,510,750,False,8:30am - 12:30pm
Kallang,T Medical Clinic 5 Kallang,Wed,18:00,21:00,1080,1260,False,6:00pm - 9:00pm
Kallang,T Medical Clinic 5 Kallang,Thurs,08:30,12:30,510,750,False,8:30am - 12:30pm
Kallang,T Medical Clinic 5 Kallang,Thurs,18:00,21:00,1080,1260,False,6:00pm - 9:00pm
Kallang,T Medical Clinic 5 Kallang,Fri,08:30,12:30,510,750,False,8:30am - 12:30pm
Kallang,T Medical Clinic 5 Kallang,Fri,18:00,21:00,1080,1260,False,6:00pm - 9:00pm
Kallang,T Medical Clinic 5 Kallang,Sat,09:00,12:00,540,720,False,9:00am - 12:00pm
Kallang,T Medical Clinic 5 Kallang,Sun,17:00,21:00,1020,1260,False,5:00pm - 9:00pm
Kent Ridge,Kent Ridge Clinic 1,Mon,09:00,13:00,540,780,False,9:00am - 1:00pm
Kent Ridge,Kent Ridge Clinic 1,Mon,14:00,17:00,840,1020,False,2:00pm - 5:00pm
Kent Ridge,Kent Ridge Clinic 1,Mon,18:00,21:00,1080,1260,False,6:00pm - 9:00pm
Kent Ridge,Kent Ridge Clinic 1,Tues,09:00,13:00,540,780,False,9:00am - 1:00pm
Kent Ridge,Kent Ridge Clinic 1,Tues,14:00,17:00,840,1020,False,2:00pm - 5:00pm
Kent Ridge,Kent Ridge Clinic 1,Tues,18:00,21:00,1080,1260,False,6:00pm - 9:00pm
Kent Ridge,Kent Ridge Clinic 1,Thurs,09:00,13:00,540,780,False,9:00am - 1:00pm
Kent Ridge,Kent Ridge Clinic 1,Fri,09:00,13:00,540,780,False,9:00am - 1:00pm
Kent Ridge,Kent Ridge Clinic 1,Fri,14:00,17:00,840,1020,False,2:00pm - 5:00pm
Kent Ridge,Kent Ridge Clinic 1,Fri,18:00,21:00,1080,1260,False,6:00pm - 9:00pm
Kent Ridge,Normanton 63 Medical Clinic (Normanton Park) Pte Ltd,Mon,09:00,14:00,540,840,False,9:00am - 2:00pm
Kent Ridge,Normanton 63 Medical Clinic (Normanton Park) Pte Ltd,Mon,18:00,21:00,1080,1260,False,6:00pm - 9:00pm
Kent Ridge,Normanton 63 Medical Clinic (Normanton Park) Pte Ltd,Tues,09:00,14:00,540,840,False,9:00am - 2:00pm
Kent Ridge,Normanton 63 Medical Clinic (Normanton Park) Pte Ltd,Tues,18:00,21:00,1080,1260,False,6:00pm - 9:00pm
Kent Ridge,Normanton 63 Medical Clinic (Normanton Park) Pte Ltd,Wed,09:00,14:00,540,840,False,9:00am - 2:00pm
Kent Ridge,Normanton 63 Medical Clinic (Normanton Park) Pte Ltd,Wed,18:00,21:00,1080,1260,False,6:00pm - 9:00pm
Kent Ridge,Normanton 63 Medical Clinic (Normanton Park) Pte Ltd,Thurs,09:00,14:00,540,840,False,9:00am - 2:00pm
Kent Ridge,Normanton 63 Medical Clinic (Normanton Park) Pte Ltd,Thurs,18:00,21:00,1080,1260,False,6:00pm - 9:00pm
Kent Ridge,Normanton 63 Medical Clinic (Normanton Park) Pte Ltd,Fri,09:00,14:00,540,840,False,9:00am - 2:00pm
Kent Ridge,Normanton 63 Medical Clinic (Normanton Park) Pte Ltd,Sun,09:00,12:30,540,750,False,9:00am - 12:30pm
Kent Ridge,OneCare Clinic 1B (Kent Ridge),Mon,08:30,17:30,510,1050,False,8:30am - 5:30pm
Kent Ridge,OneCare Clinic 1B (Kent Ridge),Tues,08:30,17:30,510,1050,False,8:30am - 5:30pm
Kent Ridge,OneCare Clinic 1B (Kent Ridge),Wed,08:30,17:30,510,1050,False,8:30am - 5:30pm
Kent Ridge,OneCare Clinic 1B (Kent Ridge),Thurs,08:30,17:30,510,1050,False,8:30am - 5:30pm
Kent Ridge,OneCare Clinic 1B (Kent Ridge),Fri,08:30,17:30,510,1050,False,8:30am - 5:30pm
Kent Ridge,OneCare Clinic 1B (Kent Ridge),Sat,08:30,12:30,510,750,False,8:30am - 12:30pm
Lavender,Belief Family Clinic,Mon,09:00,13:00,540,780,False,9:00am - 1:00pm
Lavender,Belief Family Clinic,Mon,14:00,18:00,840,1080,False,2:00pm - 6:00pm
Lavender,Belief Family Clinic,Tues,09:00,13:00,540,780,False,9:00am - 1:00pm
Lavender,Belief Family Clinic,Tues,14:00,18:00,840,1080,False,2:00pm - 6:00pm
Lavender,Belief Family Clinic,Wed,09:00,13:00,540,780,False,9:00am - 1:00pm
Lavender,Belief Family Clinic,Wed,14:00,18:00,840,1080,False,2:00pm - 6:00pm
Lavender,Belief Family Clinic,Thurs,09:00,13:00,540,780,False,9:00am - 1:00pm
Lavender,Belief Family Clinic,Thurs,14:00,18:00,840,1080,False,2:00pm - 6:00pm
Lavender,Belief Family Clinic,Fri,09:00,13:00,540,780,False,9:00am - 1:00pm
Lavender,Belief Family Clinic,Fri,14:00,18:00,840,1080,False,2:00pm - 6:00pm
Lavender,Belief Family Clinic,Sat,09:00,12:00,540,720,False,9:00am - 12:00pm
Lavender,Pancare Medical Clinic (Lavender),Mon,08:00,13:00,480,780,False,8:00am - 1:00pm
Lavender,Pancare Medical Clinic (Lavender),Mon,14:00,17:00,840,1020,False,2:00pm - 5:00pm
Lavender,Pancare Medical Clinic (Lavender),Mon,18:00,21:00,1080,1260,False,6:00pm - 9:00pm
Lavender,Pancare Medical Clinic (Lavender),Tues,08:00,13:00,480,780,False,8:00am - 1:00pm
Lavender,Pancare Medical Clinic (Lavender),Tues,14:00,17:00,840,1020,False,2:00pm - 5:00pm
Lavender,Pancare Medical Clinic (Lavender),Wed,08:00,13:00,480,780,False,8:00am - 1:00pm
Lavender,Pancare Medical Clinic (Lavender),Thurs,08:00,13:00,480,780,False,8:00am - 1:00pm
Lavender,Pancare Medical Clinic (Lavender),Fri,08:00,13:00,480,780,False,8:00am - 1:00pm
Lavender,Pancare Medical Clinic (Lavender),Sat,08:00,13:00,480,780,False,8:00am - 1:00pm
Lakeside,Family Point Clinic and Surgery,Mon,08:30,12:30,510,750,False,8:30am - 12:30pm
Lakeside,Family Point Clinic and Surgery,Mon,14:00,16:30,840,990,False,2:00pm - 4:30pm
Lakeside,Family Point Clinic and Surgery,Tues,08:30,12:30,510,750,False,8:30am - 12:30pm
Lakeside,Family Point Clinic and Surgery,Tues,14:00,16:30,840,990,False,2:00pm - 4:30pm
Lakeside,Family Point Clinic and Surgery,Wed,08:30,12:30,510,750,False,8:30am - 12:30pm
Lakeside,Family Point Clinic and Surgery,Wed,14:00,16:30,840,990,False,2:00pm - 4:30pm
Lakeside,Family Point Clinic and Surgery,Thurs,08:30,12:30,510,750,False,8:30am - 12:30pm
Lakeside,Family Point Clinic and Surgery,Thurs,14:00,16:30,840,990,False,2:00pm - 4:30pm
Lakeside,Family Point Clinic and Surgery,Fri,08:30,12:30,510,750,False,8:30am - 12:30pm
Lakeside,Family Point Clinic and Surgery,Fri,14:00,16:30,840,990,False,2:00pm - 4:30pm
Lakeside,Family Point Clinic and Surgery,Sat,08:30,12:30,510,750,False,8:30am - 12:30pm
Lakeside,Family Point Clinic and Surgery,Sun,08:30,12:30,510,750,False,8:30am - 12:30pm
Little India,Edgedale 40 Medical Clinic (Cambridge),Mon,09:00,12:00,540,720,False,9:00am - 12:00pm
Little India,Edgedale 40 Medical Clinic (Cambridge),Tues,09:00,12:00,540,720,False,9:00am - 12:00pm
Little India,Edgedale 40 Medical Clinic (Cambridge),Wed,09:00,12:00,540,720,False,9:00am - 12:00pm
Little India,Edgedale 40 Medical Clinic (Cambridge),Thurs,09:00,12:00,540,720,False,9:00am - 12:00pm
Little India,Edgedale 40 Medical Clinic (Cambridge),Fri,09:00,12:00,540,720,False,9:00am - 12:00pm
Little India,ESC 1 Cardiovascular & Medical Clinic,Mon,09:00,17:00,540,1020,False,9:00am - 5:00pm
Little India,ESC 1 Cardiovascular & Medical Clinic,Mon,09:00,13:00,540,780,False,9:00am - 1:00pm
Little India,ESC 1 Cardiovascular & Medical Clinic,Tues,09:00,17:00,540,1020,False,9:00am - 5:00pm
Little India,ESC 1 Cardiovascular & Medical Clinic,Tues,09:00,13:00,540,780,False,9:00am - 1:00pm
Little India,ESC 1 Cardiovascular & Medical Clinic,Wed,09:00,17:00,540,1020,False,9:00am - 5:00pm
Little India,ESC 1 Cardiovascular & Medical Clinic,Wed,09:00,13:00,540,780,False,9:00am - 1:00pm
Little India,ESC 1 Cardiovascular & Medical Clinic,Thurs,09:00,17:00,540,1020,False,9:00am - 5:00pm
Little India,ESC 1 Cardiovascular & Medical Clinic,Thurs,09:00,13:00,540,780,False,9:00am - 1:00pm
Little India,ESC 1 Cardiovascular & Medical Clinic,Fri,09:00,17:00,540,1020,False,9:00am - 5:00pm
Little India,ESC 1 Cardiovascular & Medical Clinic,Fri,09:00,13:00,540,780,False,9:00am - 1:00pm
Little India,HMI Medical 12 Centre,Mon,08:00,00:00,480,0,True,8:00am - 12:00am
Little India,HMI Medical 12 Centre,Mon,08:00,00:00,480,0,True,8:00am - 12:00am
Little India,HMI Medical 12 Centre,Tues,08:00,00:00,480,0,True,8:00am - 12:00am
Little India,HMI Medical 12 Centre,Tues,08:00,00:00,480,0,True,8:00am - 12:00am
Little India,HMI Medical 12 Centre,Wed,08:00,00:00,480,0,True,8:00am - 12:00am
Little India,HMI Medical 12 Centre,Wed,08:00,00:00,480,0,True,8:00am - 12:00am
Little India,HMI Medical 12 Centre,Thurs,08:00,00:00,480,0,True,8:00am - 12:00am
Little India,HMI Medical 12 Centre,Thurs,08:00,00:00,480,0,True,8:00am - 12:00am
Little India,HMI Medical 12 Centre,Fri,08:00,00:00,480,0,True,8:00am - 12:00am
Little India,HMI Medical 12 Centre,Fri,08:00,00:00,480,0,True,8:00am - 12:00am
Little India,HMI Medical 12 Centre,Sat,08:00,00:00,480,0,True,8:00am - 12:00am
Little India,HMI Medical 12 Centre,Sat,08:00,00:00,480,0,True,8:00am - 12:00am
Little India,HMI Medical 12 Centre,Sun,08:00,00:00,480,0,True,8:00am - 12:00am
Little India,HMI Medical 12 Centre,Sun,08:00,00:00,480,0,True,8:00am - 12:00am
Little India,Little Haven Family Clinic,Mon,08:30,12:30,510,750,False,8:30am - 12:30pm
Little India,Little Haven Family Clinic,Mon,16:30,19:30,990,1170,False,4:30pm - 7:30pm
Little India,Little Haven Family Clinic,Mon,08:30,12:30,510,750,False,8:30am - 12:30pm
Little India,Little Haven Family Clinic,Mon,13:30,17:30,810,1050,False,1:30pm - 5:30pm
Little India,Shifa Clinic and Surgery (Little India),Mon,09:00,13:00,540,780,False,9:00am - 1:00pm
Little India,Shifa Clinic and Surgery (Little India),Mon,14:00,21:00,840,1260,False,2:00pm - 9:00pm
Little India,Shifa Clinic and Surgery (Little India),Mon,09:00,13:00,540,780,False,9:00am - 1:00pm
Little India,Shifa Clinic and Surgery (Little India),Mon,14:00,19:00,840,1140,False,2:00pm - 7:00pm
Little India,Shifa Clinic and Surgery (Little India),Tues,09:00,13:00,540,780,False,9:00am - 1:00pm
Little India,Shifa Clinic and Surgery (Little India),Tues,14:00,21:00,840,1260,False,2:00pm - 9:00pm
Little India,Shifa Clinic and Surgery (Little India),Tues,09:00,13:00,540,780,False,9:00am - 1:00pm
Little India,Shifa Clinic and Surgery (Little India),Tues,14:00,19:00,840,1140,False,2:00pm - 7:00pm
Little India,Shifa Clinic and Surgery (Little India),Wed,09:00,13:00,540,780,False,9:00am - 1:00pm
Little India,Shifa Clinic and Surgery (Little India),Wed,14:00,21:00,840,1260,False,2:00pm - 9:00pm
Little India,Shifa Clinic and Surgery (Little India),Wed,09:00,13:00,540,780,False,9:00am - 1:00pm
Little India,Shifa Clinic and Surgery (Little India),Wed,14:00,19:00,840,1140,False,2:00pm - 7:00pm
Little India,Shifa Clinic and Surgery (Little India),Thurs,09:00,13:00,540,780,False,9:00am - 1:00pm
Little India,Shifa Clinic and Surgery (Little India),Thurs,14:00,21:00,840,1260,False,2:00pm - 9:00pm
Little India,Shifa Clinic and Surgery (Little India),Thurs,09:00,13:00,540,780,False,9:00am - 1:00pm
Little India,Shifa Clinic and Surgery (Little India),Thurs,14:00,19:00,840,1140,False,2:00pm - 7:00pm
Little India,Shifa Clinic and Surgery (Little India),Fri,09:00,13:00,540,780,False,9:00am - 1:00pm
Little India,Shifa Clinic and Surgery (Little India),Fri,14:00,21:00,840,1260,False,2:00pm - 9:00pm
Little India,Shifa Clinic and Surgery (Little India),Fri,09:00,13:00,540,780,False,9:00am - 1:00pm
Little India,Shifa Clinic and Surgery (Little India),Fri,14:00,19:00,840,1140,False,2:00pm - 7:00pm
Little India,Shifa Clinic and Surgery (Little India),PH,09:00,13:00,540,780,False,9:00am - 1:00pm
Little India,Shifa Clinic and Surgery (Little India),PH,14:00,19:00,840,1140,False,2:00pm - 7:00pm
Little India,Stella Maris Family Clinic & Surgery,Mon,08:00,13:00,480,780,False,8:00am - 1:00pm
Little India,Stella Maris Family Clinic & Surgery,Tues,08:00,13:00,480,780,False,8:00am - 1:00pm
Little India,Stella Maris Family Clinic & Surgery,Wed,08:00,13:00,480,780,False,8:00am - 1:00pm
Little India,Stella Maris Family Clinic & Surgery,Wed,14:00,18:30,840,1110,False,2:00pm - 6:30pm
Little India,Stella Maris Family Clinic & Surgery,Thurs,14:00,17:00,840,1020,False,2:00pm - 5:00pm
Little India,Stella Maris Family Clinic & Surgery,Fri,08:00,13:00,480,780,False,8:00am - 1:00pm
Little India,Stella Maris Family Clinic & Surgery,Fri,14:00,17:30,840,1050,False,2:00pm - 5:30pm
Little India,Stella Maris Family Clinic & Surgery,Sat,09:00,13:00,540,780,False,9:00am - 1:00pm
Little India,Stella Maris Family Clinic & Surgery,Sat,16:00,18:30,960,1110,False,4:00pm - 6:30pm
Little India,Stella Maris Family Clinic & Surgery,Sun,13:30,18:30,810,1110,False,1:30pm - 6:30pm
Little India,57 Medical 41 Clinic (Pek Kio),Mon,08:00,13:00,480,780,False,8:00am - 1:00pm
Little India,57 Medical 41 Clinic (Pek Kio),Tues,08:00,13:00,480,780,False,8:00am - 1:00pm
Little India,57 Medical 41 Clinic (Pek Kio),Wed,08:00,13:00,480,780,False,8:00am - 1:00pm
Little India,57 Medical 41 Clinic (Pek Kio),Thurs,18:00,21:00,1080,1260,False,6:00pm - 9:00pm
Little India,57 Medical 41 Clinic (Pek Kio),Fri,08:00,13:00,480,780,False,8:00am - 1:00pm
Little India,57 Medical 41 Clinic (Pek Kio),Sat,08:00,13:00,480,780,False,8:00am - 1:00pm
Little India,57 Medical 41 Clinic (Pek Kio),Sun,09:00,12:00,540,720,False,9:00am - 12:00pm
Little India,57 Medical 41 Clinic (Pek Kio),PH,09:00,12:00,540,720,False,9:00am - 12:00pm
Macpherson,Bartley Clinic,Mon,08:30,13:00,510,780,False,8:30am - 1:00pm
Macpherson,Bartley Clinic,Mon,14:00,17:00,840,1020,False,2:00pm - 5:00pm
Macpherson,Bartley Clinic,Tues,08:30,13:00,510,780,False,8:30am - 1:00pm
Macpherson,Bartley Clinic,Tues,14:00,17:00,840,1020,False,2:00pm - 5:00pm
Macpherson,Bartley Clinic,Wed,08:30,13:00,510,780,False,8:30am - 1:00pm
Macpherson,Bartley Clinic,Wed,14:00,17:00,840,1020,False,2:00pm - 5:00pm
Macpherson,Bartley Clinic,Thurs,08:30,13:00,510,780,False,8:30am - 1:00pm
Macpherson,Bartley Clinic,Thurs,14:00,17:00,840,1020,False,2:00pm - 5:00pm
Macpherson,Bartley Clinic,Fri,08:30,13:00,510,780,False,8:30am - 1:00pm
Macpherson,Bartley Clinic,Fri,14:00,17:00,840,1020,False,2:00pm - 5:00pm
Macpherson,Bartley Clinic,Sat,08:30,12:30,510,750,False,8:30am - 12:30pm
Macpherson,Bethesda Medical @MacPherson,Mon,08:30,13:00,510,780,False,8:30am - 1:00pm
Macpherson,Bethesda Medical @MacPherson,Mon,14:00,17:30,840,1050,False,2:00pm - 5:30pm
Macpherson,Bethesda Medical @MacPherson,Tues,08:30,13:00,510,780,False,8:30am - 1:00pm
Macpherson,Bethesda Medical @MacPherson,Tues,14:00,17:30,840,1050,False,2:00pm - 5:30pm
Macpherson,Bethesda Medical @MacPherson,Wed,08:30,13:00,510,780,False,8:30am - 1:00pm
Macpherson,Bethesda Medical @MacPherson,Wed,14:00,17:30,840,1050,False,2:00pm - 5:30pm
Macpherson,Bethesda Medical @MacPherson,Thurs,08:30,13:00,510,780,False,8:30am - 1:00pm
Macpherson,Bethesda Medical @MacPherson,Thurs,14:00,17:30,840,1050,False,2:00pm - 5:30pm
Macpherson,Bethesda Medical @MacPherson,Fri,08:30,13:00,510,780,False,8:30am - 1:00pm
Macpherson,Bethesda Medical @MacPherson,Fri,14:00,17:30,840,1050,False,2:00pm - 5:30pm
Macpherson,Bethesda Medical @MacPherson,Sat,08:30,12:30,510,750,False,8:30am - 12:30pm
Macpherson,Care & Cure Medical Clinic and Surgery,Mon,08:30,15:30,510,930,False,8:30am - 3:30pm
Macpherson,Care & Cure Medical Clinic and Surgery,Mon,16:30,21:00,990,1260,False,4:30pm - 9:00pm
Macpherson,Care & Cure Medical Clinic and Surgery,Mon,17:00,21:00,1020,1260,False,5:00pm - 9:00pm
Macpherson,Care & Cure Medical Clinic and Surgery,Tues,08:30,15:30,510,930,False,8:30am - 3:30pm
Macpherson,Care & Cure Medical Clinic and Surgery,Tues,16:30,21:00,990,1260,False,4:30pm - 9:00pm
Macpherson,Care & Cure Medical Clinic and Surgery,Tues,17:00,21:00,1020,1260,False,5:00pm - 9:00pm
Macpherson,Care & Cure Medical Clinic and Surgery,Wed,08:30,15:30,510,930,False,8:30am - 3:30pm
Macpherson,Care & Cure Medical Clinic and Surgery,Wed,16:30,21:00,990,1260,False,4:30pm - 9:00pm
Macpherson,Care & Cure Medical Clinic and Surgery,Wed,17:00,21:00,1020,1260,False,5:00pm - 9:00pm
Macpherson,Care & Cure Medical Clinic and Surgery,Thurs,08:30,15:30,510,930,False,8:30am - 3:30pm
Macpherson,Care & Cure Medical Clinic and Surgery,Thurs,16:30,21:00,990,1260,False,4:30pm - 9:00pm
Macpherson,Care & Cure Medical Clinic and Surgery,Thurs,17:00,21:00,1020,1260,False,5:00pm - 9:00pm
Macpherson,Care & Cure Medical Clinic and Surgery,Fri,08:30,15:30,510,930,False,8:30am - 3:30pm
Macpherson,Care & Cure Medical Clinic and Surgery,Fri,16:30,21:00,990,1260,False,4:30pm - 9:00pm
Macpherson,Care & Cure Medical Clinic and Surgery,Fri,17:00,21:00,1020,1260,False,5:00pm - 9:00pm
Macpherson,Care For You Medical Clinic,Mon,08:00,13:00,480,780,False,8:00am - 1:00pm
Macpherson,Care For You Medical Clinic,Mon,14:00,17:00,840,1020,False,2:00pm - 5:00pm
Macpherson,Care For You Medical Clinic,Tues,08:00,13:00,480,780,False,8:00am - 1:00pm
Macpherson,Care For You Medical Clinic,Tues,14:00,17:00,840,1020,False,2:00pm - 5:00pm
Macpherson,Care For You Medical Clinic,Wed,08:00,13:00,480,780,False,8:00am - 1:00pm
Macpherson,Care For You Medical Clinic,Wed,14:00,17:00,840,1020,False,2:00pm - 5:00pm
Macpherson,Care For You Medical Clinic,Thurs,08:00,13:00,480,780,False,8:00am - 1:00pm
Macpherson,Care For You Medical Clinic,Thurs,14:00,17:00,840,1020,False,2:00pm - 5:00pm
Macpherson,Care For You Medical Clinic,Fri,08:00,13:00,480,780,False,8:00am - 1:00pm
Macpherson,Care For You Medical Clinic,Fri,14:00,17:00,840,1020,False,2:00pm - 5:00pm
Macpherson,Care For You Medical Clinic,Sat,08:00,12:00,480,720,False,8:00am - 12:00pm
Macpherson,FairCare Family Clinic (Macpherson),Mon,08:30,21:00,510,1260,False,8:30am - 9:00pm
Macpherson,FairCare Family Clinic (Macpherson),Tues,08:30,21:00,510,1260,False,8:30am - 9:00pm
Macpherson,FairCare Family Clinic (Macpherson),Wed,08:30,21:00,510,1260,False,8:30am - 9:00pm
Macpherson,FairCare Family Clinic (Macpherson),Thurs,08:30,21:00,510,1260,False,8:30am - 9:00pm
Macpherson,FairCare Family Clinic (Macpherson),Fri,08:30,21:00,510,1260,False,8:30am - 9:00pm
Macpherson,FairCare Family Clinic (Macpherson),Sat,08:30,13:00,510,780,False,8:30am - 1:00pm
Macpherson,FairCare Family Clinic (Macpherson),Sun,08:30,13:00,510,780,False,8:30am - 1:00pm
Macpherson,Healthlink 5 Medical Clinic & Surgery Pte Ltd,Mon,08:30,12:30,510,750,False,8:30am - 12:30pm
Macpherson,Healthlink 5 Medical Clinic & Surgery Pte Ltd,Mon,14:00,16:30,840,990,False,2:00pm - 4:30pm
Macpherson,Healthlink 5 Medical Clinic & Surgery Pte Ltd,Mon,18:30,21:00,1110,1260,False,6:30pm - 9:00pm
Macpherson,Healthlink 5 Medical Clinic & Surgery Pte Ltd,Tues,08:30,12:30,510,750,False,8:30am - 12:30pm
Macpherson,Healthlink 5 Medical Clinic & Surgery Pte Ltd,Tues,14:00,16:30,840,990,False,2:00pm - 4:30pm
Macpherson,Healthlink 5 Medical Clinic & Surgery Pte Ltd,Tues,18:30,21:00,1110,1260,False,6:30pm - 9:00pm
Macpherson,Healthlink 5 Medical Clinic & Surgery Pte Ltd,Wed,08:30,12:30,510,750,False,8:30am - 12:30pm
Macpherson,Healthlink 5 Medical Clinic & Surgery Pte Ltd,Wed,14:00,16:30,840,990,False,2:00pm - 4:30pm
Macpherson,Healthlink 5 Medical Clinic & Surgery Pte Ltd,Wed,18:30,21:00,1110,1260,False,6:30pm - 9:00pm
Macpherson,Healthlink 5 Medical Clinic & Surgery Pte Ltd,Thurs,08:30,12:30,510,750,False,8:30am - 12:30pm
Macpherson,Healthlink 5 Medical Clinic & Surgery Pte Ltd,Thurs,14:00,16:30,840,990,False,2:00pm - 4:30pm
Macpherson,Healthlink 5 Medical Clinic & Surgery Pte Ltd,Thurs,18:30,21:00,1110,1260,False,6:30pm - 9:00pm
Macpherson,Healthlink 5 Medical Clinic & Surgery Pte Ltd,Fri,08:30,12:30,510,750,False,8:30am - 12:30pm
Macpherson,Healthlink 5 Medical Clinic & Surgery Pte Ltd,Sat,08:30,12:30,510,750,False,8:30am - 12:30pm
Macpherson,Healthlink 5 Medical Clinic & Surgery Pte Ltd,Sun,08:30,12:30,510,750,False,8:30am - 12:30pm
Macpherson,Healthlink 5 Medical Clinic & Surgery Pte Ltd,PH,08:30,12:30,510,750,False,8:30am - 12:30pm
Macpherson,HeartlandHealth (Circuit Road),Mon,07:00,23:00,420,1380,False,7:00am - 11:00pm
Macpherson,HeartlandHealth (Circuit Road),Tues,07:00,23:00,420,1380,False,7:00am - 11:00pm
Macpherson,HeartlandHealth (Circuit Road),Wed,07:00,23:00,420,1380,False,7:00am - 11:00pm
Macpherson,HeartlandHealth (Circuit Road),Thurs,07:00,13:00,420,780,False,7:00am - 1:00pm
Macpherson,HeartlandHealth (Circuit Road),Thurs,18:00,23:00,1080,1380,False,6:00pm - 11:00pm
Macpherson,HeartlandHealth (Circuit Road),Fri,07:00,13:00,420,780,False,7:00am - 1:00pm
Macpherson,HeartlandHealth (Circuit Road),Fri,18:00,23:00,1080,1380,False,6:00pm - 11:00pm
Macpherson,HeartlandHealth (Circuit Road),Sat,07:00,13:00,420,780,False,7:00am - 1:00pm
Macpherson,HeartlandHealth (Circuit Road),Sat,18:00,23:00,1080,1380,False,6:00pm - 11:00pm
Macpherson,HeartlandHealth (Circuit Road),Sun,07:00,13:00,420,780,False,7:00am - 1:00pm
Macpherson,HeartlandHealth (Circuit Road),Sun,18:00,23:00,1080,1380,False,6:00pm - 11:00pm
Macpherson,HeartlandHealth (Circuit Road),PH,07:00,13:00,420,780,False,7:00am - 1:00pm
Macpherson,HeartlandHealth (Circuit Road),PH,18:00,23:00,1080,1380,False,6:00pm - 11:00pm
Macpherson,Kindred Family Clinic (MacPherson),Mon,08:30,13:00,510,780,False,8:30am - 1:00pm
Macpherson,Kindred Family Clinic (MacPherson),Mon,14:00,17:00,840,1020,False,2:00pm - 5:00pm
Macpherson,Kindred Family Clinic (MacPherson),Mon,18:00,21:00,1080,1260,False,6:00pm - 9:00pm
Macpherson,Kindred Family Clinic (MacPherson),Tues,08:30,13:00,510,780,False,8:30am - 1:00pm
Macpherson,Kindred Family Clinic (MacPherson),Tues,14:00,17:00,840,1020,False,2:00pm - 5:00pm
Macpherson,Kindred Family Clinic (MacPherson),Tues,18:00,21:00,1080,1260,False,6:00pm - 9:00pm
Macpherson,Kindred Family Clinic (MacPherson),Wed,08:30,13:00,510,780,False,8:30am - 1:00pm
Macpherson,Kindred Family Clinic (MacPherson),Wed,14:00,17:00,840,1020,False,2:00pm - 5:00pm
Macpherson,Kindred Family Clinic (MacPherson),Wed,18:00,21:00,1080,1260,False,6:00pm - 9:00pm
Macpherson,Kindred Family Clinic (MacPherson),Thurs,08:30,13:00,510,780,False,8:30am - 1:00pm
Macpherson,Kindred Family Clinic (MacPherson),Thurs,14:00,17:00,840,1020,False,2:00pm - 5:00pm
Macpherson,Kindred Family Clinic (MacPherson),Thurs,18:00,21:00,1080,1260,False,6:00pm - 9:00pm
Macpherson,Kindred Family Clinic (MacPherson),Fri,08:30,13:00,510,780,False,8:30am - 1:00pm
Macpherson,Kindred Family Clinic (MacPherson),Fri,14:00,17:00,840,1020,False,2:00pm - 5:00pm
Macpherson,Kindred Family Clinic (MacPherson),Sat,08:30,13:00,510,780,False,8:30am - 1:00pm
Macpherson,Kindred Family Clinic (MacPherson),Sun,08:30,13:00,510,780,False,8:30am - 1:00pm
Macpherson,Lee & Tan Family Clinic and Surgery,Mon,09:00,12:00,540,720,False,9:00am - 12:00pm
Macpherson,Lee & Tan Family Clinic and Surgery,Mon,13:00,15:30,780,930,False,1:00pm - 3:30pm
Macpherson,Lee & Tan Family Clinic and Surgery,Mon,19:00,21:30,1140,1290,False,7:00pm - 9:30pm
Macpherson,Lee & Tan Family Clinic and Surgery,Tues,09:00,12:00,540,720,False,9:00am - 12:00pm
Macpherson,Lee & Tan Family Clinic and Surgery,Tues,13:00,15:30,780,930,False,1:00pm - 3:30pm
Macpherson,Lee & Tan Family Clinic and Surgery,Tues,19:00,21:30,1140,1290,False,7:00pm - 9:30pm
Macpherson,Lee & Tan Family Clinic and Surgery,Wed,09:00,12:00,540,720,False,9:00am - 12:00pm
Macpherson,Lee & Tan Family Clinic and Surgery,Wed,13:00,15:30,780,930,False,1:00pm - 3:30pm
Macpherson,Lee & Tan Family Clinic and Surgery,Wed,19:00,21:30,1140,1290,False,7:00pm - 9:30pm
Macpherson,Lee & Tan Family Clinic and Surgery,Thurs,09:00,12:00,540,720,False,9:00am - 12:00pm
Macpherson,Lee & Tan Family Clinic and Surgery,Thurs,13:00,15:30,780,930,False,1:00pm - 3:30pm
Macpherson,Lee & Tan Family Clinic and Surgery,Thurs,19:00,21:30,1140,1290,False,7:00pm - 9:30pm
Macpherson,Lee & Tan Family Clinic and Surgery,Fri,09:00,12:00,540,720,False,9:00am - 12:00pm
Macpherson,Lee & Tan Family Clinic and Surgery,Fri,13:00,15:30,780,930,False,1:00pm - 3:30pm
Macpherson,Lee & Tan Family Clinic and Surgery,Fri,19:00,21:30,1140,1290,False,7:00pm - 9:30pm
Macpherson,Lee & Tan Family Clinic and Surgery,Sat,09:00,12:00,540,720,False,9:00am - 12:00pm
Macpherson,Lee & Tan Family Clinic and Surgery,Sun,09:00,12:00,540,720,False,9:00am - 12:00pm
Macpherson,LifeCare Medical Centre,Mon,08:30,15:00,510,900,False,8:30am - 3:00pm
Macpherson,LifeCare Medical Centre,Mon,18:30,21:00,1110,1260,False,6:30pm - 9:00pm
Macpherson,LifeCare Medical Centre,Tues,08:30,15:00,510,900,False,8:30am - 3:00pm
Macpherson,LifeCare Medical Centre,Tues,18:30,21:00,1110,1260,False,6:30pm - 9:00pm
Macpherson,LifeCare Medical Centre,Wed,08:30,15:00,510,900,False,8:30am - 3:00pm
Macpherson,LifeCare Medical Centre,Wed,18:30,21:00,1110,1260,False,6:30pm - 9:00pm
Macpherson,LifeCare Medical Centre,Thurs,08:30,15:00,510,900,False,8:30am - 3:00pm
Macpherson,LifeCare Medical Centre,Thurs,18:30,21:00,1110,1260,False,6:30pm - 9:00pm
Macpherson,LifeCare Medical Centre,Fri,08:30,15:00,510,900,False,8:30am - 3:00pm
Macpherson,LifeCare Medical Centre,Fri,18:30,21:00,1110,1260,False,6:30pm - 9:00pm
Macpherson,LifeCare Medical Centre,Sat,08:30,12:00,510,720,False,8:30am - 12:00pm
Macpherson,YSL Aljunied 5 Clinic & Surgery,Mon,08:30,15:00,510,900,False,8:30am - 3:00pm
Macpherson,YSL Aljunied 5 Clinic & Surgery,Mon,18:30,21:00,1110,1260,False,6:30pm - 9:00pm
Macpherson,YSL Aljunied 5 Clinic & Surgery,Tues,08:30,15:00,510,900,False,8:30am - 3:00pm
Macpherson,YSL Aljunied 5 Clinic & Surgery,Tues,18:30,21:00,1110,1260,False,6:30pm - 9:00pm
Macpherson,YSL Aljunied 5 Clinic & Surgery,Wed,08:30,15:00,510,900,False,8:30am - 3:00pm
Macpherson,YSL Aljunied 5 Clinic & Surgery,Wed,18:30,21:00,1110,1260,False,6:30pm - 9:00pm
Macpherson,YSL Aljunied 5 Clinic & Surgery,Thurs,08:30,15:00,510,900,False,8:30am - 3:00pm
Macpherson,YSL Aljunied 5 Clinic & Surgery,Thurs,18:30,21:00,1110,1260,False,6:30pm - 9:00pm
Macpherson,YSL Aljunied 5 Clinic & Surgery,Fri,08:30,15:00,510,900,False,8:30am - 3:00pm
Macpherson,YSL Aljunied 5 Clinic & Surgery,Fri,18:30,21:00,1110,1260,False,6:30pm - 9:00pm
Macpherson,YSL Aljunied 5 Clinic & Surgery,Sat,08:30,12:30,510,750,False,8:30am - 12:30pm
Macpherson,YSL Aljunied 5 Clinic & Surgery,Sun,08:30,12:30,510,750,False,8:30am - 12:30pm
Macpherson,YSL Aljunied 5 Clinic & Surgery,PH,08:30,12:30,510,750,False,8:30am - 12:30pm
Marine Parade,Advantage 80 Medical Clinic (Parkway Parade),Mon,09:00,13:00,540,780,False,9:00am - 1:00pm
Marine Parade,Advantage 80 Medical Clinic (Parkway Parade),Mon,14:00,18:00,840,1080,False,2:00pm - 6:00pm
Marine Parade,Advantage 80 Medical Clinic (Parkway Parade),Tues,09:00,13:00,540,780,False,9:00am - 1:00pm
Marine Parade,Advantage 80 Medical Clinic (Parkway Parade),Tues,14:00,18:00,840,1080,False,2:00pm - 6:00pm
Marine Parade,Advantage 80 Medical Clinic (Parkway Parade),Wed,09:00,13:00,540,780,False,9:00am - 1:00pm
Marine Parade,Advantage 80 Medical Clinic (Parkway Parade),Wed,14:00,18:00,840,1080,False,2:00pm - 6:00pm
Marine Parade,Advantage 80 Medical Clinic (Parkway Parade),Thurs,09:00,13:00,540,780,False,9:00am - 1:00pm
Marine Parade,Advantage 80 Medical Clinic (Parkway Parade),Thurs,14:00,18:00,840,1080,False,2:00pm - 6:00pm
Marine Parade,Advantage 80 Medical Clinic (Parkway Parade),Fri,09:00,13:00,540,780,False,9:00am - 1:00pm
Marine Parade,Advantage 80 Medical Clinic (Parkway Parade),Fri,14:00,18:00,840,1080,False,2:00pm - 6:00pm
Marine Parade,Advantage 80 Medical Clinic (Parkway Parade),Sat,09:00,13:00,540,780,False,9:00am - 1:00pm
Marine Parade,CareHub 13 Medical Clinic,Mon,08:30,13:00,510,780,False,8:30am - 1:00pm
Marine Parade,CareHub 13 Medical Clinic,Mon,14:00,17:00,840,1020,False,2:00pm - 5:00pm
Marine Parade,CareHub 13 Medical Clinic,Mon,18:00,21:00,1080,1260,False,6:00pm - 9:00pm
Marine Parade,CareHub 13 Medical Clinic,Tues,08:30,13:00,510,780,False,8:30am - 1:00pm
Marine Parade,CareHub 13 Medical Clinic,Tues,14:00,17:00,840,1020,False,2:00pm - 5:00pm
Marine Parade,CareHub 13 Medical Clinic,Tues,18:00,21:00,1080,1260,False,6:00pm - 9:00pm
Marine Parade,CareHub 13 Medical Clinic,Wed,08:30,13:00,510,780,False,8:30am - 1:00pm
Marine Parade,CareHub 13 Medical Clinic,Wed,14:00,17:00,840,1020,False,2:00pm - 5:00pm
Marine Parade,CareHub 13 Medical Clinic,Wed,18:00,21:00,1080,1260,False,6:00pm - 9:00pm
Marine Parade,CareHub 13 Medical Clinic,Thurs,08:30,13:00,510,780,False,8:30am - 1:00pm
Marine Parade,CareHub 13 Medical Clinic,Thurs,14:00,17:00,840,1020,False,2:00pm - 5:00pm
Marine Parade,CareHub 13 Medical Clinic,Thurs,18:00,21:00,1080,1260,False,6:00pm - 9:00pm
Marine Parade,CareHub 13 Medical Clinic,Fri,08:30,13:00,510,780,False,8:30am - 1:00pm
Marine Parade,CareHub 13 Medical Clinic,Fri,14:00,17:00,840,1020,False,2:00pm - 5:00pm
Marine Parade,CareHub 13 Medical Clinic,Fri,18:00,21:00,1080,1260,False,6:00pm - 9:00pm
Marine Parade,CareHub 13 Medical Clinic,Sat,08:30,13:00,510,780,False,8:30am - 1:00pm
Marine Parade,Central [Clinic + 81 Surgery] Marine Parade,Mon,08:00,18:00,480,1080,False,8:00am - 6:00pm
Marine Parade,Central [Clinic + 81 Surgery] Marine Parade,Tues,08:00,18:00,480,1080,False,8:00am - 6:00pm
Marine Parade,Central [Clinic + 81 Surgery] Marine Parade,Wed,08:00,18:00,480,1080,False,8:00am - 6:00pm
Marine Parade,Central [Clinic + 81 Surgery] Marine Parade,Thurs,08:00,18:00,480,1080,False,8:00am - 6:00pm
Marine Parade,Central [Clinic + 81 Surgery] Marine Parade,Fri,08:00,18:00,480,1080,False,8:00am - 6:00pm
Marine Parade,Central [Clinic + 81 Surgery] Marine Parade,Sat,08:00,18:00,480,1080,False,8:00am - 6:00pm
Marine Parade,Central [Clinic + 81 Surgery] Marine Parade,Sun,08:00,13:00,480,780,False,8:00am - 1:00pm
Marine Parade,DR+ Medical & Paincare East Coast,Mon,08:00,14:00,480,840,False,8:00am - 2:00pm
Marine Parade,DR+ Medical & Paincare East Coast,Tues,08:00,14:00,480,840,False,8:00am - 2:00pm
Marine Parade,DR+ Medical & Paincare East Coast,Wed,08:00,14:00,480,840,False,8:00am - 2:00pm
Marine Parade,DR+ Medical & Paincare East Coast,Thurs,18:00,21:00,1080,1260,False,6:00pm - 9:00pm
Marine Parade,DR+ Medical & Paincare East Coast,Fri,08:00,14:00,480,840,False,8:00am - 2:00pm
Marine Parade,DR+ Medical & Paincare East Coast,Sat,08:00,12:00,480,720,False,8:00am - 12:00pm
Marine Parade,DR+ Medical & Paincare East Coast,Sun,10:00,13:00,600,780,False,10:00am - 1:00pm
Marine Parade,East Coast Family Clinic,Mon,08:30,15:00,510,900,False,8:30am - 3:00pm
Marine Parade,East Coast Family Clinic,Tues,08:30,15:00,510,900,False,8:30am - 3:00pm
Marine Parade,East Coast Family Clinic,Wed,08:30,12:30,510,750,False,8:30am - 12:30pm
Marine Parade,East Coast Family Clinic,Thurs,18:30,20:30,1110,1230,False,6:30pm - 8:30pm
Marine Parade,East Coast Family Clinic,Fri,08:30,15:00,510,900,False,8:30am - 3:00pm
Marine Parade,East Coast Family Clinic,Sat,09:00,12:30,540,750,False,9:00am - 12:30pm
Marine Parade,East Coast Family Clinic,Sun,09:00,12:30,540,750,False,9:00am - 12:30pm
Marine Parade,Inspire Medical 8 Clinic (Jalan Batu),Mon,09:00,19:00,540,1140,False,9:00am - 7:00pm
Marine Parade,Inspire Medical 8 Clinic (Jalan Batu),Tues,09:00,19:00,540,1140,False,9:00am - 7:00pm
Marine Parade,Inspire Medical 8 Clinic (Jalan Batu),Wed,09:00,19:00,540,1140,False,9:00am - 7:00pm
Marine Parade,Inspire Medical 8 Clinic (Jalan Batu),Thurs,09:00,19:00,540,1140,False,9:00am - 7:00pm
Marine Parade,Inspire Medical 8 Clinic (Jalan Batu),Fri,09:00,19:00,540,1140,False,9:00am - 7:00pm
Marine Parade,Inspire Medical 8 Clinic (Jalan Batu),Sat,09:00,15:00,540,900,False,9:00am - 3:00pm
Marine Parade,Inspire Medical 8 Clinic (Jalan Batu),Sun,09:00,15:00,540,900,False,9:00am - 3:00pm
Marine Parade,Inspire Medical 8 Clinic (Jalan Batu),PH,09:00,15:00,540,900,False,9:00am - 3:00pm
Marine Parade,International 88 Medical Clinic (Katong),Mon,09:00,17:30,540,1050,False,9:00am - 5:30pm
Marine Parade,International 88 Medical Clinic (Katong),Tues,09:00,17:30,540,1050,False,9:00am - 5:30pm
Marine Parade,International 88 Medical Clinic (Katong),Wed,09:00,17:30,540,1050,False,9:00am - 5:30pm
Marine Parade,International 88 Medical Clinic (Katong),Thurs,09:00,17:30,540,1050,False,9:00am - 5:30pm
Marine Parade,International 88 Medical Clinic (Katong),Fri,09:00,17:30,540,1050,False,9:00am - 5:30pm
Marine Parade,International 88 Medical Clinic (Katong),Sat,09:00,13:00,540,780,False,9:00am - 1:00pm
Marine Parade,Marine Parade 59 Clinic,Mon,08:30,21:00,510,1260,False,8:30am - 9:00pm
Marine Parade,Marine Parade 59 Clinic,Tues,08:30,18:00,510,1080,False,8:30am - 6:00pm
Marine Parade,Marine Parade 59 Clinic,Wed,08:30,18:00,510,1080,False,8:30am - 6:00pm
Marine Parade,Marine Parade 59 Clinic,Thurs,08:30,18:00,510,1080,False,8:30am - 6:00pm
Marine Parade,Marine Parade 59 Clinic,Fri,08:30,18:00,510,1080,False,8:30am - 6:00pm
Marine Parade,Marine Parade 59 Clinic,Sat,08:30,12:30,510,750,False,8:30am - 12:30pm
Marine Parade,Marine Parade 59 Clinic,Sun,08:30,12:30,510,750,False,8:30am - 12:30pm
Marine Parade,Marine Terrace 57 Family Clinic,Mon,07:30,10:00,450,600,False,7:30am - 10:00am
Marine Parade,Marine Terrace 57 Family Clinic,Mon,15:30,20:00,930,1200,False,3:30pm - 8:00pm
Marine Parade,Marine Terrace 57 Family Clinic,Tues,07:30,10:00,450,600,False,7:30am - 10:00am
Marine Parade,Marine Terrace 57 Family Clinic,Tues,15:30,20:00,930,1200,False,3:30pm - 8:00pm
Marine Parade,Marine Terrace 57 Family Clinic,Wed,07:30,10:00,450,600,False,7:30am - 10:00am
Marine Parade,Marine Terrace 57 Family Clinic,Wed,15:30,20:00,930,1200,False,3:30pm - 8:00pm
Marine Parade,Marine Terrace 57 Family Clinic,Thurs,07:30,10:00,450,600,False,7:30am - 10:00am
Marine Parade,Marine Terrace 57 Family Clinic,Thurs,15:30,20:00,930,1200,False,3:30pm - 8:00pm
Marine Parade,Marine Terrace 57 Family Clinic,Fri,07:30,10:00,450,600,False,7:30am - 10:00am
Marine Parade,Marine Terrace 57 Family Clinic,Sat,07:30,08:30,450,510,False,7:30am - 8:30am
Marine Parade,Marine Terrace 57 Family Clinic,Sun,07:30,12:00,450,720,False,7:30am - 12:00pm
Marine Parade,81 Mediline Wei Min Clinic (Marine Parade),Mon,08:00,14:00,480,840,False,8:00am - 2:00pm
Marine Parade,81 Mediline Wei Min Clinic (Marine Parade),Mon,15:00,20:00,900,1200,False,3:00pm - 8:00pm
Marine Parade,81 Mediline Wei Min Clinic (Marine Parade),Tues,08:00,14:00,480,840,False,8:00am - 2:00pm
Marine Parade,81 Mediline Wei Min Clinic (Marine Parade),Tues,15:00,20:00,900,1200,False,3:00pm - 8:00pm
Marine Parade,81 Mediline Wei Min Clinic (Marine Parade),Wed,08:00,14:00,480,840,False,8:00am - 2:00pm
Marine Parade,81 Mediline Wei Min Clinic (Marine Parade),Wed,15:00,20:00,900,1200,False,3:00pm - 8:00pm
Marine Parade,81 Mediline Wei Min Clinic (Marine Parade),Thurs,08:00,14:00,480,840,False,8:00am - 2:00pm
Marine Parade,81 Mediline Wei Min Clinic (Marine Parade),Thurs,15:00,20:00,900,1200,False,3:00pm - 8:00pm
Marine Parade,81 Mediline Wei Min Clinic (Marine Parade),Fri,08:00,14:00,480,840,False,8:00am - 2:00pm
Marine Parade,81 Mediline Wei Min Clinic (Marine Parade),Fri,15:00,18:00,900,1080,False,3:00pm - 6:00pm
Marine Parade,81 Mediline Wei Min Clinic (Marine Parade),Sat,08:00,13:00,480,780,False,8:00am - 1:00pm
Marine Parade,81 Mediline Wei Min Clinic (Marine Parade),Sat,14:00,18:00,840,1080,False,2:00pm - 6:00pm
Marine Parade,81 Mediline Wei Min Clinic (Marine Parade),Sun,08:00,14:00,480,840,False,8:00am - 2:00pm
Marine Parade,81 Mediline Wei Min Clinic (Marine Parade),Sun,15:00,18:00,900,1080,False,3:00pm - 6:00pm
Marine Parade,81 Mediline Wei Min Clinic (Marine Parade),PH,08:00,14:00,480,840,False,8:00am - 2:00pm
Marine Parade,81 Mediline Wei Min Clinic (Marine Parade),PH,15:00,18:00,900,1080,False,3:00pm - 6:00pm
Marine Parade,57 Medical 1 Clinic (Parkway Centre),Mon,08:00,13:00,480,780,False,8:00am - 1:00pm
Marine Parade,57 Medical 1 Clinic (Parkway Centre),Tues,08:00,13:00,480,780,False,8:00am - 1:00pm
Marine Parade,57 Medical 1 Clinic (Parkway Centre),Wed,08:00,13:00,480,780,False,8:00am - 1:00pm
Marine Parade,57 Medical 1 Clinic (Parkway Centre),Thurs,14:00,17:00,840,1020,False,2:00pm - 5:00pm
Marine Parade,57 Medical 1 Clinic (Parkway Centre),Thurs,18:00,21:00,1080,1260,False,6:00pm - 9:00pm
Marine Parade,57 Medical 1 Clinic (Parkway Centre),Fri,08:00,13:00,480,780,False,8:00am - 1:00pm
Marine Parade,57 Medical 1 Clinic (Parkway Centre),Sat,08:00,13:00,480,780,False,8:00am - 1:00pm
Marine Parade,57 Medical 1 Clinic (Parkway Centre),Sun,09:00,12:00,540,720,False,9:00am - 12:00pm
Marine Parade,57 Medical 1 Clinic (Parkway Centre),PH,09:00,12:00,540,720,False,9:00am - 12:00pm
Newton,Babysteps & Beyond Family & Child Clinic,Mon,09:00,13:00,540,780,False,9:00am - 1:00pm
Newton,Babysteps & Beyond Family & Child Clinic,Mon,14:00,17:30,840,1050,False,2:00pm - 5:30pm
Newton,Babysteps & Beyond Family & Child Clinic,Mon,18:30,21:00,1110,1260,False,6:30pm - 9:00pm
Newton,Babysteps & Beyond Family & Child Clinic,Tues,09:00,13:00,540,780,False,9:00am - 1:00pm
Newton,Babysteps & Beyond Family & Child Clinic,Tues,14:00,17:30,840,1050,False,2:00pm - 5:30pm
Newton,Babysteps & Beyond Family & Child Clinic,Tues,18:30,21:00,1110,1260,False,6:30pm - 9:00pm
Newton,Babysteps & Beyond Family & Child Clinic,Wed,09:00,13:00,540,780,False,9:00am - 1:00pm
Newton,Babysteps & Beyond Family & Child Clinic,Wed,14:00,17:30,840,1050,False,2:00pm - 5:30pm
Newton,Babysteps & Beyond Family & Child Clinic,Wed,18:30,21:00,1110,1260,False,6:30pm - 9:00pm
Newton,Babysteps & Beyond Family & Child Clinic,Thurs,09:00,13:00,540,780,False,9:00am - 1:00pm
Newton,Babysteps & Beyond Family & Child Clinic,Thurs,14:00,17:30,840,1050,False,2:00pm - 5:30pm
Newton,Babysteps & Beyond Family & Child Clinic,Thurs,18:30,21:00,1110,1260,False,6:30pm - 9:00pm
Newton,Babysteps & Beyond Family & Child Clinic,Fri,09:00,13:00,540,780,False,9:00am - 1:00pm
Newton,Babysteps & Beyond Family & Child Clinic,Fri,14:00,17:30,840,1050,False,2:00pm - 5:30pm
Newton,Babysteps & Beyond Family & Child Clinic,Sat,08:30,12:30,510,750,False,8:30am - 12:30pm
Newton,Babysteps & Beyond Family & Child Clinic,Sun,08:30,12:30,510,750,False,8:30am - 12:30pm
Newton,Babysteps & Beyond Family & Child Clinic,PH,08:30,12:30,510,750,False,8:30am - 12:30pm
Novena,Dr Lim Lean Huat & Associates,Mon,08:30,12:30,510,750,False,8:30am - 12:30pm
Novena,Dr Lim Lean Huat & Associates,Mon,14:30,17:30,870,1050,False,2:30pm - 5:30pm
Novena,Dr Lim Lean Huat & Associates,Tues,08:30,12:30,510,750,False,8:30am - 12:30pm
Novena,Dr Lim Lean Huat & Associates,Tues,14:30,17:30,870,1050,False,2:30pm - 5:30pm
Novena,Dr Lim Lean Huat & Associates,Wed,08:30,12:30,510,750,False,8:30am - 12:30pm
Novena,Dr Lim Lean Huat & Associates,Wed,14:30,17:30,870,1050,False,2:30pm - 5:30pm
Novena,Dr Lim Lean Huat & Associates,Thurs,08:30,12:30,510,750,False,8:30am - 12:30pm
Novena,Dr Lim Lean Huat & Associates,Thurs,14:30,17:30,870,1050,False,2:30pm - 5:30pm
Novena,Dr Lim Lean Huat & Associates,Fri,08:30,12:30,510,750,False,8:30am - 12:30pm
Novena,Dr Lim Lean Huat & Associates,Fri,14:30,17:30,870,1050,False,2:30pm - 5:30pm
Novena,Dr Lim Lean Huat & Associates,Sat,08:30,12:30,510,750,False,8:30am - 12:30pm
Novena,HeartlandHealth (Whampoa),Mon,07:00,23:00,420,1380,False,7:00am - 11:00pm
Novena,HeartlandHealth (Whampoa),Tues,07:00,23:00,420,1380,False,7:00am - 11:00pm
Novena,HeartlandHealth (Whampoa),Wed,07:00,23:00,420,1380,False,7:00am - 11:00pm
Novena,HeartlandHealth (Whampoa),Thurs,07:00,23:00,420,1380,False,7:00am - 11:00pm
Novena,HeartlandHealth (Whampoa),Fri,07:00,23:00,420,1380,False,7:00am - 11:00pm
Novena,HeartlandHealth (Whampoa),Sat,07:00,13:00,420,780,False,7:00am - 1:00pm
Novena,HeartlandHealth (Whampoa),Sat,18:00,23:00,1080,1380,False,6:00pm - 11:00pm
Novena,HeartlandHealth (Whampoa),Sun,07:00,13:00,420,780,False,7:00am - 1:00pm
Novena,HeartlandHealth (Whampoa),Sun,18:00,23:00,1080,1380,False,6:00pm - 11:00pm
Novena,HeartlandHealth (Whampoa),PH,07:00,23:00,420,1380,False,7:00am - 11:00pm
Novena,Phoenix Medical Group (Novena),Thurs,09:00,15:00,540,900,False,9:00am - 3:00pm
Novena,Phoenix Medical Group (Novena),Fri,18:00,21:00,1080,1260,False,6:00pm - 9:00pm
Novena,Phoenix Medical Group (Novena),Sat,09:00,13:00,540,780,False,9:00am - 1:00pm
Novena,Phoenix Medical Group (Novena),Sun,14:00,21:00,840,1260,False,2:00pm - 9:00pm
Novena,The Tenteram Clinic,Mon,09:00,12:00,540,720,False,9:00am - 12:00pm
Novena,The Tenteram Clinic,Mon,19:00,21:00,1140,1260,False,7:00pm - 9:00pm
Novena,The Tenteram Clinic,Tues,09:00,12:00,540,720,False,9:00am - 12:00pm
Novena,The Tenteram Clinic,Tues,19:00,21:00,1140,1260,False,7:00pm - 9:00pm
Novena,The Tenteram Clinic,Wed,09:00,12:00,540,720,False,9:00am - 12:00pm
Novena,The Tenteram Clinic,Wed,19:00,21:00,1140,1260,False,7:00pm - 9:00pm
Novena,The Tenteram Clinic,Thurs,09:00,12:00,540,720,False,9:00am - 12:00pm
Novena,The Tenteram Clinic,Thurs,19:00,21:00,1140,1260,False,7:00pm - 9:00pm
Novena,The Tenteram Clinic,Fri,09:00,12:00,540,720,False,9:00am - 12:00pm
Novena,The Tenteram Clinic,Sat,09:00,12:00,540,720,False,9:00am - 12:00pm
Novena,"24-Hr Family Clinic, Thomson Medical Centre",Mon,00:00,00:00,0,0,True,12:00am - 12:00am
Novena,"24-Hr Family Clinic, Thomson Medical Centre",Tues,00:00,00:00,0,0,True,12:00am - 12:00am
Novena,"24-Hr Family Clinic, Thomson Medical Centre",Wed,00:00,00:00,0,0,True,12:00am - 12:00am
Novena,"24-Hr Family Clinic, Thomson Medical Centre",Thurs,00:00,00:00,0,0,True,12:00am - 12:00am
Novena,"24-Hr Family Clinic, Thomson Medical Centre",Fri,00:00,00:00,0,0,True,12:00am - 12:00am
Novena,"24-Hr Family Clinic, Thomson Medical Centre",Sat,00:00,00:00,0,0,True,12:00am - 12:00am
Novena,"24-Hr Family Clinic, Thomson Medical Centre",Sun,00:00,00:00,0,0,True,12:00am - 12:00am
Novena,"24-Hr Family Clinic, Thomson Medical Centre",PH,00:00,00:00,0,0,True,12:00am - 12:00am
One-north,Carelite Medical 1 Clinic (Dover Medical Centre),Mon,08:30,12:30,510,750,False,8:30am - 12:30pm
One-north,Carelite Medical 1 Clinic (Dover Medical Centre),Mon,13:30,17:45,810,1065,False,1:30pm - 5:45pm
One-north,Carelite Medical 1 Clinic (Dover Medical Centre),Tues,08:30,12:30,510,750,False,8:30am - 12:30pm
One-north,Carelite Medical 1 Clinic (Dover Medical Centre),Tues,13:30,17:45,810,1065,False,1:30pm - 5:45pm
One-north,Carelite Medical 1 Clinic (Dover Medical Centre),Wed,08:30,12:30,510,750,False,8:30am - 12:30pm
One-north,Carelite Medical 1 Clinic (Dover Medical Centre),Wed,13:30,17:45,810,1065,False,1:30pm - 5:45pm
One-north,Carelite Medical 1 Clinic (Dover Medical Centre),Thurs,08:30,12:30,510,750,False,8:30am - 12:30pm
One-north,Carelite Medical 1 Clinic (Dover Medical Centre),Thurs,13:30,17:45,810,1065,False,1:30pm - 5:45pm
One-north,Carelite Medical 1 Clinic (Dover Medical Centre),Fri,08:30,12:30,510,750,False,8:30am - 12:30pm
One-north,Carelite Medical 1 Clinic (Dover Medical Centre),Fri,13:30,17:45,810,1065,False,1:30pm - 5:45pm
Orchard,Asia Health Partners,Mon,08:30,17:30,510,1050,False,8:30am - 5:30pm
Orchard,Asia Health Partners,Tues,08:30,17:30,510,1050,False,8:30am - 5:30pm
Orchard,Asia Health Partners,Wed,08:30,17:30,510,1050,False,8:30am - 5:30pm
Orchard,Asia Health Partners,Thurs,08:30,17:30,510,1050,False,8:30am - 5:30pm
Orchard,Asia Health Partners,Fri,08:30,17:30,510,1050,False,8:30am - 5:30pm
Orchard,Asia Health Partners,Sat,08:30,12:30,510,750,False,8:30am - 12:30pm
Orchard,Forum Medical Clinic,Mon,09:00,18:00,540,1080,False,9:00am - 6:00pm
Orchard,Forum Medical Clinic,Tues,09:00,18:00,540,1080,False,9:00am - 6:00pm
Orchard,Forum Medical Clinic,Wed,09:00,18:00,540,1080,False,9:00am - 6:00pm
Orchard,Forum Medical Clinic,Thurs,09:00,18:00,540,1080,False,9:00am - 6:00pm
Orchard,Forum Medical Clinic,Fri,09:00,18:00,540,1080,False,9:00am - 6:00pm
Orchard,Forum Medical Clinic,Sat,09:00,13:00,540,780,False,9:00am - 1:00pm
Orchard,Healthway Japanese Medical,Mon,09:00,13:00,540,780,False,9:00am - 1:00pm
Orchard,Healthway Japanese Medical,Mon,14:00,18:00,840,1080,False,2:00pm - 6:00pm
Orchard,Healthway Japanese Medical,Tues,09:00,13:00,540,780,False,9:00am - 1:00pm
Orchard,Healthway Japanese Medical,Tues,14:00,18:00,840,1080,False,2:00pm - 6:00pm
Orchard,Healthway Japanese Medical,Wed,09:00,13:00,540,780,False,9:00am - 1:00pm
Orchard,Healthway Japanese Medical,Wed,14:00,18:00,840,1080,False,2:00pm - 6:00pm
Orchard,Healthway Japanese Medical,Thurs,09:00,13:00,540,780,False,9:00am - 1:00pm
Orchard,Healthway Japanese Medical,Thurs,14:00,18:00,840,1080,False,2:00pm - 6:00pm
Orchard,Healthway Japanese Medical,Fri,09:00,13:00,540,780,False,9:00am - 1:00pm
Orchard,Healthway Japanese Medical,Fri,14:00,18:00,840,1080,False,2:00pm - 6:00pm
Orchard,Healthway Japanese Medical,Sat,09:00,13:00,540,780,False,9:00am - 1:00pm
Orchard,International 1 Medical Clinic (Orchard),Mon,08:00,17:30,480,1050,False,8:00am - 5:30pm
Orchard,International 1 Medical Clinic (Orchard),Tues,08:00,17:30,480,1050,False,8:00am - 5:30pm
Orchard,International 1 Medical Clinic (Orchard),Wed,08:00,17:30,480,1050,False,8:00am - 5:30pm
Orchard,International 1 Medical Clinic (Orchard),Thurs,08:00,17:30,480,1050,False,8:00am - 5:30pm
Orchard,International 1 Medical Clinic (Orchard),Fri,08:00,17:30,480,1050,False,8:00am - 5:30pm
Orchard,International 1 Medical Clinic (Orchard),Sat,09:00,13:00,540,780,False,9:00am - 1:00pm
Orchard,MSC Clinic 1,Mon,09:30,18:00,570,1080,False,9:30am - 6:00pm
Orchard,MSC Clinic 1,Tues,09:30,18:00,570,1080,False,9:30am - 6:00pm
Orchard,MSC Clinic 1,Wed,09:30,18:00,570,1080,False,9:30am - 6:00pm
Orchard,MSC Clinic 1,Thurs,09:30,18:00,570,1080,False,9:30am - 6:00pm
Orchard,MSC Clinic 1,Fri,09:30,18:00,570,1080,False,9:30am - 6:00pm
Orchard,MSC Clinic 1,Sat,09:30,16:00,570,960,False,9:30am - 4:00pm
Pasir Ris,BCH Clinic @ 21 Pasir Ris,Mon,08:30,13:30,510,810,False,8:30am - 1:30pm
Pasir Ris,BCH Clinic @ 21 Pasir Ris,Mon,18:00,20:30,1080,1230,False,6:00pm - 8:30pm
Pasir Ris,BCH Clinic @ 21 Pasir Ris,Tues,08:30,13:30,510,810,False,8:30am - 1:30pm
Pasir Ris,BCH Clinic @ 21 Pasir Ris,Tues,18:00,20:30,1080,1230,False,6:00pm - 8:30pm
Pasir Ris,BCH Clinic @ 21 Pasir Ris,Wed,08:30,13:30,510,810,False,8:30am - 1:30pm
Pasir Ris,BCH Clinic @ 21 Pasir Ris,Wed,18:00,20:30,1080,1230,False,6:00pm - 8:30pm
Pasir Ris,BCH Clinic @ 21 Pasir Ris,Thurs,08:30,13:30,510,810,False,8:30am - 1:30pm
Pasir Ris,BCH Clinic @ 21 Pasir Ris,Thurs,18:00,20:30,1080,1230,False,6:00pm - 8:30pm
Pasir Ris,BCH Clinic @ 21 Pasir Ris,Fri,08:30,13:30,510,810,False,8:30am - 1:30pm
Pasir Ris,BCH Clinic @ 21 Pasir Ris,Fri,18:00,20:30,1080,1230,False,6:00pm - 8:30pm
Pasir Ris,BCH Clinic @ 21 Pasir Ris,Sun,08:30,12:30,510,750,False,8:30am - 12:30pm
Pasir Ris,Bond Family Clinic,Mon,08:30,13:00,510,780,False,8:30am - 1:00pm
Pasir Ris,Bond Family Clinic,Mon,18:30,21:30,1110,1290,False,6:30pm - 9:30pm
Pasir Ris,Bond Family Clinic,Tues,08:30,13:30,510,810,False,8:30am - 1:30pm
Pasir Ris,Bond Family Clinic,Tues,18:30,21:30,1110,1290,False,6:30pm - 9:30pm
Pasir Ris,Bond Family Clinic,Wed,08:30,13:30,510,810,False,8:30am - 1:30pm
Pasir Ris,Bond Family Clinic,Wed,18:30,21:30,1110,1290,False,6:30pm - 9:30pm
Pasir Ris,Bond Family Clinic,Thurs,08:30,13:30,510,810,False,8:30am - 1:30pm
Pasir Ris,Bond Family Clinic,Thurs,18:30,21:30,1110,1290,False,6:30pm - 9:30pm
Pasir Ris,Bond Family Clinic,Fri,08:30,13:30,510,810,False,8:30am - 1:30pm
Pasir Ris,Bond Family Clinic,Fri,18:30,21:30,1110,1290,False,6:30pm - 9:30pm
Pasir Ris,Bond Family Clinic,Sat,09:00,13:00,540,780,False,9:00am - 1:00pm
Pasir Ris,Bond Family Clinic,PH,09:00,13:00,540,780,False,9:00am - 1:00pm
Pasir Ris,Caring Medical Clinic,Mon,08:30,14:00,510,840,False,8:30am - 2:00pm
Pasir Ris,Caring Medical Clinic,Mon,15:00,21:00,900,1260,False,3:00pm - 9:00pm
Pasir Ris,Caring Medical Clinic,Tues,08:30,14:00,510,840,False,8:30am - 2:00pm
Pasir Ris,Caring Medical Clinic,Tues,18:00,21:00,1080,1260,False,6:00pm - 9:00pm
Pasir Ris,Caring Medical Clinic,Wed,08:30,14:00,510,840,False,8:30am - 2:00pm
Pasir Ris,Caring Medical Clinic,Wed,18:00,21:00,1080,1260,False,6:00pm - 9:00pm
Pasir Ris,Caring Medical Clinic,Thurs,08:30,14:00,510,840,False,8:30am - 2:00pm
Pasir Ris,Caring Medical Clinic,Thurs,18:00,21:00,1080,1260,False,6:00pm - 9:00pm
Pasir Ris,Caring Medical Clinic,Fri,08:30,14:00,510,840,False,8:30am - 2:00pm
Pasir Ris,Caring Medical Clinic,Fri,18:00,21:00,1080,1260,False,6:00pm - 9:00pm
Pasir Ris,Caring Medical Clinic,Sat,08:30,12:30,510,750,False,8:30am - 12:30pm
Pasir Ris,Caring Medical Clinic,Sun,08:30,14:00,510,840,False,8:30am - 2:00pm
Pasir Ris,Caring Medical Clinic,Sun,18:00,21:00,1080,1260,False,6:00pm - 9:00pm
Pasir Ris,Clinic10,Mon,08:30,16:15,510,975,False,8:30am - 4:15pm
Pasir Ris,Clinic10,Tues,08:30,16:15,510,975,False,8:30am - 4:15pm
Pasir Ris,Clinic10,Wed,08:30,16:15,510,975,False,8:30am - 4:15pm
Pasir Ris,Clinic10,Thurs,08:30,16:15,510,975,False,8:30am - 4:15pm
Pasir Ris,Clinic10,Fri,08:30,16:15,510,975,False,8:30am - 4:15pm
Pasir Ris,Clinic10,Sun,09:00,12:00,540,720,False,9:00am - 12:00pm
Pasir Ris,Fullerton Health 7 Hub @ Pasir Ris,Mon,08:30,12:30,510,750,False,8:30am - 12:30pm
Pasir Ris,Fullerton Health 7 Hub @ Pasir Ris,Mon,13:30,17:30,810,1050,False,1:30pm - 5:30pm
Pasir Ris,Fullerton Health 7 Hub @ Pasir Ris,Mon,18:30,20:30,1110,1230,False,6:30pm - 8:30pm
Pasir Ris,Fullerton Health 7 Hub @ Pasir Ris,Tues,08:30,12:30,510,750,False,8:30am - 12:30pm
Pasir Ris,Fullerton Health 7 Hub @ Pasir Ris,Tues,13:30,17:30,810,1050,False,1:30pm - 5:30pm
Pasir Ris,Fullerton Health 7 Hub @ Pasir Ris,Tues,18:30,20:30,1110,1230,False,6:30pm - 8:30pm
Pasir Ris,Fullerton Health 7 Hub @ Pasir Ris,Wed,08:30,12:30,510,750,False,8:30am - 12:30pm
Pasir Ris,Fullerton Health 7 Hub @ Pasir Ris,Wed,13:30,17:30,810,1050,False,1:30pm - 5:30pm
Pasir Ris,Fullerton Health 7 Hub @ Pasir Ris,Wed,18:30,20:30,1110,1230,False,6:30pm - 8:30pm
Pasir Ris,Fullerton Health 7 Hub @ Pasir Ris,Thurs,08:30,12:30,510,750,False,8:30am - 12:30pm
Pasir Ris,Fullerton Health 7 Hub @ Pasir Ris,Thurs,13:30,17:30,810,1050,False,1:30pm - 5:30pm
Pasir Ris,Fullerton Health 7 Hub @ Pasir Ris,Thurs,18:30,20:30,1110,1230,False,6:30pm - 8:30pm
Pasir Ris,Fullerton Health 7 Hub @ Pasir Ris,Fri,08:30,12:30,510,750,False,8:30am - 12:30pm
Pasir Ris,Fullerton Health 7 Hub @ Pasir Ris,Fri,13:30,17:30,810,1050,False,1:30pm - 5:30pm
Pasir Ris,Fullerton Health 7 Hub @ Pasir Ris,Fri,18:30,20:30,1110,1230,False,6:30pm - 8:30pm
Pasir Ris,Fullerton Health 7 Hub @ Pasir Ris,Sat,08:30,12:30,510,750,False,8:30am - 12:30pm
Pasir Ris,Fullerton Health 7 Hub @ Pasir Ris,Sat,13:30,17:30,810,1050,False,1:30pm - 5:30pm
Pasir Ris,Fullerton Health 7 Hub @ Pasir Ris,Sat,18:30,20:30,1110,1230,False,6:30pm - 8:30pm
Pasir Ris,Fullerton Health 7 Hub @ Pasir Ris,Sun,08:30,12:30,510,750,False,8:30am - 12:30pm
Pasir Ris,Fullerton Health 7 Hub @ Pasir Ris,Sun,13:30,17:30,810,1050,False,1:30pm - 5:30pm
Pasir Ris,Fullerton Health 7 Hub @ Pasir Ris,Sun,18:30,20:30,1110,1230,False,6:30pm - 8:30pm
Pasir Ris,Fullerton Health 7 Hub @ Pasir Ris,PH,08:30,12:30,510,750,False,8:30am - 12:30pm
Pasir Ris,Fullerton Health 7 Hub @ Pasir Ris,PH,13:30,17:30,810,1050,False,1:30pm - 5:30pm
Pasir Ris,Fullerton Health 7 Hub @ Pasir Ris,PH,18:30,20:30,1110,1230,False,6:30pm - 8:30pm
Pasir Ris,Hamid Family Clinic & Surgery,Mon,09:00,12:00,540,720,False,9:00am - 12:00pm
Pasir Ris,Hamid Family Clinic & Surgery,Mon,13:30,15:30,810,930,False,1:30pm - 3:30pm
Pasir Ris,Hamid Family Clinic & Surgery,Mon,19:00,21:00,1140,1260,False,7:00pm - 9:00pm
Pasir Ris,Hamid Family Clinic & Surgery,Tues,09:00,12:00,540,720,False,9:00am - 12:00pm
Pasir Ris,Hamid Family Clinic & Surgery,Tues,13:30,15:30,810,930,False,1:30pm - 3:30pm
Pasir Ris,Hamid Family Clinic & Surgery,Wed,09:00,12:00,540,720,False,9:00am - 12:00pm
Pasir Ris,Hamid Family Clinic & Surgery,Wed,13:30,15:30,810,930,False,1:30pm - 3:30pm
Pasir Ris,Hamid Family Clinic & Surgery,Wed,19:00,21:00,1140,1260,False,7:00pm - 9:00pm
Pasir Ris,Hamid Family Clinic & Surgery,Thurs,09:00,12:00,540,720,False,9:00am - 12:00pm
Pasir Ris,Hamid Family Clinic & Surgery,Thurs,13:30,15:30,810,930,False,1:30pm - 3:30pm
Pasir Ris,Hamid Family Clinic & Surgery,Fri,09:00,12:00,540,720,False,9:00am - 12:00pm
Pasir Ris,Hamid Family Clinic & Surgery,Fri,13:30,15:30,810,930,False,1:30pm - 3:30pm
Pasir Ris,Hamid Family Clinic & Surgery,Fri,19:00,21:00,1140,1260,False,7:00pm - 9:00pm
Pasir Ris,Hamid Family Clinic & Surgery,Sat,09:00,12:00,540,720,False,9:00am - 12:00pm
Pasir Ris,HealthMatters - 1 The Family Practices,Mon,08:30,13:00,510,780,False,8:30am - 1:00pm
Pasir Ris,HealthMatters - 1 The Family Practices,Mon,15:00,19:00,900,1140,False,3:00pm - 7:00pm
Pasir Ris,HealthMatters - 1 The Family Practices,Mon,08:30,12:30,510,750,False,8:30am - 12:30pm
Pasir Ris,HealthMatters - 1 The Family Practices,Tues,08:30,13:00,510,780,False,8:30am - 1:00pm
Pasir Ris,HealthMatters - 1 The Family Practices,Tues,15:00,19:00,900,1140,False,3:00pm - 7:00pm
Pasir Ris,HealthMatters - 1 The Family Practices,Tues,08:30,12:30,510,750,False,8:30am - 12:30pm
Pasir Ris,HealthMatters - 1 The Family Practices,Wed,08:30,13:00,510,780,False,8:30am - 1:00pm
Pasir Ris,HealthMatters - 1 The Family Practices,Wed,15:00,19:00,900,1140,False,3:00pm - 7:00pm
Pasir Ris,HealthMatters - 1 The Family Practices,Wed,08:30,12:30,510,750,False,8:30am - 12:30pm
Pasir Ris,HealthMatters - 1 The Family Practices,Thurs,08:30,13:00,510,780,False,8:30am - 1:00pm
Pasir Ris,HealthMatters - 1 The Family Practices,Thurs,15:00,19:00,900,1140,False,3:00pm - 7:00pm
Pasir Ris,HealthMatters - 1 The Family Practices,Thurs,08:30,12:30,510,750,False,8:30am - 12:30pm
Pasir Ris,HealthMatters - 1 The Family Practices,Fri,08:30,13:00,510,780,False,8:30am - 1:00pm
Pasir Ris,HealthMatters - 1 The Family Practices,Fri,15:00,19:00,900,1140,False,3:00pm - 7:00pm
Pasir Ris,HealthMatters - 1 The Family Practices,Fri,08:30,12:30,510,750,False,8:30am - 12:30pm
Pasir Ris,Lily Aw Pasir Ris Family Clinic & Surgery,Mon,08:30,13:00,510,780,False,8:30am - 1:00pm
Pasir Ris,Lily Aw Pasir Ris Family Clinic & Surgery,Mon,14:00,17:00,840,1020,False,2:00pm - 5:00pm
Pasir Ris,Lily Aw Pasir Ris Family Clinic & Surgery,Mon,18:00,21:00,1080,1260,False,6:00pm - 9:00pm
Pasir Ris,Lily Aw Pasir Ris Family Clinic & Surgery,Tues,08:30,13:00,510,780,False,8:30am - 1:00pm
Pasir Ris,Lily Aw Pasir Ris Family Clinic & Surgery,Tues,14:00,17:00,840,1020,False,2:00pm - 5:00pm
Pasir Ris,Lily Aw Pasir Ris Family Clinic & Surgery,Tues,18:00,21:00,1080,1260,False,6:00pm - 9:00pm
Pasir Ris,Lily Aw Pasir Ris Family Clinic & Surgery,Wed,08:30,13:00,510,780,False,8:30am - 1:00pm
Pasir Ris,Lily Aw Pasir Ris Family Clinic & Surgery,Wed,14:00,17:00,840,1020,False,2:00pm - 5:00pm
Pasir Ris,Lily Aw Pasir Ris Family Clinic & Surgery,Wed,18:00,21:00,1080,1260,False,6:00pm - 9:00pm
Pasir Ris,Lily Aw Pasir Ris Family Clinic & Surgery,Thurs,08:30,13:00,510,780,False,8:30am - 1:00pm
Pasir Ris,Lily Aw Pasir Ris Family Clinic & Surgery,Thurs,14:00,17:00,840,1020,False,2:00pm - 5:00pm
Pasir Ris,Lily Aw Pasir Ris Family Clinic & Surgery,Thurs,18:00,21:00,1080,1260,False,6:00pm - 9:00pm
Pasir Ris,Lily Aw Pasir Ris Family Clinic & Surgery,Fri,08:30,13:00,510,780,False,8:30am - 1:00pm
Pasir Ris,Lily Aw Pasir Ris Family Clinic & Surgery,Fri,14:00,17:00,840,1020,False,2:00pm - 5:00pm
Pasir Ris,Lily Aw Pasir Ris Family Clinic & Surgery,Fri,18:00,21:00,1080,1260,False,6:00pm - 9:00pm
Pasir Ris,Lily Aw Pasir Ris Family Clinic & Surgery,Sat,08:30,12:30,510,750,False,8:30am - 12:30pm
Pasir Ris,Lily Aw Pasir Ris Family Clinic & Surgery,Sun,08:30,12:30,510,750,False,8:30am - 12:30pm
Pasir Ris,Lily Aw Pasir Ris Family Clinic & Surgery,PH,08:30,12:30,510,750,False,8:30am - 12:30pm
Pasir Ris,Minmed Clinic 1 (Pasir Ris),Mon,08:30,13:00,510,780,False,8:30am - 1:00pm
Pasir Ris,Minmed Clinic 1 (Pasir Ris),Mon,14:00,21:00,840,1260,False,2:00pm - 9:00pm
Pasir Ris,Minmed Clinic 1 (Pasir Ris),Tues,08:30,13:00,510,780,False,8:30am - 1:00pm
Pasir Ris,Minmed Clinic 1 (Pasir Ris),Tues,14:00,21:00,840,1260,False,2:00pm - 9:00pm
Pasir Ris,Minmed Clinic 1 (Pasir Ris),Wed,08:30,13:00,510,780,False,8:30am - 1:00pm
Pasir Ris,Minmed Clinic 1 (Pasir Ris),Wed,14:00,21:00,840,1260,False,2:00pm - 9:00pm
Pasir Ris,Minmed Clinic 1 (Pasir Ris),Thurs,08:30,13:00,510,780,False,8:30am - 1:00pm
Pasir Ris,Minmed Clinic 1 (Pasir Ris),Thurs,14:00,21:00,840,1260,False,2:00pm - 9:00pm
Pasir Ris,Minmed Clinic 1 (Pasir Ris),Fri,08:30,13:00,510,780,False,8:30am - 1:00pm
Pasir Ris,Minmed Clinic 1 (Pasir Ris),Fri,14:00,21:00,840,1260,False,2:00pm - 9:00pm
Pasir Ris,Minmed Clinic 1 (Pasir Ris),Sat,09:00,17:00,540,1020,False,9:00am - 5:00pm
Pasir Ris,Minmed Clinic 1 (Pasir Ris),Sun,09:00,17:00,540,1020,False,9:00am - 5:00pm
Pasir Ris,Minmed Clinic 1 (Pasir Ris),PH,08:30,21:00,510,1260,False,8:30am - 9:00pm
Pasir Ris,Parkway 7 Shenton Medical Clinic (Pasir Ris Mall),Mon,08:30,13:00,510,780,False,8:30am - 1:00pm
Pasir Ris,Parkway 7 Shenton Medical Clinic (Pasir Ris Mall),Tues,08:30,13:00,510,780,False,8:30am - 1:00pm
Pasir Ris,Parkway 7 Shenton Medical Clinic (Pasir Ris Mall),Tues,14:00,17:30,840,1050,False,2:00pm - 5:30pm
Pasir Ris,Parkway 7 Shenton Medical Clinic (Pasir Ris Mall),Wed,08:30,13:00,510,780,False,8:30am - 1:00pm
Pasir Ris,Parkway 7 Shenton Medical Clinic (Pasir Ris Mall),Thurs,08:30,13:00,510,780,False,8:30am - 1:00pm
Pasir Ris,Parkway 7 Shenton Medical Clinic (Pasir Ris Mall),Thurs,14:00,17:30,840,1050,False,2:00pm - 5:30pm
Pasir Ris,Parkway 7 Shenton Medical Clinic (Pasir Ris Mall),Fri,08:30,13:00,510,780,False,8:30am - 1:00pm
Pasir Ris,Parkway 7 Shenton Medical Clinic (Pasir Ris Mall),Sat,14:00,17:30,840,1050,False,2:00pm - 5:30pm
Pasir Ris,Parkway 7 Shenton Medical Clinic (Pasir Ris Mall),Sat,18:30,22:00,1110,1320,False,6:30pm - 10:00pm
Pasir Ris,Parkway 7 Shenton Medical Clinic (Pasir Ris Mall),Sun,14:00,17:30,840,1050,False,2:00pm - 5:30pm
Pasir Ris,Parkway 7 Shenton Medical Clinic (Pasir Ris Mall),Sun,18:30,22:00,1110,1320,False,6:30pm - 10:00pm
Pasir Ris,Parkway 7 Shenton Medical Clinic (Pasir Ris Mall),PH,08:30,13:00,510,780,False,8:30am - 1:00pm
Pasir Ris,Parkway 7 Shenton Medical Clinic (Pasir Ris Mall),PH,14:00,17:30,840,1050,False,2:00pm - 5:30pm
Pasir Ris,Parkway 7 Shenton Medical Clinic (Pasir Ris Mall),PH,18:30,22:00,1110,1320,False,6:30pm - 10:00pm
Pasir Ris,Pinnacle Family Clinic (Pasir Ris),Mon,08:00,13:00,480,780,False,8:00am - 1:00pm
Pasir Ris,Pinnacle Family Clinic (Pasir Ris),Mon,14:00,16:00,840,960,False,2:00pm - 4:00pm
Pasir Ris,Pinnacle Family Clinic (Pasir Ris),Mon,18:00,21:00,1080,1260,False,6:00pm - 9:00pm
Pasir Ris,Pinnacle Family Clinic (Pasir Ris),Tues,08:00,13:00,480,780,False,8:00am - 1:00pm
Pasir Ris,Pinnacle Family Clinic (Pasir Ris),Tues,14:00,16:00,840,960,False,2:00pm - 4:00pm
Pasir Ris,Pinnacle Family Clinic (Pasir Ris),Tues,18:00,21:00,1080,1260,False,6:00pm - 9:00pm
Pasir Ris,Pinnacle Family Clinic (Pasir Ris),Wed,08:00,13:00,480,780,False,8:00am - 1:00pm
Pasir Ris,Pinnacle Family Clinic (Pasir Ris),Wed,14:00,16:00,840,960,False,2:00pm - 4:00pm
Pasir Ris,Pinnacle Family Clinic (Pasir Ris),Wed,18:00,21:00,1080,1260,False,6:00pm - 9:00pm
Pasir Ris,Pinnacle Family Clinic (Pasir Ris),Thurs,08:00,13:00,480,780,False,8:00am - 1:00pm
Pasir Ris,Pinnacle Family Clinic (Pasir Ris),Thurs,14:00,16:00,840,960,False,2:00pm - 4:00pm
Pasir Ris,Pinnacle Family Clinic (Pasir Ris),Thurs,18:00,21:00,1080,1260,False,6:00pm - 9:00pm
Pasir Ris,Pinnacle Family Clinic (Pasir Ris),Fri,08:00,13:00,480,780,False,8:00am - 1:00pm
Pasir Ris,Pinnacle Family Clinic (Pasir Ris),Fri,14:00,16:00,840,960,False,2:00pm - 4:00pm
Pasir Ris,Pinnacle Family Clinic (Pasir Ris),Sat,09:00,13:00,540,780,False,9:00am - 1:00pm
Pasir Ris,Pinnacle Family Clinic (Pasir Ris),Sun,09:00,12:00,540,720,False,9:00am - 12:00pm
Pasir Ris,Our Family Clinic + Surgery,Mon,08:30,12:00,510,720,False,8:30am - 12:00pm
Pasir Ris,Our Family Clinic + Surgery,Mon,13:00,15:00,780,900,False,1:00pm - 3:00pm
Pasir Ris,Our Family Clinic + Surgery,Mon,18:00,21:00,1080,1260,False,6:00pm - 9:00pm
Pasir Ris,Our Family Clinic + Surgery,Tues,08:30,12:00,510,720,False,8:30am - 12:00pm
Pasir Ris,Our Family Clinic + Surgery,Tues,13:00,15:00,780,900,False,1:00pm - 3:00pm
Pasir Ris,Our Family Clinic + Surgery,Tues,18:00,21:00,1080,1260,False,6:00pm - 9:00pm
Pasir Ris,Our Family Clinic + Surgery,Wed,08:30,12:00,510,720,False,8:30am - 12:00pm
Pasir Ris,Our Family Clinic + Surgery,Wed,13:00,15:00,780,900,False,1:00pm - 3:00pm
Pasir Ris,Our Family Clinic + Surgery,Thurs,08:30,12:00,510,720,False,8:30am - 12:00pm
Pasir Ris,Our Family Clinic + Surgery,Thurs,13:00,15:00,780,900,False,1:00pm - 3:00pm
Pasir Ris,Our Family Clinic + Surgery,Fri,08:30,12:00,510,720,False,8:30am - 12:00pm
Pasir Ris,Our Family Clinic + Surgery,Fri,13:00,15:00,780,900,False,1:00pm - 3:00pm
Pasir Ris,Our Family Clinic + Surgery,Sat,09:00,12:00,540,720,False,9:00am - 12:00pm
Pasir Ris,O2 Medical Clinic,Mon,08:30,14:00,510,840,False,8:30am - 2:00pm
Pasir Ris,O2 Medical Clinic,Tues,08:30,14:00,510,840,False,8:30am - 2:00pm
Pasir Ris,O2 Medical Clinic,Wed,08:30,14:00,510,840,False,8:30am - 2:00pm
Pasir Ris,O2 Medical Clinic,Thurs,18:00,21:00,1080,1260,False,6:00pm - 9:00pm
Pasir Ris,O2 Medical Clinic,Fri,08:30,14:00,510,840,False,8:30am - 2:00pm
Pasir Ris,O2 Medical Clinic,Sat,09:00,13:00,540,780,False,9:00am - 1:00pm
Pasir Ris,O2 Medical Clinic,Sun,09:00,13:00,540,780,False,9:00am - 1:00pm
Pasir Ris,Pasir Ris Clinic and Surgery,Mon,08:30,12:30,510,750,False,8:30am - 12:30pm
Pasir Ris,Pasir Ris Clinic and Surgery,Tues,08:30,12:30,510,750,False,8:30am - 12:30pm
Pasir Ris,Pasir Ris Clinic and Surgery,Wed,08:30,12:30,510,750,False,8:30am - 12:30pm
Pasir Ris,Pasir Ris Clinic and Surgery,Thurs,14:00,16:30,840,990,False,2:00pm - 4:30pm
Pasir Ris,Pasir Ris Clinic and Surgery,Thurs,19:00,21:00,1140,1260,False,7:00pm - 9:00pm
Pasir Ris,Pasir Ris Clinic and Surgery,Fri,14:00,16:30,840,990,False,2:00pm - 4:30pm
Pasir Ris,Pasir Ris Clinic and Surgery,Fri,19:00,21:00,1140,1260,False,7:00pm - 9:00pm
Pasir Ris,Pasir Ris Clinic and Surgery,Sat,08:30,12:30,510,750,False,8:30am - 12:30pm
Pasir Ris,Uniq Medical Clinic,Mon,09:00,13:00,540,780,False,9:00am - 1:00pm
Pasir Ris,Uniq Medical Clinic,Mon,18:00,21:00,1080,1260,False,6:00pm - 9:00pm
Pasir Ris,Uniq Medical Clinic,Tues,09:00,13:00,540,780,False,9:00am - 1:00pm
Pasir Ris,Uniq Medical Clinic,Tues,18:00,21:00,1080,1260,False,6:00pm - 9:00pm
Pasir Ris,Uniq Medical Clinic,Wed,09:00,13:00,540,780,False,9:00am - 1:00pm
Pasir Ris,Uniq Medical Clinic,Wed,18:00,21:00,1080,1260,False,6:00pm - 9:00pm
Pasir Ris,Uniq Medical Clinic,Thurs,09:00,13:00,540,780,False,9:00am - 1:00pm
Pasir Ris,Uniq Medical Clinic,Thurs,18:00,21:00,1080,1260,False,6:00pm - 9:00pm
Pasir Ris,Uniq Medical Clinic,Fri,09:00,13:00,540,780,False,9:00am - 1:00pm
Pasir Ris,Uniq Medical Clinic,Fri,18:00,21:00,1080,1260,False,6:00pm - 9:00pm
Pasir Ris,Uniq Medical Clinic,Sat,09:00,13:00,540,780,False,9:00am - 1:00pm
Pasir Ris,Uniq Medical Clinic,PH,09:00,13:00,540,780,False,9:00am - 1:00pm
Punggol,Calrose Medical Family Clinic,Mon,08:30,13:00,510,780,False,8:30am - 1:00pm
Punggol,Calrose Medical Family Clinic,Tues,08:30,13:00,510,780,False,8:30am - 1:00pm
Punggol,Calrose Medical Family Clinic,Wed,08:30,13:00,510,780,False,8:30am - 1:00pm
Punggol,Calrose Medical Family Clinic,Wed,14:30,19:30,870,1170,False,2:30pm - 7:30pm
Punggol,Calrose Medical Family Clinic,Thurs,18:00,21:30,1080,1290,False,6:00pm - 9:30pm
Punggol,Calrose Medical Family Clinic,Fri,18:00,21:30,1080,1290,False,6:00pm - 9:30pm
Punggol,Calrose Medical Family Clinic,Sat,08:30,13:00,510,780,False,8:30am - 1:00pm
Punggol,Calrose Medical Family Clinic,Sun,18:00,21:30,1080,1290,False,6:00pm - 9:30pm
Punggol,Edgedale Medical Clinic (Punggol),Mon,09:00,16:00,540,960,False,9:00am - 4:00pm
Punggol,Edgedale Medical Clinic (Punggol),Mon,18:00,22:00,1080,1320,False,6:00pm - 10:00pm
Punggol,Edgedale Medical Clinic (Punggol),Tues,09:00,16:00,540,960,False,9:00am - 4:00pm
Punggol,Edgedale Medical Clinic (Punggol),Tues,18:00,22:00,1080,1320,False,6:00pm - 10:00pm
Punggol,Edgedale Medical Clinic (Punggol),Wed,09:00,16:00,540,960,False,9:00am - 4:00pm
Punggol,Edgedale Medical Clinic (Punggol),Wed,18:00,22:00,1080,1320,False,6:00pm - 10:00pm
Punggol,Edgedale Medical Clinic (Punggol),Thurs,09:00,16:00,540,960,False,9:00am - 4:00pm
Punggol,Edgedale Medical Clinic (Punggol),Thurs,18:00,22:00,1080,1320,False,6:00pm - 10:00pm
Punggol,Edgedale Medical Clinic (Punggol),Fri,09:00,16:00,540,960,False,9:00am - 4:00pm
Punggol,Edgedale Medical Clinic (Punggol),Fri,18:00,22:00,1080,1320,False,6:00pm - 10:00pm
Punggol,Edgedale Medical Clinic (Punggol),Sat,09:00,13:00,540,780,False,9:00am - 1:00pm
Punggol,Edgedale Medical Clinic (Punggol),Sat,18:00,22:00,1080,1320,False,6:00pm - 10:00pm
Punggol,Edgedale Medical Clinic (Punggol),Sun,09:00,13:00,540,780,False,9:00am - 1:00pm
Punggol,Edgedale Medical Clinic (Punggol),Sun,18:00,22:00,1080,1320,False,6:00pm - 10:00pm
Punggol,Edgedale Medical Clinic (Punggol),PH,09:00,12:00,540,720,False,9:00am - 12:00pm
Punggol,Etern Medical 70 Clinic,Mon,08:30,13:00,510,780,False,8:30am - 1:00pm
Punggol,Etern Medical 70 Clinic,Mon,14:00,17:00,840,1020,False,2:00pm - 5:00pm
Punggol,Etern Medical 70 Clinic,Mon,18:30,21:30,1110,1290,False,6:30pm - 9:30pm
Punggol,Etern Medical 70 Clinic,Mon,08:30,13:00,510,780,False,8:30am - 1:00pm
Punggol,Etern Medical 70 Clinic,Tues,08:30,13:00,510,780,False,8:30am - 1:00pm
Punggol,Etern Medical 70 Clinic,Tues,14:00,17:00,840,1020,False,2:00pm - 5:00pm
Punggol,Etern Medical 70 Clinic,Tues,18:30,21:30,1110,1290,False,6:30pm - 9:30pm
Punggol,Etern Medical 70 Clinic,Tues,08:30,13:00,510,780,False,8:30am - 1:00pm
Punggol,Etern Medical 70 Clinic,Wed,08:30,13:00,510,780,False,8:30am - 1:00pm
Punggol,Etern Medical 70 Clinic,Wed,14:00,17:00,840,1020,False,2:00pm - 5:00pm
Punggol,Etern Medical 70 Clinic,Wed,18:30,21:30,1110,1290,False,6:30pm - 9:30pm
Punggol,Etern Medical 70 Clinic,Wed,08:30,13:00,510,780,False,8:30am - 1:00pm
Punggol,Etern Medical 70 Clinic,Thurs,08:30,13:00,510,780,False,8:30am - 1:00pm
Punggol,Etern Medical 70 Clinic,Thurs,14:00,17:00,840,1020,False,2:00pm - 5:00pm
Punggol,Etern Medical 70 Clinic,Thurs,18:30,21:30,1110,1290,False,6:30pm - 9:30pm
Punggol,Etern Medical 70 Clinic,Thurs,08:30,13:00,510,780,False,8:30am - 1:00pm
Punggol,Etern Medical 70 Clinic,Fri,08:30,13:00,510,780,False,8:30am - 1:00pm
Punggol,Etern Medical 70 Clinic,Fri,14:00,17:00,840,1020,False,2:00pm - 5:00pm
Punggol,Etern Medical 70 Clinic,Fri,18:30,21:30,1110,1290,False,6:30pm - 9:30pm
Punggol,Etern Medical 70 Clinic,Fri,08:30,13:00,510,780,False,8:30am - 1:00pm
Punggol,Etern Medical 70 Clinic,PH,08:30,13:00,510,780,False,8:30am - 1:00pm
Punggol,Healthmark Family Clinic (Punggol),Mon,08:30,14:00,510,840,False,8:30am - 2:00pm
Punggol,Healthmark Family Clinic (Punggol),Mon,18:00,21:00,1080,1260,False,6:00pm - 9:00pm
Punggol,Healthmark Family Clinic (Punggol),Tues,08:30,14:00,510,840,False,8:30am - 2:00pm
Punggol,Healthmark Family Clinic (Punggol),Tues,18:00,21:00,1080,1260,False,6:00pm - 9:00pm
Punggol,Healthmark Family Clinic (Punggol),Wed,08:30,14:00,510,840,False,8:30am - 2:00pm
Punggol,Healthmark Family Clinic (Punggol),Wed,18:00,21:00,1080,1260,False,6:00pm - 9:00pm
Punggol,Healthmark Family Clinic (Punggol),Thurs,08:30,14:00,510,840,False,8:30am - 2:00pm
Punggol,Healthmark Family Clinic (Punggol),Thurs,18:00,21:00,1080,1260,False,6:00pm - 9:00pm
Punggol,Healthmark Family Clinic (Punggol),Fri,08:30,14:00,510,840,False,8:30am - 2:00pm
Punggol,Healthmark Family Clinic (Punggol),Sat,08:30,13:00,510,780,False,8:30am - 1:00pm
Punggol,Kenneth Tan Medical Clinic,Mon,09:00,13:00,540,780,False,9:00am - 1:00pm
Punggol,Kenneth Tan Medical Clinic,Tues,09:00,13:00,540,780,False,9:00am - 1:00pm
Punggol,Kenneth Tan Medical Clinic,Wed,09:00,13:00,540,780,False,9:00am - 1:00pm
Punggol,Kenneth Tan Medical Clinic,Wed,15:00,18:00,900,1080,False,3:00pm - 6:00pm
Punggol,Kenneth Tan Medical Clinic,Thurs,09:00,13:00,540,780,False,9:00am - 1:00pm
Punggol,Kenneth Tan Medical Clinic,Thurs,15:00,18:00,900,1080,False,3:00pm - 6:00pm
Punggol,Kenneth Tan Medical Clinic,Fri,15:00,20:00,900,1200,False,3:00pm - 8:00pm
Punggol,Kenneth Tan Medical Clinic,Sat,09:00,13:00,540,780,False,9:00am - 1:00pm
Punggol,Northeast Medical Group (Punggol),Mon,09:00,13:00,540,780,False,9:00am - 1:00pm
Punggol,Northeast Medical Group (Punggol),Mon,14:00,18:00,840,1080,False,2:00pm - 6:00pm
Punggol,Northeast Medical Group (Punggol),Tues,09:00,13:00,540,780,False,9:00am - 1:00pm
Punggol,Northeast Medical Group (Punggol),Tues,14:00,18:00,840,1080,False,2:00pm - 6:00pm
Punggol,Northeast Medical Group (Punggol),Wed,09:00,13:00,540,780,False,9:00am - 1:00pm
Punggol,Northeast Medical Group (Punggol),Wed,14:00,18:00,840,1080,False,2:00pm - 6:00pm
Punggol,Northeast Medical Group (Punggol),Thurs,09:00,13:00,540,780,False,9:00am - 1:00pm
Punggol,Northeast Medical Group (Punggol),Thurs,14:00,18:00,840,1080,False,2:00pm - 6:00pm
Punggol,Northeast Medical Group (Punggol),Fri,09:00,13:00,540,780,False,9:00am - 1:00pm
Punggol,Northeast Medical Group (Punggol),Fri,14:00,18:00,840,1080,False,2:00pm - 6:00pm
Punggol,Northeast Medical Group (Punggol),Sat,09:00,13:00,540,780,False,9:00am - 1:00pm
Punggol,Northshore Family Clinic,Mon,08:30,14:30,510,870,False,8:30am - 2:30pm
Punggol,Northshore Family Clinic,Mon,17:30,21:00,1050,1260,False,5:30pm - 9:00pm
Punggol,Northshore Family Clinic,Tues,08:30,14:30,510,870,False,8:30am - 2:30pm
Punggol,Northshore Family Clinic,Tues,17:30,21:00,1050,1260,False,5:30pm - 9:00pm
Punggol,Northshore Family Clinic,Wed,08:30,14:30,510,870,False,8:30am - 2:30pm
Punggol,Northshore Family Clinic,Wed,17:30,21:00,1050,1260,False,5:30pm - 9:00pm
Punggol,Northshore Family Clinic,Thurs,08:30,14:30,510,870,False,8:30am - 2:30pm
Punggol,Northshore Family Clinic,Thurs,17:30,21:00,1050,1260,False,5:30pm - 9:00pm
Punggol,Northshore Family Clinic,Fri,08:30,14:30,510,870,False,8:30am - 2:30pm
Punggol,Northshore Family Clinic,Fri,17:30,21:00,1050,1260,False,5:30pm - 9:00pm
Punggol,Northshore Family Clinic,Sat,09:00,21:00,540,1260,False,9:00am - 9:00pm
Punggol,Northshore Family Clinic,Sun,09:00,21:00,540,1260,False,9:00am - 9:00pm
Punggol,Northshore Family Clinic,PH,09:00,21:00,540,1260,False,9:00am - 9:00pm
Punggol,Northshore Family Clinic (Punggol Point),Mon,08:30,21:00,510,1260,False,8:30am - 9:00pm
Punggol,Northshore Family Clinic (Punggol Point),Tues,08:30,21:00,510,1260,False,8:30am - 9:00pm
Punggol,Northshore Family Clinic (Punggol Point),Wed,08:30,21:00,510,1260,False,8:30am - 9:00pm
Punggol,Northshore Family Clinic (Punggol Point),Thurs,08:30,21:00,510,1260,False,8:30am - 9:00pm
Punggol,Northshore Family Clinic (Punggol Point),Fri,08:30,21:00,510,1260,False,8:30am - 9:00pm
Punggol,Northshore Family Clinic (Punggol Point),Sat,09:00,21:00,540,1260,False,9:00am - 9:00pm
Punggol,Northshore Family Clinic (Punggol Point),Sun,09:00,21:00,540,1260,False,9:00am - 9:00pm
Punggol,Northshore Family Clinic (Punggol Point),PH,09:00,21:00,540,1260,False,9:00am - 9:00pm
Punggol,OneCare Clinic (Punggol Plaza),Mon,08:00,15:00,480,900,False,8:00am - 3:00pm
Punggol,OneCare Clinic (Punggol Plaza),Mon,17:00,21:30,1020,1290,False,5:00pm - 9:30pm
Punggol,OneCare Clinic (Punggol Plaza),Tues,08:00,15:00,480,900,False,8:00am - 3:00pm
Punggol,OneCare Clinic (Punggol Plaza),Tues,17:00,21:30,1020,1290,False,5:00pm - 9:30pm
Punggol,OneCare Clinic (Punggol Plaza),Wed,08:00,15:00,480,900,False,8:00am - 3:00pm
Punggol,OneCare Clinic (Punggol Plaza),Wed,17:00,21:30,1020,1290,False,5:00pm - 9:30pm
Punggol,OneCare Clinic (Punggol Plaza),Thurs,08:00,15:00,480,900,False,8:00am - 3:00pm
Punggol,OneCare Clinic (Punggol Plaza),Thurs,17:00,21:30,1020,1290,False,5:00pm - 9:30pm
Punggol,OneCare Clinic (Punggol Plaza),Fri,08:00,15:00,480,900,False,8:00am - 3:00pm
Punggol,OneCare Clinic (Punggol Plaza),Fri,17:00,21:30,1020,1290,False,5:00pm - 9:30pm
Punggol,OneCare Clinic (Punggol Plaza),Sat,08:00,13:00,480,780,False,8:00am - 1:00pm
Punggol,OneCare Clinic (Punggol Plaza),Sat,18:00,21:30,1080,1290,False,6:00pm - 9:30pm
Punggol,OneCare Clinic (Punggol Plaza),Sun,08:00,13:00,480,780,False,8:00am - 1:00pm
Punggol,OneCare Clinic (Punggol Plaza),Sun,18:00,21:30,1080,1290,False,6:00pm - 9:30pm
Punggol,OneCare Clinic (Punggol Sumang),Mon,08:00,14:00,480,840,False,8:00am - 2:00pm
Punggol,OneCare Clinic (Punggol Sumang),Mon,18:00,21:00,1080,1260,False,6:00pm - 9:00pm
Punggol,OneCare Clinic (Punggol Sumang),Tues,08:00,14:00,480,840,False,8:00am - 2:00pm
Punggol,OneCare Clinic (Punggol Sumang),Tues,18:00,21:00,1080,1260,False,6:00pm - 9:00pm
Punggol,OneCare Clinic (Punggol Sumang),Wed,08:00,14:00,480,840,False,8:00am - 2:00pm
Punggol,OneCare Clinic (Punggol Sumang),Wed,18:00,21:00,1080,1260,False,6:00pm - 9:00pm
Punggol,OneCare Clinic (Punggol Sumang),Thurs,08:00,14:00,480,840,False,8:00am - 2:00pm
Punggol,OneCare Clinic (Punggol Sumang),Thurs,18:00,21:00,1080,1260,False,6:00pm - 9:00pm
Punggol,OneCare Clinic (Punggol Sumang),Fri,08:00,14:00,480,840,False,8:00am - 2:00pm
Punggol,OneCare Clinic (Punggol Sumang),Fri,18:00,21:00,1080,1260,False,6:00pm - 9:00pm
Punggol,OneCare Clinic (Punggol Sumang),Sat,08:00,12:00,480,720,False,8:00am - 12:00pm
Punggol,OneCare Clinic (Punggol Sumang),Sun,08:00,12:00,480,720,False,8:00am - 12:00pm
Punggol,OneCare Clinic (Punggol Coast MRT),Mon,08:00,14:00,480,840,False,8:00am - 2:00pm
Punggol,OneCare Clinic (Punggol Coast MRT),Mon,17:30,21:00,1050,1260,False,5:30pm - 9:00pm
Punggol,OneCare Clinic (Punggol Coast MRT),Tues,08:00,14:00,480,840,False,8:00am - 2:00pm
Punggol,OneCare Clinic (Punggol Coast MRT),Tues,17:30,21:00,1050,1260,False,5:30pm - 9:00pm
Punggol,OneCare Clinic (Punggol Coast MRT),Wed,08:00,14:00,480,840,False,8:00am - 2:00pm
Punggol,OneCare Clinic (Punggol Coast MRT),Wed,17:30,21:00,1050,1260,False,5:30pm - 9:00pm
Punggol,OneCare Clinic (Punggol Coast MRT),Thurs,08:00,14:00,480,840,False,8:00am - 2:00pm
Punggol,OneCare Clinic (Punggol Coast MRT),Thurs,17:30,21:00,1050,1260,False,5:30pm - 9:00pm
Punggol,OneCare Clinic (Punggol Coast MRT),Fri,08:00,14:00,480,840,False,8:00am - 2:00pm
Punggol,OneCare Clinic (Punggol Coast MRT),Sat,09:00,13:00,540,780,False,9:00am - 1:00pm
Punggol,OneCare Clinic (Punggol Coast MRT),Sun,09:00,13:00,540,780,False,9:00am - 1:00pm
Punggol,OneDoctors 83 Family Clinic (Punggol),Mon,09:00,21:00,540,1260,False,9:00am - 9:00pm
Punggol,OneDoctors 83 Family Clinic (Punggol),Tues,09:00,21:00,540,1260,False,9:00am - 9:00pm
Punggol,OneDoctors 83 Family Clinic (Punggol),Wed,09:00,21:00,540,1260,False,9:00am - 9:00pm
Punggol,OneDoctors 83 Family Clinic (Punggol),Thurs,09:00,21:00,540,1260,False,9:00am - 9:00pm
Punggol,OneDoctors 83 Family Clinic (Punggol),Fri,09:00,21:00,540,1260,False,9:00am - 9:00pm
Punggol,OneDoctors 83 Family Clinic (Punggol),Sat,09:00,15:00,540,900,False,9:00am - 3:00pm
Punggol,OneDoctors 83 Family Clinic (Punggol),Sat,17:00,21:00,1020,1260,False,5:00pm - 9:00pm
Punggol,OneDoctors 83 Family Clinic (Punggol),Sun,09:00,15:00,540,900,False,9:00am - 3:00pm
Punggol,OneDoctors 83 Family Clinic (Punggol),PH,09:00,15:00,540,900,False,9:00am - 3:00pm
Punggol,Panhealth Family Clinic,Mon,08:30,12:15,510,735,False,8:30am - 12:15pm
Punggol,Panhealth Family Clinic,Mon,14:30,16:15,870,975,False,2:30pm - 4:15pm
Punggol,Panhealth Family Clinic,Mon,18:30,21:15,1110,1275,False,6:30pm - 9:15pm
Punggol,Panhealth Family Clinic,Tues,08:30,12:15,510,735,False,8:30am - 12:15pm
Punggol,Panhealth Family Clinic,Tues,14:30,16:15,870,975,False,2:30pm - 4:15pm
Punggol,Panhealth Family Clinic,Tues,18:30,21:15,1110,1275,False,6:30pm - 9:15pm
Punggol,Panhealth Family Clinic,Wed,08:30,12:15,510,735,False,8:30am - 12:15pm
Punggol,Panhealth Family Clinic,Wed,14:30,16:15,870,975,False,2:30pm - 4:15pm
Punggol,Panhealth Family Clinic,Wed,18:30,21:15,1110,1275,False,6:30pm - 9:15pm
Punggol,Panhealth Family Clinic,Thurs,08:30,12:15,510,735,False,8:30am - 12:15pm
Punggol,Panhealth Family Clinic,Thurs,14:30,16:15,870,975,False,2:30pm - 4:15pm
Punggol,Panhealth Family Clinic,Thurs,18:30,21:15,1110,1275,False,6:30pm - 9:15pm
Punggol,Panhealth Family Clinic,Fri,08:30,12:15,510,735,False,8:30am - 12:15pm
Punggol,Panhealth Family Clinic,Fri,14:30,16:15,870,975,False,2:30pm - 4:15pm
Punggol,Panhealth Family Clinic,Fri,18:30,21:15,1110,1275,False,6:30pm - 9:15pm
Punggol,Panhealth Family Clinic,Sat,08:30,12:15,510,735,False,8:30 am - 12:15pm
Punggol,Panhealth Family Clinic,Sun,08:30,12:15,510,735,False,8:30 am - 12:15pm
Punggol,Parkway Shenton Medical Clinic (Punggol Oasis),Mon,08:00,13:00,480,780,False,8:00am - 1:00pm
Punggol,Parkway Shenton Medical Clinic (Punggol Oasis),Mon,14:00,17:00,840,1020,False,2:00pm - 5:00pm
Punggol,Parkway Shenton Medical Clinic (Punggol Oasis),Mon,19:00,22:00,1140,1320,False,7:00pm - 10:00pm
Punggol,Parkway Shenton Medical Clinic (Punggol Oasis),Tues,08:00,13:00,480,780,False,8:00am - 1:00pm
Punggol,Parkway Shenton Medical Clinic (Punggol Oasis),Tues,14:00,17:00,840,1020,False,2:00pm - 5:00pm
Punggol,Parkway Shenton Medical Clinic (Punggol Oasis),Tues,19:00,22:00,1140,1320,False,7:00pm - 10:00pm
Punggol,Parkway Shenton Medical Clinic (Punggol Oasis),Wed,08:00,13:00,480,780,False,8:00am - 1:00pm
Punggol,Parkway Shenton Medical Clinic (Punggol Oasis),Wed,14:00,17:00,840,1020,False,2:00pm - 5:00pm
Punggol,Parkway Shenton Medical Clinic (Punggol Oasis),Wed,19:00,22:00,1140,1320,False,7:00pm - 10:00pm
Punggol,Parkway Shenton Medical Clinic (Punggol Oasis),Thurs,08:00,13:00,480,780,False,8:00am - 1:00pm
Punggol,Parkway Shenton Medical Clinic (Punggol Oasis),Thurs,14:00,17:00,840,1020,False,2:00pm - 5:00pm
Punggol,Parkway Shenton Medical Clinic (Punggol Oasis),Thurs,19:00,22:00,1140,1320,False,7:00pm - 10:00pm
Punggol,Parkway Shenton Medical Clinic (Punggol Oasis),Fri,08:00,13:00,480,780,False,8:00am - 1:00pm
Punggol,Parkway Shenton Medical Clinic (Punggol Oasis),Fri,14:00,17:00,840,1020,False,2:00pm - 5:00pm
Punggol,Parkway Shenton Medical Clinic (Punggol Oasis),Fri,19:00,22:00,1140,1320,False,7:00pm - 10:00pm
Punggol,Parkway Shenton Medical Clinic (Punggol Oasis),Sat,08:00,13:00,480,780,False,8:00am - 1:00pm
Punggol,Parkway Shenton Medical Clinic (Punggol Oasis),Sat,14:00,17:00,840,1020,False,2:00pm - 5:00pm
Punggol,Parkway Shenton Medical Clinic (Punggol Oasis),Sat,19:00,22:00,1140,1320,False,7:00pm - 10:00pm
Punggol,Parkway Shenton Medical Clinic (Punggol Oasis),Sun,08:00,13:00,480,780,False,8:00am - 1:00pm
Punggol,Parkway Shenton Medical Clinic (Punggol Oasis),Sun,14:00,17:00,840,1020,False,2:00pm - 5:00pm
Punggol,Parkway Shenton Medical Clinic (Punggol Oasis),Sun,19:00,22:00,1140,1320,False,7:00pm - 10:00pm
Punggol,Parkway Shenton Medical Clinic (Punggol Oasis),PH,08:00,13:00,480,780,False,8:00am - 1:00pm
Punggol,Parkway Shenton Medical Clinic (Punggol Oasis),PH,14:00,17:00,840,1020,False,2:00pm - 5:00pm
Punggol,Parkway Shenton Medical Clinic (Punggol Oasis),PH,19:00,22:00,1140,1320,False,7:00pm - 10:00pm
Punggol,Pinnacle Family Clinic (Northshore Plaza 1),Mon,08:00,14:00,480,840,False,8:00am - 2:00pm
Punggol,Pinnacle Family Clinic (Northshore Plaza 1),Mon,15:00,17:00,900,1020,False,3:00pm - 5:00pm
Punggol,Pinnacle Family Clinic (Northshore Plaza 1),Mon,18:00,21:00,1080,1260,False,6:00pm - 9:00pm
Punggol,Pinnacle Family Clinic (Northshore Plaza 1),Tues,08:00,14:00,480,840,False,8:00am - 2:00pm
Punggol,Pinnacle Family Clinic (Northshore Plaza 1),Tues,15:00,17:00,900,1020,False,3:00pm - 5:00pm
Punggol,Pinnacle Family Clinic (Northshore Plaza 1),Tues,18:00,21:00,1080,1260,False,6:00pm - 9:00pm
Punggol,Pinnacle Family Clinic (Northshore Plaza 1),Wed,08:00,14:00,480,840,False,8:00am - 2:00pm
Punggol,Pinnacle Family Clinic (Northshore Plaza 1),Wed,15:00,17:00,900,1020,False,3:00pm - 5:00pm
Punggol,Pinnacle Family Clinic (Northshore Plaza 1),Wed,18:00,21:00,1080,1260,False,6:00pm - 9:00pm
Punggol,Pinnacle Family Clinic (Northshore Plaza 1),Thurs,08:00,14:00,480,840,False,8:00am - 2:00pm
Punggol,Pinnacle Family Clinic (Northshore Plaza 1),Thurs,15:00,17:00,900,1020,False,3:00pm - 5:00pm
Punggol,Pinnacle Family Clinic (Northshore Plaza 1),Thurs,18:00,21:00,1080,1260,False,6:00pm - 9:00pm
Punggol,Pinnacle Family Clinic (Northshore Plaza 1),Fri,08:00,14:00,480,840,False,8:00am - 2:00pm
Punggol,Pinnacle Family Clinic (Northshore Plaza 1),Fri,18:00,21:00,1080,1260,False,6:00pm - 9:00pm
Punggol,Pinnacle Family Clinic (Northshore Plaza 1),Sat,09:00,13:00,540,780,False,9:00am - 1:00pm
Punggol,Pinnacle Family Clinic (Northshore Plaza 1),Sun,09:00,12:00,540,720,False,9:00am - 12:00pm
Punggol,Punggol Ripples Family Clinic,Mon,09:00,16:00,540,960,False,9:00am - 4:00pm
Punggol,Punggol Ripples Family Clinic,Mon,09:00,12:00,540,720,False,9:00am - 12:00pm
Punggol,Punggol Ripples Family Clinic,Tues,09:00,16:00,540,960,False,9:00am - 4:00pm
Punggol,Punggol Ripples Family Clinic,Tues,09:00,12:00,540,720,False,9:00am - 12:00pm
Punggol,Punggol Ripples Family Clinic,Wed,09:00,16:00,540,960,False,9:00am - 4:00pm
Punggol,Punggol Ripples Family Clinic,Wed,09:00,12:00,540,720,False,9:00am - 12:00pm
Punggol,Punggol Ripples Family Clinic,Thurs,09:00,16:00,540,960,False,9:00am - 4:00pm
Punggol,Punggol Ripples Family Clinic,Thurs,09:00,12:00,540,720,False,9:00am - 12:00pm
Punggol,Punggol Ripples Family Clinic,Fri,09:00,16:00,540,960,False,9:00am - 4:00pm
Punggol,Punggol Ripples Family Clinic,Fri,09:00,12:00,540,720,False,9:00am - 12:00pm
Punggol,ProHealth Medical Group @ Punggol Damai,Mon,08:00,15:00,480,900,False,8:00am - 3:00pm
Punggol,ProHealth Medical Group @ Punggol Damai,Mon,18:00,21:00,1080,1260,False,6:00pm - 9:00pm
Punggol,ProHealth Medical Group @ Punggol Damai,Tues,08:00,15:00,480,900,False,8:00am - 3:00pm
Punggol,ProHealth Medical Group @ Punggol Damai,Tues,18:00,21:00,1080,1260,False,6:00pm - 9:00pm
Punggol,ProHealth Medical Group @ Punggol Damai,Wed,08:00,15:00,480,900,False,8:00am - 3:00pm
Punggol,ProHealth Medical Group @ Punggol Damai,Wed,18:00,21:00,1080,1260,False,6:00pm - 9:00pm
Punggol,ProHealth Medical Group @ Punggol Damai,Thurs,08:00,15:00,480,900,False,8:00am - 3:00pm
Punggol,ProHealth Medical Group @ Punggol Damai,Thurs,18:00,21:00,1080,1260,False,6:00pm - 9:00pm
Punggol,ProHealth Medical Group @ Punggol Damai,Fri,08:00,15:00,480,900,False,8:00am - 3:00pm
Punggol,ProHealth Medical Group @ Punggol Damai,Fri,18:00,21:00,1080,1260,False,6:00pm - 9:00pm
Punggol,ProHealth Medical Group @ Punggol Damai,Sat,08:00,15:00,480,900,False,8:00am - 3:00pm
Punggol,ProHealth Medical Group @ Punggol Damai,Sat,18:00,21:00,1080,1260,False,6:00pm - 9:00pm
Punggol,ProHealth Medical Group @ Punggol Damai,Sun,08:00,15:00,480,900,False,8:00am - 3:00pm
Punggol,ProHealth Medical Group @ Punggol Damai,Sun,18:00,21:00,1080,1260,False,6:00pm - 9:00pm
Punggol,ProHealth Medical Group @ Punggol Damai,PH,08:00,15:00,480,900,False,8:00am - 3:00pm
Punggol,ProHealth Medical Group @ Punggol Damai,PH,18:00,21:00,1080,1260,False,6:00pm - 9:00pm
Punggol,Virtue Family Clinic,Mon,08:30,20:30,510,1230,False,8:30am - 8:30pm
Punggol,Virtue Family Clinic,Tues,08:30,20:30,510,1230,False,8:30am - 8:30pm
Punggol,Virtue Family Clinic,Wed,08:30,20:30,510,1230,False,8:30am - 8:30pm
Punggol,Virtue Family Clinic,Thurs,08:30,20:30,510,1230,False,8:30am - 8:30pm
Punggol,Virtue Family Clinic,Fri,08:30,20:30,510,1230,False,8:30am - 8:30pm
Punggol,Virtue Family Clinic,Sat,08:30,20:30,510,1230,False,8:30am - 8:30pm
Punggol,Virtue Family Clinic,Sun,08:30,20:30,510,1230,False,8:30am - 8:30pm
Punggol,Virtue Family Clinic,PH,09:00,13:00,540,780,False,9:00am - 1:00pm
Punggol,Vitacare Family Clinic (Punggol Central),Mon,08:00,13:00,480,780,False,8:00am - 1:00pm
Punggol,Vitacare Family Clinic (Punggol Central),Tues,08:00,13:00,480,780,False,8:00am - 1:00pm
Punggol,Vitacare Family Clinic (Punggol Central),Thurs,18:00,22:00,1080,1320,False,6:00pm - 10:00pm
Punggol,Vitacare Family Clinic (Punggol Central),Thurs,08:00,13:00,480,780,False,8:00am - 1:00pm
Punggol,Vitacare Family Clinic (Punggol Central),Fri,18:00,22:00,1080,1320,False,6:00pm - 10:00pm
Punggol,Vitacare Family Clinic (Punggol Central),Fri,08:00,13:00,480,780,False,8:00am - 1:00pm
Punggol,Vitacare Family Clinic (Punggol Central),Sat,08:00,12:00,480,720,False,8:00am - 12:00pm
Punggol,Vitacare Family Clinic (Punggol Central),Sun,08:00,15:00,480,900,False,8:00am - 3:00pm
Punggol,Zenith Medical Clinic,Mon,08:00,13:00,480,780,False,8:00am - 1:00pm
Punggol,Zenith Medical Clinic,Mon,18:00,21:30,1080,1290,False,6:00pm - 9:30pm
Punggol,Zenith Medical Clinic,Tues,08:00,13:00,480,780,False,8:00am - 1:00pm
Punggol,Zenith Medical Clinic,Tues,18:00,21:30,1080,1290,False,6:00pm - 9:30pm
Punggol,Zenith Medical Clinic,Wed,08:00,13:00,480,780,False,8:00am - 1:00pm
Punggol,Zenith Medical Clinic,Wed,18:00,21:30,1080,1290,False,6:00pm - 9:30pm
Punggol,Zenith Medical Clinic,Thurs,08:00,13:00,480,780,False,8:00am - 1:00pm
Punggol,Zenith Medical Clinic,Thurs,18:00,21:30,1080,1290,False,6:00pm - 9:30pm
Punggol,Zenith Medical Clinic,Fri,08:00,13:00,480,780,False,8:00am - 1:00pm
Punggol,Zenith Medical Clinic,Fri,18:00,21:30,1080,1290,False,6:00pm - 9:30pm
Punggol,Zenith Medical Clinic,Sat,08:00,13:00,480,780,False,8:00am - 1:00pm
Punggol,Zenith Medical Clinic,Sun,18:00,21:30,1080,1290,False,6:00pm - 9:30pm
Queenstown,94 Dawson 94 Family Clinic,Mon,08:30,13:00,510,780,False,8:30am - 1:00pm
Queenstown,94 Dawson 94 Family Clinic,Mon,14:00,16:30,840,990,False,2:00pm - 4:30pm
Queenstown,94 Dawson 94 Family Clinic,Mon,18:00,22:00,1080,1320,False,6:00pm - 10:00pm
Queenstown,94 Dawson 94 Family Clinic,Tues,08:30,13:00,510,780,False,8:30am - 1:00pm
Queenstown,94 Dawson 94 Family Clinic,Tues,14:00,16:30,840,990,False,2:00pm - 4:30pm
Queenstown,94 Dawson 94 Family Clinic,Tues,18:00,22:00,1080,1320,False,6:00pm - 10:00pm
Queenstown,94 Dawson 94 Family Clinic,Wed,08:30,13:00,510,780,False,8:30am - 1:00pm
Queenstown,94 Dawson 94 Family Clinic,Wed,14:00,16:30,840,990,False,2:00pm - 4:30pm
Queenstown,94 Dawson 94 Family Clinic,Wed,18:00,22:00,1080,1320,False,6:00pm - 10:00pm
Queenstown,94 Dawson 94 Family Clinic,Thurs,08:30,13:00,510,780,False,8:30am - 1:00pm
Queenstown,94 Dawson 94 Family Clinic,Thurs,18:00,22:00,1080,1320,False,6:00pm - 10:00pm
Queenstown,94 Dawson 94 Family Clinic,Fri,08:30,13:00,510,780,False,8:30am - 1:00pm
Queenstown,94 Dawson 94 Family Clinic,Fri,18:00,22:00,1080,1320,False,6:00pm - 10:00pm
Queenstown,94 Dawson 94 Family Clinic,Sat,09:00,12:00,540,720,False,9:00am - 12:00pm
Queenstown,94 Dawson 94 Family Clinic,Sun,18:00,22:00,1080,1320,False,6:00pm - 10:00pm
Queenstown,171 Stirling Family Clinic,Mon,08:30,12:30,510,750,False,8:30am - 12:30pm
Queenstown,171 Stirling Family Clinic,Mon,18:00,21:00,1080,1260,False,6:00pm - 9:00pm
Queenstown,171 Stirling Family Clinic,Tues,08:30,12:30,510,750,False,8:30am - 12:30pm
Queenstown,171 Stirling Family Clinic,Tues,18:00,21:00,1080,1260,False,6:00pm - 9:00pm
Queenstown,171 Stirling Family Clinic,Wed,08:30,12:30,510,750,False,8:30am - 12:30pm
Queenstown,171 Stirling Family Clinic,Wed,18:00,21:00,1080,1260,False,6:00pm - 9:00pm
Queenstown,171 Stirling Family Clinic,Thurs,08:30,12:30,510,750,False,8:30am - 12:30pm
Queenstown,171 Stirling Family Clinic,Thurs,18:00,21:00,1080,1260,False,6:00pm - 9:00pm
Queenstown,171 Stirling Family Clinic,Fri,08:30,12:30,510,750,False,8:30am - 12:30pm
Queenstown,171 Stirling Family Clinic,Fri,18:00,21:00,1080,1260,False,6:00pm - 9:00pm
Queenstown,171 Stirling Family Clinic,Sat,08:30,12:30,510,750,False,8:30am - 12:30pm
Queenstown,171 Stirling Family Clinic,Sun,18:00,21:00,1080,1260,False,6:00pm - 9:00pm
Queenstown,Mei Ling Clinic Queenstown,Mon,08:30,12:30,510,750,False,8:30am - 12:30pm
Queenstown,Mei Ling Clinic Queenstown,Mon,18:00,20:30,1080,1230,False,6:00pm - 8:30pm
Queenstown,Mei Ling Clinic Queenstown,Tues,08:30,12:30,510,750,False,8:30am - 12:30pm
Queenstown,Mei Ling Clinic Queenstown,Tues,18:00,20:30,1080,1230,False,6:00pm - 8:30pm
Queenstown,Mei Ling Clinic Queenstown,Wed,08:30,12:30,510,750,False,8:30am - 12:30pm
Queenstown,Mei Ling Clinic Queenstown,Wed,18:00,20:30,1080,1230,False,6:00pm - 8:30pm
Queenstown,Mei Ling Clinic Queenstown,Thurs,08:30,12:30,510,750,False,8:30am - 12:30pm
Queenstown,Mei Ling Clinic Queenstown,Thurs,18:00,20:30,1080,1230,False,6:00pm - 8:30pm
Queenstown,Mei Ling Clinic Queenstown,Fri,08:30,12:30,510,750,False,8:30am - 12:30pm
Queenstown,Mei Ling Clinic Queenstown,Fri,18:00,20:30,1080,1230,False,6:00pm - 8:30pm
Queenstown,Mei Ling Clinic Queenstown,Sat,08:30,11:30,510,690,False,8:30am - 11:30am
Queenstown,Mei Ling Clinic Queenstown,Sun,08:30,11:30,510,690,False,8:30am - 11:30am
Queenstown,Straits Clinic,Mon,09:00,14:45,540,885,False,9:00am - 2:45pm
Queenstown,Straits Clinic,Mon,17:30,21:15,1050,1275,False,5:30pm - 9:15pm
Queenstown,Straits Clinic,Tues,09:00,14:45,540,885,False,9:00am - 2:45pm
Queenstown,Straits Clinic,Tues,17:30,21:15,1050,1275,False,5:30pm - 9:15pm
Queenstown,Straits Clinic,Wed,09:00,14:45,540,885,False,9:00am - 2:45pm
Queenstown,Straits Clinic,Wed,17:30,21:15,1050,1275,False,5:30pm - 9:15pm
Queenstown,Straits Clinic,Thurs,09:00,14:45,540,885,False,9:00am - 2:45pm
Queenstown,Straits Clinic,Thurs,17:30,21:15,1050,1275,False,5:30pm - 9:15pm
Queenstown,Straits Clinic,Fri,09:00,14:45,540,885,False,9:00am - 2:45pm
Queenstown,Straits Clinic,Sat,09:00,12:45,540,765,False,9:00am - 12:45pm
Queenstown,Straits Clinic,Sun,09:00,12:45,540,765,False,9:00am - 12:45pm
Queenstown,Straits Clinic,PH,09:00,12:45,540,765,False,9:00am - 12:45pm
Queenstown,Virtue Medical Clinic (Mei Ling),Mon,08:00,13:00,480,780,False,8:00am - 1:00pm
Queenstown,Virtue Medical Clinic (Mei Ling),Mon,17:30,21:00,1050,1260,False,5:30pm - 9:00pm
Queenstown,Virtue Medical Clinic (Mei Ling),Tues,08:00,13:00,480,780,False,8:00am - 1:00pm
Queenstown,Virtue Medical Clinic (Mei Ling),Tues,17:30,21:00,1050,1260,False,5:30pm - 9:00pm
Queenstown,Virtue Medical Clinic (Mei Ling),Wed,08:00,13:00,480,780,False,8:00am - 1:00pm
Queenstown,Virtue Medical Clinic (Mei Ling),Wed,17:30,21:00,1050,1260,False,5:30pm - 9:00pm
Queenstown,Virtue Medical Clinic (Mei Ling),Thurs,08:00,13:00,480,780,False,8:00am - 1:00pm
Queenstown,Virtue Medical Clinic (Mei Ling),Thurs,17:30,21:00,1050,1260,False,5:30pm - 9:00pm
Queenstown,Virtue Medical Clinic (Mei Ling),Fri,08:00,13:00,480,780,False,8:00am - 1:00pm
Queenstown,Virtue Medical Clinic (Mei Ling),Fri,17:30,21:00,1050,1260,False,5:30pm - 9:00pm
Queenstown,Virtue Medical Clinic (Mei Ling),Sat,09:00,13:00,540,780,False,9:00am - 1:00pm
Queenstown,Virtue Medical Clinic (Mei Ling),Sun,09:00,13:00,540,780,False,9:00am - 1:00pm
Queenstown,Virtue Medical Clinic (Mei Ling),Sun,18:00,21:00,1080,1260,False,6:00pm - 9:00pm
Raffles Place,Crawfurd Medical 3 Centre &,Mon,08:30,12:30,510,750,False,8:30am - 12:30pm
Raffles Place,Crawfurd Medical 3 Centre &,Mon,14:00,17:30,840,1050,False,2:00pm - 5:30pm
Raffles Place,Crawfurd Medical 3 Centre &,Tues,08:30,12:30,510,750,False,8:30am - 12:30pm
Raffles Place,Crawfurd Medical 3 Centre &,Tues,14:00,17:30,840,1050,False,2:00pm - 5:30pm
Raffles Place,Crawfurd Medical 3 Centre &,Wed,08:30,12:30,510,750,False,8:30am - 12:30pm
Raffles Place,Crawfurd Medical 3 Centre &,Wed,14:00,17:30,840,1050,False,2:00pm - 5:30pm
Raffles Place,Crawfurd Medical 3 Centre &,Thurs,08:30,12:30,510,750,False,8:30am - 12:30pm
Raffles Place,Crawfurd Medical 3 Centre &,Thurs,14:00,17:30,840,1050,False,2:00pm - 5:30pm
Raffles Place,Crawfurd Medical 3 Centre &,Fri,08:30,12:30,510,750,False,8:30am - 12:30pm
Raffles Place,Crawfurd Medical 3 Centre &,Fri,14:00,17:30,840,1050,False,2:00pm - 5:30pm
Raffles Place,Crawfurd Medical 3 Centre &,Sat,08:30,12:30,510,750,False,8:30am - 12:30pm
Raffles Place,Clinic @ The Sail 2,Mon,08:15,12:30,495,750,False,8:15am - 12:30pm
Raffles Place,Clinic @ The Sail 2,Mon,14:00,16:30,840,990,False,2:00pm - 4:30pm
Raffles Place,Clinic @ The Sail 2,Tues,08:15,12:30,495,750,False,8:15am - 12:30pm
Raffles Place,Clinic @ The Sail 2,Tues,14:00,16:30,840,990,False,2:00pm - 4:30pm
Raffles Place,Clinic @ The Sail 2,Wed,08:15,12:30,495,750,False,8:15am - 12:30pm
Raffles Place,Clinic @ The Sail 2,Wed,14:00,16:30,840,990,False,2:00pm - 4:30pm
Raffles Place,Clinic @ The Sail 2,Thurs,08:15,12:30,495,750,False,8:15am - 12:30pm
Raffles Place,Clinic @ The Sail 2,Thurs,14:00,16:30,840,990,False,2:00pm - 4:30pm
Raffles Place,Clinic @ The Sail 2,Fri,08:15,12:30,495,750,False,8:15am - 12:30pm
Raffles Place,Clinic @ The Sail 2,Fri,14:00,16:30,840,990,False,2:00pm - 4:30pm
Raffles Place,Pinnacle Medical Centre (Raffles Place),Mon,08:30,13:00,510,780,False,8:30am - 1:00pm
Raffles Place,Pinnacle Medical Centre (Raffles Place),Mon,14:00,18:00,840,1080,False,2:00pm - 6:00pm
Raffles Place,Pinnacle Medical Centre (Raffles Place),Tues,08:30,13:00,510,780,False,8:30am - 1:00pm
Raffles Place,Pinnacle Medical Centre (Raffles Place),Tues,14:00,18:00,840,1080,False,2:00pm - 6:00pm
Raffles Place,Pinnacle Medical Centre (Raffles Place),Wed,08:30,13:00,510,780,False,8:30am - 1:00pm
Raffles Place,Pinnacle Medical Centre (Raffles Place),Wed,14:00,18:00,840,1080,False,2:00pm - 6:00pm
Raffles Place,Pinnacle Medical Centre (Raffles Place),Thurs,08:30,13:00,510,780,False,8:30am - 1:00pm
Raffles Place,Pinnacle Medical Centre (Raffles Place),Thurs,14:00,18:00,840,1080,False,2:00pm - 6:00pm
Raffles Place,Pinnacle Medical Centre (Raffles Place),Fri,08:30,13:00,510,780,False,8:30am - 1:00pm
Raffles Place,Pinnacle Medical Centre (Raffles Place),Fri,14:00,18:00,840,1080,False,2:00pm - 6:00pm
Redhill,HeartlandHealth (Redhill),Mon,08:00,13:00,480,780,False,8:00am - 1:00pm
Redhill,HeartlandHealth (Redhill),Mon,18:00,23:00,1080,1380,False,6:00pm - 11:00pm
Redhill,HeartlandHealth (Redhill),Tues,08:00,13:00,480,780,False,8:00am - 1:00pm
Redhill,HeartlandHealth (Redhill),Tues,18:00,23:00,1080,1380,False,6:00pm - 11:00pm
Redhill,HeartlandHealth (Redhill),Wed,08:00,13:00,480,780,False,8:00am - 1:00pm
Redhill,HeartlandHealth (Redhill),Wed,18:00,23:00,1080,1380,False,6:00pm - 11:00pm
Redhill,HeartlandHealth (Redhill),Thurs,08:00,13:00,480,780,False,8:00am - 1:00pm
Redhill,HeartlandHealth (Redhill),Thurs,18:00,23:00,1080,1380,False,6:00pm - 11:00pm
Redhill,HeartlandHealth (Redhill),Fri,08:00,13:00,480,780,False,8:00am - 1:00pm
Redhill,HeartlandHealth (Redhill),Fri,18:00,23:00,1080,1380,False,6:00pm - 11:00pm
Redhill,HeartlandHealth (Redhill),Sat,08:00,13:00,480,780,False,8:00am - 1:00pm
Redhill,HeartlandHealth (Redhill),Sat,18:00,23:00,1080,1380,False,6:00pm - 11:00pm
Redhill,HeartlandHealth (Redhill),Sun,08:00,13:00,480,780,False,8:00am - 1:00pm
Redhill,HeartlandHealth (Redhill),Sun,18:00,23:00,1080,1380,False,6:00pm - 11:00pm
Redhill,HeartlandHealth (Redhill),PH,08:00,13:00,480,780,False,8:00am - 1:00pm
Redhill,HeartlandHealth (Redhill),PH,18:00,23:00,1080,1380,False,6:00pm - 11:00pm
Redhill,Pacific Family Clinic,Mon,08:00,12:00,480,720,False,8:00am - 12:00pm
Redhill,Pacific Family Clinic,Mon,13:00,15:30,780,930,False,1:00pm - 3:30pm
Redhill,Pacific Family Clinic,Mon,18:00,21:00,1080,1260,False,6:00pm - 9:00pm
Redhill,Pacific Family Clinic,Tues,08:00,12:00,480,720,False,8:00am - 12:00pm
Redhill,Pacific Family Clinic,Tues,13:00,15:30,780,930,False,1:00pm - 3:30pm
Redhill,Pacific Family Clinic,Tues,18:00,21:00,1080,1260,False,6:00pm - 9:00pm
Redhill,Pacific Family Clinic,Wed,08:00,12:00,480,720,False,8:00am - 12:00pm
Redhill,Pacific Family Clinic,Wed,13:00,15:30,780,930,False,1:00pm - 3:30pm
Redhill,Pacific Family Clinic,Wed,18:00,21:00,1080,1260,False,6:00pm - 9:00pm
Redhill,Pacific Family Clinic,Thurs,08:00,12:00,480,720,False,8:00am - 12:00pm
Redhill,Pacific Family Clinic,Thurs,13:00,15:30,780,930,False,1:00pm - 3:30pm
Redhill,Pacific Family Clinic,Thurs,18:00,21:00,1080,1260,False,6:00pm - 9:00pm
Redhill,Pacific Family Clinic,Fri,08:00,12:00,480,720,False,8:00am - 12:00pm
Redhill,Pacific Family Clinic,Fri,13:00,15:30,780,930,False,1:00pm - 3:30pm
Redhill,Pacific Family Clinic,Fri,18:00,21:00,1080,1260,False,6:00pm - 9:00pm
Redhill,Pacific Family Clinic,Sat,08:00,13:00,480,780,False,8:00am - 1:00pm
Redhill,Pacific Family Clinic,Sun,09:00,13:00,540,780,False,9:00am - 1:00pm
Redhill,Phoenix Medical Group (Redhill),Mon,09:00,16:00,540,960,False,9:00am - 4:00pm
Redhill,Phoenix Medical Group (Redhill),Mon,18:00,21:00,1080,1260,False,6:00pm - 9:00pm
Redhill,Phoenix Medical Group (Redhill),Tues,09:00,16:00,540,960,False,9:00am - 4:00pm
Redhill,Phoenix Medical Group (Redhill),Wed,09:00,16:00,540,960,False,9:00am - 4:00pm
Redhill,Phoenix Medical Group (Redhill),Wed,18:00,21:00,1080,1260,False,6:00pm - 9:00pm
Redhill,Phoenix Medical Group (Redhill),Thurs,09:00,16:00,540,960,False,9:00am - 4:00pm
Redhill,Phoenix Medical Group (Redhill),Fri,09:00,16:00,540,960,False,9:00am - 4:00pm
Redhill,Phoenix Medical Group (Redhill),Fri,18:00,21:00,1080,1260,False,6:00pm - 9:00pm
Redhill,Phoenix Medical Group (Redhill),Sat,09:00,14:00,540,840,False,9:00am - 2:00pm
Sembawang,Bestmed Family Clinic and Home Care,Mon,08:30,12:30,510,750,False,8:30am - 12:30pm
Sembawang,Bestmed Family Clinic and Home Care,Tues,08:30,12:30,510,750,False,8:30am - 12:30pm
Sembawang,Bestmed Family Clinic and Home Care,Tues,14:30,16:30,870,990,False,2:30pm - 4:30pm
Sembawang,Bestmed Family Clinic and Home Care,Wed,08:30,12:30,510,750,False,8:30am - 12:30pm
Sembawang,Bestmed Family Clinic and Home Care,Thurs,08:30,12:30,510,750,False,8:30am - 12:30pm
Sembawang,Bestmed Family Clinic and Home Care,Thurs,14:30,16:30,870,990,False,2:30pm - 4:30pm
Sembawang,Bestmed Family Clinic and Home Care,Fri,14:30,16:30,870,990,False,2:30pm - 4:30pm
Sembawang,Bestmed Family Clinic and Home Care,Fri,18:00,21:00,1080,1260,False,6:00pm - 9:00pm
Sembawang,Bestmed Family Clinic and Home Care,Sun,18:00,21:00,1080,1260,False,6:00pm - 9:00pm
Sembawang,Canberra Care Medical Clinic,Mon,08:30,13:00,510,780,False,8:30am - 1:00pm
Sembawang,Canberra Care Medical Clinic,Tues,08:30,13:00,510,780,False,8:30am - 1:00pm
Sembawang,Canberra Care Medical Clinic,Wed,08:30,13:00,510,780,False,8:30am - 1:00pm
Sembawang,Canberra Care Medical Clinic,Wed,14:00,16:00,840,960,False,2:00pm - 4:00pm
Sembawang,Canberra Care Medical Clinic,Thurs,14:00,16:00,840,960,False,2:00pm - 4:00pm
Sembawang,Canberra Care Medical Clinic,Thurs,18:30,21:00,1110,1260,False,6:30pm - 9:00pm
Sembawang,Canberra Care Medical Clinic,Fri,08:30,13:00,510,780,False,8:30am - 1:00pm
Sembawang,Canberra Care Medical Clinic,Fri,14:00,16:00,840,960,False,2:00pm - 4:00pm
Sembawang,Canberra Care Medical Clinic,Sat,08:30,13:00,510,780,False,8:30am - 1:00pm
Sembawang,Frontier Medical Associates (Canberra),Mon,08:00,14:00,480,840,False,8:00am - 2:00pm
Sembawang,Frontier Medical Associates (Canberra),Mon,18:00,21:00,1080,1260,False,6:00pm - 9:00pm
Sembawang,Frontier Medical Associates (Canberra),Tues,08:00,14:00,480,840,False,8:00am - 2:00pm
Sembawang,Frontier Medical Associates (Canberra),Tues,18:00,21:00,1080,1260,False,6:00pm - 9:00pm
Sembawang,Frontier Medical Associates (Canberra),Wed,08:00,14:00,480,840,False,8:00am - 2:00pm
Sembawang,Frontier Medical Associates (Canberra),Wed,18:00,21:00,1080,1260,False,6:00pm - 9:00pm
Sembawang,Frontier Medical Associates (Canberra),Thurs,08:00,14:00,480,840,False,8:00am - 2:00pm
Sembawang,Frontier Medical Associates (Canberra),Thurs,18:00,21:00,1080,1260,False,6:00pm - 9:00pm
Sembawang,Frontier Medical Associates (Canberra),Fri,08:00,15:00,480,900,False,8:00am - 3:00pm
Sembawang,Frontier Medical Associates (Canberra),Sat,08:00,13:00,480,780,False,8:00am - 1:00pm
Sembawang,Healthwerkz Medical Centre (Sembawang),Mon,08:00,22:00,480,1320,False,8:00am - 10:00pm
Sembawang,Healthwerkz Medical Centre (Sembawang),Tues,08:00,22:00,480,1320,False,8:00am - 10:00pm
Sembawang,Healthwerkz Medical Centre (Sembawang),Wed,08:00,22:00,480,1320,False,8:00am - 10:00pm
Sembawang,Healthwerkz Medical Centre (Sembawang),Thurs,08:00,22:00,480,1320,False,8:00am - 10:00pm
Sembawang,Healthwerkz Medical Centre (Sembawang),Fri,08:00,22:00,480,1320,False,8:00am - 10:00pm
Sembawang,Healthwerkz Medical Centre (Sembawang),Sat,08:00,22:00,480,1320,False,8:00am - 10:00pm
Sembawang,Healthwerkz Medical Centre (Sembawang),Sun,08:00,22:00,480,1320,False,8:00am - 10:00pm
Sembawang,Healthwerkz Medical Centre (Sembawang),PH,08:00,22:00,480,1320,False,8:00am - 10:00pm
Sembawang,OneCare Clinic (Canberra),Mon,08:00,14:00,480,840,False,8:00am - 2:00pm
Sembawang,OneCare Clinic (Canberra),Mon,17:00,21:00,1020,1260,False,5:00pm - 9:00pm
Sembawang,OneCare Clinic (Canberra),Tues,08:00,14:00,480,840,False,8:00am - 2:00pm
Sembawang,OneCare Clinic (Canberra),Tues,17:00,21:00,1020,1260,False,5:00pm - 9:00pm
Sembawang,OneCare Clinic (Canberra),Wed,08:00,14:00,480,840,False,8:00am - 2:00pm
Sembawang,OneCare Clinic (Canberra),Wed,17:00,21:00,1020,1260,False,5:00pm - 9:00pm
Sembawang,OneCare Clinic (Canberra),Thurs,08:00,14:00,480,840,False,8:00am - 2:00pm
Sembawang,OneCare Clinic (Canberra),Thurs,17:00,21:00,1020,1260,False,5:00pm - 9:00pm
Sembawang,OneCare Clinic (Canberra),Fri,08:00,14:00,480,840,False,8:00am - 2:00pm
Sembawang,OneCare Clinic (Canberra),Fri,17:00,21:00,1020,1260,False,5:00pm - 9:00pm
Sembawang,OneCare Clinic (Canberra),Sat,08:00,12:00,480,720,False,8:00am - 12:00pm
Sembawang,OneCare Clinic (Canberra),Sun,08:00,12:00,480,720,False,8:00am - 12:00pm
Sembawang,OneCare Clinic (Canberra),Sun,18:00,21:00,1080,1260,False,6:00pm - 9:00pm
Sembawang,Pinnacle Family Clinic (Sembawang),Mon,09:00,15:30,540,930,False,9:00am - 3:30pm
Sembawang,Pinnacle Family Clinic (Sembawang),Mon,17:30,20:30,1050,1230,False,5:30pm - 8:30pm
Sembawang,Pinnacle Family Clinic (Sembawang),Mon,09:00,12:00,540,720,False,9:00am - 12:00pm
Sembawang,Pinnacle Family Clinic (Sembawang),Mon,14:00,16:00,840,960,False,2:00pm - 4:00pm
Sembawang,Pinnacle Family Clinic (Sembawang),Tues,09:00,15:30,540,930,False,9:00am - 3:30pm
Sembawang,Pinnacle Family Clinic (Sembawang),Tues,17:30,20:30,1050,1230,False,5:30pm - 8:30pm
Sembawang,Pinnacle Family Clinic (Sembawang),Tues,09:00,12:00,540,720,False,9:00am - 12:00pm
Sembawang,Pinnacle Family Clinic (Sembawang),Tues,14:00,16:00,840,960,False,2:00pm - 4:00pm
Sembawang,Pinnacle Family Clinic (Sembawang),Wed,09:00,15:30,540,930,False,9:00am - 3:30pm
Sembawang,Pinnacle Family Clinic (Sembawang),Wed,17:30,20:30,1050,1230,False,5:30pm - 8:30pm
Sembawang,Pinnacle Family Clinic (Sembawang),Wed,09:00,12:00,540,720,False,9:00am - 12:00pm
Sembawang,Pinnacle Family Clinic (Sembawang),Wed,14:00,16:00,840,960,False,2:00pm - 4:00pm
Sembawang,Pinnacle Family Clinic (Sembawang),Thurs,09:00,15:30,540,930,False,9:00am - 3:30pm
Sembawang,Pinnacle Family Clinic (Sembawang),Thurs,17:30,20:30,1050,1230,False,5:30pm - 8:30pm
Sembawang,Pinnacle Family Clinic (Sembawang),Thurs,09:00,12:00,540,720,False,9:00am - 12:00pm
Sembawang,Pinnacle Family Clinic (Sembawang),Thurs,14:00,16:00,840,960,False,2:00pm - 4:00pm
Sembawang,Pinnacle Family Clinic (Sembawang),Sat,09:00,13:00,540,780,False,9:00am - 1:00pm
Sembawang,Medical Clinic Canberra,Mon,08:30,13:00,510,780,False,8:30am - 1:00pm
Sembawang,Medical Clinic Canberra,Mon,14:00,16:30,840,990,False,2:00pm - 4:30pm
Sembawang,Medical Clinic Canberra,Mon,18:00,21:30,1080,1290,False,6:00pm - 9:30pm
Sembawang,Medical Clinic Canberra,Tues,08:30,13:00,510,780,False,8:30am - 1:00pm
Sembawang,Medical Clinic Canberra,Tues,14:00,16:30,840,990,False,2:00pm - 4:30pm
Sembawang,Medical Clinic Canberra,Tues,18:00,21:30,1080,1290,False,6:00pm - 9:30pm
Sembawang,Medical Clinic Canberra,Wed,08:30,13:00,510,780,False,8:30am - 1:00pm
Sembawang,Medical Clinic Canberra,Wed,14:00,16:30,840,990,False,2:00pm - 4:30pm
Sembawang,Medical Clinic Canberra,Wed,18:00,21:30,1080,1290,False,6:00pm - 9:30pm
Sembawang,Medical Clinic Canberra,Thurs,08:30,13:00,510,780,False,8:30am - 1:00pm
Sembawang,Medical Clinic Canberra,Thurs,14:00,16:30,840,990,False,2:00pm - 4:30pm
Sembawang,Medical Clinic Canberra,Thurs,18:00,21:30,1080,1290,False,6:00pm - 9:30pm
Sembawang,Medical Clinic Canberra,Fri,08:30,13:00,510,780,False,8:30am - 1:00pm
Sembawang,Medical Clinic Canberra,Fri,14:00,16:30,840,990,False,2:00pm - 4:30pm
Sembawang,Medical Clinic Canberra,Fri,18:00,21:30,1080,1290,False,6:00pm - 9:30pm
Sembawang,Medical Clinic Canberra,Sat,09:00,12:00,540,720,False,9:00am - 12:00pm
Sembawang,Medical Clinic Canberra,Sun,09:00,12:00,540,720,False,9:00am - 12:00pm
Sengkang,Acumed Medical Group (Sengkang),Mon,08:30,13:00,510,780,False,8:30am - 1:00pm
Sengkang,Acumed Medical Group (Sengkang),Mon,14:00,20:00,840,1200,False,2:00pm - 8:00pm
Sengkang,Acumed Medical Group (Sengkang),Tues,08:30,13:00,510,780,False,8:30am - 1:00pm
Sengkang,Acumed Medical Group (Sengkang),Wed,08:30,13:00,510,780,False,8:30am - 1:00pm
Sengkang,Acumed Medical Group (Sengkang),Wed,14:00,20:00,840,1200,False,2:00pm - 8:00pm
Sengkang,Acumed Medical Group (Sengkang),Thurs,08:30,13:00,510,780,False,8:30am - 1:00pm
Sengkang,Acumed Medical Group (Sengkang),Fri,08:30,13:00,510,780,False,8:30am - 1:00pm
Sengkang,Acumed Medical Group (Sengkang),Sat,08:30,13:00,510,780,False,8:30am - 1:00pm
Sengkang,Acumed Medical Group (Sengkang),Sun,09:00,12:00,540,720,False,9:00am - 12:00pm
Sengkang,Acumed Medical Group (Sengkang),PH,09:00,12:00,540,720,False,9:00am - 12:00pm
Sengkang,AE Medical Clinic ”*previously known as DR+ Medical & Paincare (Fernvale),Mon,08:00,12:30,480,750,False,8:00am - 12:30pm
Sengkang,AE Medical Clinic ”*previously known as DR+ Medical & Paincare (Fernvale),Mon,14:00,16:30,840,990,False,2:00pm - 4:30pm
Sengkang,AE Medical Clinic ”*previously known as DR+ Medical & Paincare (Fernvale),Mon,17:30,21:30,1050,1290,False,5:30pm - 9:30pm
Sengkang,AE Medical Clinic ”*previously known as DR+ Medical & Paincare (Fernvale),Tues,08:00,12:30,480,750,False,8:00am - 12:30pm
Sengkang,AE Medical Clinic ”*previously known as DR+ Medical & Paincare (Fernvale),Tues,14:00,16:30,840,990,False,2:00pm - 4:30pm
Sengkang,AE Medical Clinic ”*previously known as DR+ Medical & Paincare (Fernvale),Tues,17:30,21:30,1050,1290,False,5:30pm - 9:30pm
Sengkang,AE Medical Clinic ”*previously known as DR+ Medical & Paincare (Fernvale),Wed,08:00,12:30,480,750,False,8:00am - 12:30pm
Sengkang,AE Medical Clinic ”*previously known as DR+ Medical & Paincare (Fernvale),Wed,14:00,16:30,840,990,False,2:00pm - 4:30pm
Sengkang,AE Medical Clinic ”*previously known as DR+ Medical & Paincare (Fernvale),Wed,17:30,21:30,1050,1290,False,5:30pm - 9:30pm
Sengkang,AE Medical Clinic ”*previously known as DR+ Medical & Paincare (Fernvale),Thurs,08:00,12:30,480,750,False,8:00am - 12:30pm
Sengkang,AE Medical Clinic ”*previously known as DR+ Medical & Paincare (Fernvale),Thurs,14:00,16:30,840,990,False,2:00pm - 4:30pm
Sengkang,AE Medical Clinic ”*previously known as DR+ Medical & Paincare (Fernvale),Thurs,17:30,21:30,1050,1290,False,5:30pm - 9:30pm
Sengkang,AE Medical Clinic ”*previously known as DR+ Medical & Paincare (Fernvale),Fri,08:00,12:30,480,750,False,8:00am - 12:30pm
Sengkang,AE Medical Clinic ”*previously known as DR+ Medical & Paincare (Fernvale),Fri,14:00,16:30,840,990,False,2:00pm - 4:30pm
Sengkang,AE Medical Clinic ”*previously known as DR+ Medical & Paincare (Fernvale),Fri,17:30,21:30,1050,1290,False,5:30pm - 9:30pm
Sengkang,AE Medical Clinic ”*previously known as DR+ Medical & Paincare (Fernvale),Sat,08:30,12:30,510,750,False,8:30am - 12:30pm
Sengkang,AE Medical Clinic ”*previously known as DR+ Medical & Paincare (Fernvale),Sun,08:30,12:30,510,750,False,8:30am - 12:30pm
Sengkang,DA Clinic @ Anchorvale,Mon,08:30,12:00,510,720,False,8:30am - 12:00pm
Sengkang,DA Clinic @ Anchorvale,Mon,13:00,21:00,780,1260,False,1:00pm - 9:00pm
Sengkang,DA Clinic @ Anchorvale,Tues,08:30,12:00,510,720,False,8:30am - 12:00pm
Sengkang,DA Clinic @ Anchorvale,Tues,13:00,21:00,780,1260,False,1:00pm - 9:00pm
Sengkang,DA Clinic @ Anchorvale,Wed,08:30,12:00,510,720,False,8:30am - 12:00pm
Sengkang,DA Clinic @ Anchorvale,Wed,13:00,21:00,780,1260,False,1:00pm - 9:00pm
Sengkang,DA Clinic @ Anchorvale,Thurs,08:30,12:00,510,720,False,8:30am - 12:00pm
Sengkang,DA Clinic @ Anchorvale,Thurs,13:00,21:00,780,1260,False,1:00pm - 9:00pm
Sengkang,DA Clinic @ Anchorvale,Fri,08:30,12:00,510,720,False,8:30am - 12:00pm
Sengkang,DA Clinic @ Anchorvale,Fri,13:00,21:00,780,1260,False,1:00pm - 9:00pm
Sengkang,DA Clinic @ Anchorvale,Sat,08:30,12:00,510,720,False,8:30am - 12:00pm
Sengkang,DA Clinic @ Anchorvale,Sun,08:30,12:00,510,720,False,8:30am - 12:00pm
Sengkang,Etern Medical Clinic (Seletar Mall),Mon,08:30,13:00,510,780,False,8:30am - 1:00pm
Sengkang,Etern Medical Clinic (Seletar Mall),Mon,14:00,17:00,840,1020,False,2:00pm - 5:00pm
Sengkang,Etern Medical Clinic (Seletar Mall),Mon,18:30,21:30,1110,1290,False,6:30pm - 9:30pm
Sengkang,Etern Medical Clinic (Seletar Mall),Tues,08:30,13:00,510,780,False,8:30am - 1:00pm
Sengkang,Etern Medical Clinic (Seletar Mall),Tues,14:00,17:00,840,1020,False,2:00pm - 5:00pm
Sengkang,Etern Medical Clinic (Seletar Mall),Tues,18:30,21:30,1110,1290,False,6:30pm - 9:30pm
Sengkang,Etern Medical Clinic (Seletar Mall),Wed,08:30,13:00,510,780,False,8:30am - 1:00pm
Sengkang,Etern Medical Clinic (Seletar Mall),Wed,14:00,17:00,840,1020,False,2:00pm - 5:00pm
Sengkang,Etern Medical Clinic (Seletar Mall),Wed,18:30,21:30,1110,1290,False,6:30pm - 9:30pm
Sengkang,Etern Medical Clinic (Seletar Mall),Thurs,08:30,13:00,510,780,False,8:30am - 1:00pm
Sengkang,Etern Medical Clinic (Seletar Mall),Thurs,14:00,17:00,840,1020,False,2:00pm - 5:00pm
Sengkang,Etern Medical Clinic (Seletar Mall),Thurs,18:30,21:30,1110,1290,False,6:30pm - 9:30pm
Sengkang,Etern Medical Clinic (Seletar Mall),Fri,08:30,13:00,510,780,False,8:30am - 1:00pm
Sengkang,Etern Medical Clinic (Seletar Mall),Fri,14:00,17:00,840,1020,False,2:00pm - 5:00pm
Sengkang,Etern Medical Clinic (Seletar Mall),Fri,18:30,21:30,1110,1290,False,6:30pm - 9:30pm
Sengkang,Etern Medical Clinic (Seletar Mall),Sat,09:00,15:00,540,900,False,9:00am - 3:00pm
Sengkang,Etern Medical Clinic (Seletar Mall),Sat,18:30,21:30,1110,1290,False,6:30pm - 9:30pm
Sengkang,Etern Medical Clinic (Seletar Mall),Sun,09:00,15:00,540,900,False,9:00am - 3:00pm
Sengkang,Etern Medical Clinic (Seletar Mall),Sun,18:30,21:30,1110,1290,False,6:30pm - 9:30pm
Sengkang,Etern Medical Clinic (Seletar Mall),PH,09:00,15:00,540,900,False,9:00am - 3:00pm
Sengkang,Etern Medical Clinic (Seletar Mall),PH,18:30,21:30,1110,1290,False,6:30pm - 9:30pm
Sengkang,Fernvale Family Clinic,Mon,08:30,12:30,510,750,False,8:30am - 12:30pm
Sengkang,Fernvale Family Clinic,Mon,14:00,16:30,840,990,False,2:00pm - 4:30pm
Sengkang,Fernvale Family Clinic,Mon,18:00,21:00,1080,1260,False,6:00pm - 9:00pm
Sengkang,Fernvale Family Clinic,Tues,08:30,12:30,510,750,False,8:30am - 12:30pm
Sengkang,Fernvale Family Clinic,Tues,14:00,16:30,840,990,False,2:00pm - 4:30pm
Sengkang,Fernvale Family Clinic,Tues,18:00,21:00,1080,1260,False,6:00pm - 9:00pm
Sengkang,Fernvale Family Clinic,Wed,08:30,12:30,510,750,False,8:30am - 12:30pm
Sengkang,Fernvale Family Clinic,Wed,14:00,16:30,840,990,False,2:00pm - 4:30pm
Sengkang,Fernvale Family Clinic,Thurs,08:30,12:30,510,750,False,8:30am - 12:30pm
Sengkang,Fernvale Family Clinic,Thurs,14:00,16:30,840,990,False,2:00pm - 4:30pm
Sengkang,Fernvale Family Clinic,Fri,08:30,12:30,510,750,False,8:30am - 12:30pm
Sengkang,Fernvale Family Clinic,Fri,14:00,16:30,840,990,False,2:00pm - 4:30pm
Sengkang,Fernvale Family Clinic,Sat,08:30,12:30,510,750,False,8:30am - 12:30pm
Sengkang,Healthmark Family Clinic (Compassvale),Mon,08:30,12:30,510,750,False,8:30am - 12:30pm
Sengkang,Healthmark Family Clinic (Compassvale),Mon,13:30,16:30,810,990,False,1:30pm - 4:30pm
Sengkang,Healthmark Family Clinic (Compassvale),Mon,18:00,21:00,1080,1260,False,6:00pm - 9:00pm
Sengkang,Healthmark Family Clinic (Compassvale),Tues,08:30,12:30,510,750,False,8:30am - 12:30pm
Sengkang,Healthmark Family Clinic (Compassvale),Tues,13:30,16:30,810,990,False,1:30pm - 4:30pm
Sengkang,Healthmark Family Clinic (Compassvale),Tues,18:00,21:00,1080,1260,False,6:00pm - 9:00pm
Sengkang,Healthmark Family Clinic (Compassvale),Wed,08:30,12:30,510,750,False,8:30am - 12:30pm
Sengkang,Healthmark Family Clinic (Compassvale),Wed,13:30,16:30,810,990,False,1:30pm - 4:30pm
Sengkang,Healthmark Family Clinic (Compassvale),Wed,18:00,21:00,1080,1260,False,6:00pm - 9:00pm
Sengkang,Healthmark Family Clinic (Compassvale),Thurs,08:30,12:30,510,750,False,8:30am - 12:30pm
Sengkang,Healthmark Family Clinic (Compassvale),Fri,08:30,12:30,510,750,False,8:30am - 12:30pm
Sengkang,Healthmark Family Clinic (Compassvale),Fri,13:30,16:30,810,990,False,1:30pm - 4:30pm
Sengkang,Healthmark Family Clinic (Compassvale),Sat,08:30,12:30,510,750,False,8:30am - 12:30pm
Sengkang,Healthway Medical (Anchorvale),Mon,08:30,13:00,510,780,False,8:30am - 1:00pm
Sengkang,Healthway Medical (Anchorvale),Mon,14:00,17:00,840,1020,False,2:00pm - 5:00pm
Sengkang,Healthway Medical (Anchorvale),Mon,18:00,21:00,1080,1260,False,6:00pm - 9:00pm
Sengkang,Healthway Medical (Anchorvale),Tues,08:30,13:00,510,780,False,8:30am - 1:00pm
Sengkang,Healthway Medical (Anchorvale),Tues,14:00,17:00,840,1020,False,2:00pm - 5:00pm
Sengkang,Healthway Medical (Anchorvale),Wed,08:30,13:00,510,780,False,8:30am - 1:00pm
Sengkang,Healthway Medical (Anchorvale),Wed,14:00,17:00,840,1020,False,2:00pm - 5:00pm
Sengkang,Healthway Medical (Anchorvale),Thurs,08:30,13:00,510,780,False,8:30am - 1:00pm
Sengkang,Healthway Medical (Anchorvale),Thurs,14:00,17:00,840,1020,False,2:00pm - 5:00pm
Sengkang,Healthway Medical (Anchorvale),Thurs,18:00,21:00,1080,1260,False,6:00pm - 9:00pm
Sengkang,Healthway Medical (Anchorvale),Fri,08:30,13:00,510,780,False,8:30am - 1:00pm
Sengkang,Healthway Medical (Anchorvale),Fri,14:00,17:00,840,1020,False,2:00pm - 5:00pm
Sengkang,Healthway Medical (Anchorvale),Sat,08:30,13:00,510,780,False,8:30am - 1:00pm
Sengkang,Healthway Medical (Compassvale),Mon,08:30,13:30,510,810,False,8:30am - 1:30pm
Sengkang,Healthway Medical (Compassvale),Mon,14:00,17:00,840,1020,False,2:00pm - 5:00pm
Sengkang,Healthway Medical (Compassvale),Mon,18:00,21:00,1080,1260,False,6:00pm - 9:00pm
Sengkang,Healthway Medical (Compassvale),Tues,08:30,13:00,510,780,False,8:30am - 1:00pm
Sengkang,Healthway Medical (Compassvale),Tues,14:00,17:00,840,1020,False,2:00pm - 5:00pm
Sengkang,Healthway Medical (Compassvale),Wed,08:30,13:30,510,810,False,8:30am - 1:30pm
Sengkang,Healthway Medical (Compassvale),Wed,14:00,17:00,840,1020,False,2:00pm - 5:00pm
Sengkang,Healthway Medical (Compassvale),Wed,18:00,21:00,1080,1260,False,6:00pm - 9:00pm
Sengkang,Healthway Medical (Compassvale),Thurs,08:30,13:00,510,780,False,8:30am - 1:00pm
Sengkang,Healthway Medical (Compassvale),Thurs,14:00,17:00,840,1020,False,2:00pm - 5:00pm
Sengkang,Healthway Medical (Compassvale),Fri,08:30,13:00,510,780,False,8:30am - 1:00pm
Sengkang,Healthway Medical (Compassvale),Fri,14:00,17:00,840,1020,False,2:00pm - 5:00pm
Sengkang,Healthway Medical (Compassvale),Sat,08:30,13:00,510,780,False,8:30am - 1:00pm
Sengkang,Healthway Medical (Compassvale),PH,08:30,13:00,510,780,False,8:30am - 1:00pm
Sengkang,Healthway Medical (Rivervale),Mon,08:00,13:00,480,780,False,8:00am - 1:00pm
Sengkang,Healthway Medical (Rivervale),Mon,14:00,17:00,840,1020,False,2:00pm - 5:00pm
Sengkang,Healthway Medical (Rivervale),Mon,18:00,22:00,1080,1320,False,6:00pm - 10:00pm
Sengkang,Healthway Medical (Rivervale),Tues,08:00,13:00,480,780,False,8:00am - 1:00pm
Sengkang,Healthway Medical (Rivervale),Tues,14:00,17:00,840,1020,False,2:00pm - 5:00pm
Sengkang,Healthway Medical (Rivervale),Tues,18:00,22:00,1080,1320,False,6:00pm - 10:00pm
Sengkang,Healthway Medical (Rivervale),Wed,08:00,13:00,480,780,False,8:00am - 1:00pm
Sengkang,Healthway Medical (Rivervale),Wed,14:00,17:00,840,1020,False,2:00pm - 5:00pm
Sengkang,Healthway Medical (Rivervale),Wed,18:00,22:00,1080,1320,False,6:00pm - 10:00pm
Sengkang,Healthway Medical (Rivervale),Thurs,08:00,13:00,480,780,False,8:00am - 1:00pm
Sengkang,Healthway Medical (Rivervale),Thurs,14:00,17:00,840,1020,False,2:00pm - 5:00pm
Sengkang,Healthway Medical (Rivervale),Thurs,18:00,22:00,1080,1320,False,6:00pm - 10:00pm
Sengkang,Healthway Medical (Rivervale),Fri,08:00,13:00,480,780,False,8:00am - 1:00pm
Sengkang,Healthway Medical (Rivervale),Fri,14:00,17:00,840,1020,False,2:00pm - 5:00pm
Sengkang,Healthway Medical (Rivervale),Fri,18:00,22:00,1080,1320,False,6:00pm - 10:00pm
Sengkang,Healthway Medical (Rivervale),Sat,08:00,13:00,480,780,False,8:00am - 1:00pm
Sengkang,Healthway Medical (Rivervale),Sat,14:00,17:00,840,1020,False,2:00pm - 5:00pm
Sengkang,Healthway Medical (Rivervale),Sat,18:00,22:00,1080,1320,False,6:00pm - 10:00pm
Sengkang,Healthway Medical (Rivervale),Sun,08:00,13:00,480,780,False,8:00am - 1:00pm
Sengkang,Healthway Medical (Rivervale),Sun,18:00,22:00,1080,1320,False,6:00pm - 10:00pm
Sengkang,Healthway Medical (Rivervale),PH,08:00,13:00,480,780,False,8:00am - 1:00pm
Sengkang,Healthway Medical (Rivervale),PH,18:00,22:00,1080,1320,False,6:00pm - 10:00pm
Sengkang,Holistic Care Family Clinic,Mon,09:00,13:00,540,780,False,9:00am - 1:00pm
Sengkang,Holistic Care Family Clinic,Mon,14:30,16:30,870,990,False,2:30pm - 4:30pm
Sengkang,Holistic Care Family Clinic,Mon,18:30,20:30,1110,1230,False,6:30pm - 8:30pm
Sengkang,Holistic Care Family Clinic,Tues,09:00,13:00,540,780,False,9:00am - 1:00pm
Sengkang,Holistic Care Family Clinic,Wed,09:00,13:00,540,780,False,9:00am - 1:00pm
Sengkang,Holistic Care Family Clinic,Thurs,14:30,18:30,870,1110,False,2:30pm - 6:30pm
Sengkang,Holistic Care Family Clinic,Fri,09:00,13:00,540,780,False,9:00am - 1:00pm
Sengkang,Holistic Care Family Clinic,Fri,14:30,16:30,870,990,False,2:30pm - 4:30pm
Sengkang,Holistic Care Family Clinic,Sat,09:00,15:00,540,900,False,9:00am - 3:00pm
Sengkang,Island Family Clinic (Seletar),Mon,09:00,13:00,540,780,False,9:00am - 1:00pm
Sengkang,Island Family Clinic (Seletar),Mon,18:00,22:00,1080,1320,False,6:00pm - 10:00pm
Sengkang,Island Family Clinic (Seletar),Tues,09:00,13:00,540,780,False,9:00am - 1:00pm
Sengkang,Island Family Clinic (Seletar),Tues,18:00,22:00,1080,1320,False,6:00pm - 10:00pm
Sengkang,Island Family Clinic (Seletar),Wed,09:00,13:00,540,780,False,9:00am - 1:00pm
Sengkang,Island Family Clinic (Seletar),Wed,18:00,22:00,1080,1320,False,6:00pm - 10:00pm
Sengkang,Island Family Clinic (Seletar),Thurs,09:00,13:00,540,780,False,9:00am - 1:00pm
Sengkang,Island Family Clinic (Seletar),Thurs,18:00,22:00,1080,1320,False,6:00pm - 10:00pm
Sengkang,Island Family Clinic (Seletar),Fri,09:00,13:00,540,780,False,9:00am - 1:00pm
Sengkang,Island Family Clinic (Seletar),Fri,18:00,22:00,1080,1320,False,6:00pm - 10:00pm
Sengkang,Island Family Clinic (Seletar),Sat,09:00,13:00,540,780,False,9:00am - 1:00pm
Sengkang,Island Family Clinic (Seletar),Sun,09:00,13:00,540,780,False,9:00am - 1:00pm
Sengkang,Island Family Clinic (Sengkang),Mon,09:00,13:00,540,780,False,9:00am - 1:00pm
Sengkang,Island Family Clinic (Sengkang),Mon,18:00,22:00,1080,1320,False,6:00pm - 10:00pm
Sengkang,Island Family Clinic (Sengkang),Tues,09:00,13:00,540,780,False,9:00am - 1:00pm
Sengkang,Island Family Clinic (Sengkang),Tues,18:00,22:00,1080,1320,False,6:00pm - 10:00pm
Sengkang,Island Family Clinic (Sengkang),Wed,09:00,13:00,540,780,False,9:00am - 1:00pm
Sengkang,Island Family Clinic (Sengkang),Wed,18:00,22:00,1080,1320,False,6:00pm - 10:00pm
Sengkang,Island Family Clinic (Sengkang),Thurs,09:00,13:00,540,780,False,9:00am - 1:00pm
Sengkang,Island Family Clinic (Sengkang),Thurs,18:00,22:00,1080,1320,False,6:00pm - 10:00pm
Sengkang,Island Family Clinic (Sengkang),Fri,09:00,13:00,540,780,False,9:00am - 1:00pm
Sengkang,Island Family Clinic (Sengkang),Fri,18:00,22:00,1080,1320,False,6:00pm - 10:00pm
Sengkang,Island Family Clinic (Sengkang),Sat,09:00,13:00,540,780,False,9:00am - 1:00pm
Sengkang,Island Family Clinic (Sengkang),Sun,09:00,13:00,540,780,False,9:00am - 1:00pm
Sengkang,Medivene Clinic & Surgery,Mon,08:30,14:00,510,840,False,8:30am - 2:00pm
Sengkang,Medivene Clinic & Surgery,Mon,18:30,20:30,1110,1230,False,6:30pm - 8:30pm
Sengkang,Medivene Clinic & Surgery,Tues,08:30,14:00,510,840,False,8:30am - 2:00pm
Sengkang,Medivene Clinic & Surgery,Tues,18:30,20:30,1110,1230,False,6:30pm - 8:30pm
Sengkang,Medivene Clinic & Surgery,Wed,08:30,14:00,510,840,False,8:30am - 2:00pm
Sengkang,Medivene Clinic & Surgery,Wed,18:30,20:30,1110,1230,False,6:30pm - 8:30pm
Sengkang,Medivene Clinic & Surgery,Thurs,08:30,14:00,510,840,False,8:30am - 2:00pm
Sengkang,Medivene Clinic & Surgery,Thurs,18:30,20:30,1110,1230,False,6:30pm - 8:30pm
Sengkang,Medivene Clinic & Surgery,Fri,08:30,14:00,510,840,False,8:30am - 2:00pm
Sengkang,Medivene Clinic & Surgery,Sat,09:00,13:00,540,780,False,9:00am - 1:00pm
Sengkang,Minmed Clinic (Anchorvale),Mon,09:00,13:00,540,780,False,9:00am - 1:00pm
Sengkang,Minmed Clinic (Anchorvale),Mon,14:00,16:00,840,960,False,2:00pm - 4:00pm
Sengkang,Minmed Clinic (Anchorvale),Mon,17:00,21:00,1020,1260,False,5:00pm - 9:00pm
Sengkang,Minmed Clinic (Anchorvale),Tues,09:00,13:00,540,780,False,9:00am - 1:00pm
Sengkang,Minmed Clinic (Anchorvale),Tues,14:00,16:00,840,960,False,2:00pm - 4:00pm
Sengkang,Minmed Clinic (Anchorvale),Tues,17:00,21:00,1020,1260,False,5:00pm - 9:00pm
Sengkang,Minmed Clinic (Anchorvale),Wed,09:00,13:00,540,780,False,9:00am - 1:00pm
Sengkang,Minmed Clinic (Anchorvale),Wed,14:00,16:00,840,960,False,2:00pm - 4:00pm
Sengkang,Minmed Clinic (Anchorvale),Wed,17:00,21:00,1020,1260,False,5:00pm - 9:00pm
Sengkang,Minmed Clinic (Anchorvale),Thurs,09:00,13:00,540,780,False,9:00am - 1:00pm
Sengkang,Minmed Clinic (Anchorvale),Thurs,14:00,16:00,840,960,False,2:00pm - 4:00pm
Sengkang,Minmed Clinic (Anchorvale),Thurs,17:00,21:00,1020,1260,False,5:00pm - 9:00pm
Sengkang,Minmed Clinic (Anchorvale),Fri,09:00,13:00,540,780,False,9:00am - 1:00pm
Sengkang,Minmed Clinic (Anchorvale),Fri,14:00,16:00,840,960,False,2:00pm - 4:00pm
Sengkang,Minmed Clinic (Anchorvale),Fri,17:00,21:00,1020,1260,False,5:00pm - 9:00pm
Sengkang,Minmed Clinic (Anchorvale),Sat,09:00,13:00,540,780,False,9:00am - 1:00pm
Sengkang,Minmed Clinic (Anchorvale),Sun,09:00,13:00,540,780,False,9:00am - 1:00pm
Sengkang,Minmed Clinic (Anchorvale),PH,09:00,13:00,540,780,False,9:00am - 1:00pm
Sengkang,My Family Clinic (Anchorvale),Mon,08:00,14:00,480,840,False,8:00am - 2:00pm
Sengkang,My Family Clinic (Anchorvale),Tues,08:00,14:00,480,840,False,8:00am - 2:00pm
Sengkang,My Family Clinic (Anchorvale),Wed,08:00,14:00,480,840,False,8:00am - 2:00pm
Sengkang,My Family Clinic (Anchorvale),Thurs,18:00,21:00,1080,1260,False,6:00pm - 9:00pm
Sengkang,My Family Clinic (Anchorvale),Fri,08:00,14:00,480,840,False,8:00am - 2:00pm
Sengkang,My Family Clinic (Anchorvale),Sat,08:00,14:00,480,840,False,8:00am - 2:00pm
Sengkang,Northeast Medical Group (Sengkang),Mon,08:00,22:00,480,1320,False,8:00am - 10:00pm
Sengkang,Northeast Medical Group (Sengkang),Tues,08:00,22:00,480,1320,False,8:00am - 10:00pm
Sengkang,Northeast Medical Group (Sengkang),Wed,08:00,22:00,480,1320,False,8:00am - 10:00pm
Sengkang,Northeast Medical Group (Sengkang),Thurs,08:00,22:00,480,1320,False,8:00am - 10:00pm
Sengkang,Northeast Medical Group (Sengkang),Fri,08:00,22:00,480,1320,False,8:00am - 10:00pm
Sengkang,Northeast Medical Group (Sengkang),Sat,08:00,22:00,480,1320,False,8:00am - 10:00pm
Sengkang,Northeast Medical Group (Sengkang),Sun,08:00,22:00,480,1320,False,8:00am - 10:00pm
Sengkang,Northeast Medical Group (Sengkang),PH,10:00,18:00,600,1080,False,10:00am - 6:00pm
Sengkang,OneCare Clinic (Fernvale),Mon,08:00,15:00,480,900,False,8:00am - 3:00pm
Sengkang,OneCare Clinic (Fernvale),Mon,17:30,21:30,1050,1290,False,5:30pm - 9:30pm
Sengkang,OneCare Clinic (Fernvale),Tues,08:00,15:00,480,900,False,8:00am - 3:00pm
Sengkang,OneCare Clinic (Fernvale),Tues,17:30,21:30,1050,1290,False,5:30pm - 9:30pm
Sengkang,OneCare Clinic (Fernvale),Wed,08:00,15:00,480,900,False,8:00am - 3:00pm
Sengkang,OneCare Clinic (Fernvale),Wed,17:30,21:30,1050,1290,False,5:30pm - 9:30pm
Sengkang,OneCare Clinic (Fernvale),Thurs,08:00,15:00,480,900,False,8:00am - 3:00pm
Sengkang,OneCare Clinic (Fernvale),Thurs,17:30,21:30,1050,1290,False,5:30pm - 9:30pm
Sengkang,OneCare Clinic (Fernvale),Fri,08:00,15:00,480,900,False,8:00am - 3:00pm
Sengkang,OneCare Clinic (Fernvale),Fri,17:30,21:30,1050,1290,False,5:30pm - 9:30pm
Sengkang,OneCare Clinic (Fernvale),Sat,08:00,13:00,480,780,False,8:00am - 1:00pm
Sengkang,OneCare Clinic (Fernvale),Sun,08:00,13:00,480,780,False,8:00am - 1:00pm
Sengkang,OneCare Clinic (Fernvale),Sun,18:00,21:30,1080,1290,False,6:00pm - 9:30pm
Sengkang,Our Fernvale Family Clinic,Mon,08:00,13:00,480,780,False,8:00am - 1:00pm
Sengkang,Our Fernvale Family Clinic,Mon,17:30,21:00,1050,1260,False,5:30pm - 9:00pm
Sengkang,Our Fernvale Family Clinic,Tues,08:00,13:00,480,780,False,8:00am - 1:00pm
Sengkang,Our Fernvale Family Clinic,Tues,17:30,21:00,1050,1260,False,5:30pm - 9:00pm
Sengkang,Our Fernvale Family Clinic,Wed,08:00,13:00,480,780,False,8:00am - 1:00pm
Sengkang,Our Fernvale Family Clinic,Wed,17:30,21:00,1050,1260,False,5:30pm - 9:00pm
Sengkang,Our Fernvale Family Clinic,Thurs,08:00,13:00,480,780,False,8:00am - 1:00pm
Sengkang,Our Fernvale Family Clinic,Thurs,17:30,21:00,1050,1260,False,5:30pm - 9:00pm
Sengkang,Our Fernvale Family Clinic,Fri,08:00,13:00,480,780,False,8:00am - 1:00pm
Sengkang,Our Fernvale Family Clinic,Fri,17:30,21:00,1050,1260,False,5:30pm - 9:00pm
Sengkang,Our Fernvale Family Clinic,Sat,15:00,18:00,900,1080,False,3:00pm - 6:00pm
Sengkang,Our Fernvale Family Clinic,Sun,08:00,13:00,480,780,False,8:00am - 1:00pm
Sengkang,Our Fernvale Family Clinic,Sun,17:30,21:00,1050,1260,False,5:30pm - 9:00pm
Sengkang,Pinnacle Family,Mon,08:00,13:00,480,780,False,8:00am - 1:00pm
Sengkang,Clinic (Sengkang),Tues,08:00,13:00,480,780,False,8:00am - 1:00pm
Sengkang,Clinic (Sengkang),Tues,14:00,16:30,840,990,False,2:00pm - 4:30pm
Sengkang,Clinic (Sengkang),Tues,18:00,21:00,1080,1260,False,6:00pm - 9:00pm
Sengkang,Clinic (Sengkang),Wed,08:00,13:00,480,780,False,8:00am - 1:00pm
Sengkang,Clinic (Sengkang),Wed,14:00,16:30,840,990,False,2:00pm - 4:30pm
Sengkang,Clinic (Sengkang),Wed,18:00,21:00,1080,1260,False,6:00pm - 9:00pm
Sengkang,Clinic (Sengkang),Thurs,08:00,13:00,480,780,False,8:00am - 1:00pm
Sengkang,Clinic (Sengkang),Thurs,14:00,16:30,840,990,False,2:00pm - 4:30pm
Sengkang,Clinic (Sengkang),Thurs,18:00,21:00,1080,1260,False,6:00pm - 9:00pm
Sengkang,Clinic (Sengkang),Fri,08:00,13:00,480,780,False,8:00am - 1:00pm
Sengkang,Clinic (Sengkang),Fri,14:00,16:30,840,990,False,2:00pm - 4:30pm
Sengkang,Clinic (Sengkang),Sat,09:00,13:00,540,780,False,9:00am - 1:00pm
Sengkang,Clinic (Sengkang),Sun,09:00,13:00,540,780,False,9:00am - 1:00pm
Sengkang,ProHealth Medical Group @ Buangkok,Mon,08:00,22:00,480,1320,False,8:00am - 10:00pm
Sengkang,ProHealth Medical Group @ Buangkok,Tues,08:00,22:00,480,1320,False,8:00am - 10:00pm
Sengkang,ProHealth Medical Group @ Buangkok,Wed,08:00,22:00,480,1320,False,8:00am - 10:00pm
Sengkang,ProHealth Medical Group @ Buangkok,Thurs,08:00,22:00,480,1320,False,8:00am - 10:00pm
Sengkang,ProHealth Medical Group @ Buangkok,Fri,08:00,22:00,480,1320,False,8:00am - 10:00pm
Sengkang,ProHealth Medical Group @ Buangkok,Sat,08:00,22:00,480,1320,False,8:00am - 10:00pm
Sengkang,ProHealth Medical Group @ Buangkok,Sun,08:00,22:00,480,1320,False,8:00am - 10:00pm
Sengkang,ProHealth Medical Group @ Buangkok,PH,09:00,22:00,540,1320,False,9:00am - 10:00pm
Sengkang,ProHealth Medical Group @ Fernvale,Mon,08:00,22:00,480,1320,False,8:00am - 10:00pm
Sengkang,ProHealth Medical Group @ Fernvale,Tues,08:00,22:00,480,1320,False,8:00am - 10:00pm
Sengkang,ProHealth Medical Group @ Fernvale,Wed,08:00,22:00,480,1320,False,8:00am - 10:00pm
Sengkang,ProHealth Medical Group @ Fernvale,Thurs,08:00,22:00,480,1320,False,8:00am - 10:00pm
Sengkang,ProHealth Medical Group @ Fernvale,Fri,08:00,22:00,480,1320,False,8:00am - 10:00pm
Sengkang,ProHealth Medical Group @ Fernvale,Sat,08:00,22:00,480,1320,False,8:00am - 10:00pm
Sengkang,ProHealth Medical Group @ Fernvale,Sun,08:00,22:00,480,1320,False,8:00am - 10:00pm
Sengkang,ProHealth Medical Group @ Fernvale,PH,09:00,22:00,540,1320,False,9:00am - 10:00pm
Sengkang,ProHealth Medical Group @ LRT Fernvale,Sat,08:00,15:00,480,900,False,8:00am - 3:00pm
Sengkang,ProHealth Medical Group @ LRT Fernvale,Sun,08:00,22:00,480,1320,False,8:00am - 10:00pm
Sengkang,RCMC Rivervale Crescent Medical Centre,Mon,09:00,14:00,540,840,False,9:00am - 2:00pm
Sengkang,RCMC Rivervale Crescent Medical Centre,Mon,18:30,21:30,1110,1290,False,6:30pm - 9:30pm
Sengkang,RCMC Rivervale Crescent Medical Centre,Tues,09:00,14:00,540,840,False,9:00am - 2:00pm
Sengkang,RCMC Rivervale Crescent Medical Centre,Tues,18:30,21:30,1110,1290,False,6:30pm - 9:30pm
Sengkang,RCMC Rivervale Crescent Medical Centre,Wed,09:00,14:00,540,840,False,9:00am - 2:00pm
Sengkang,RCMC Rivervale Crescent Medical Centre,Wed,18:30,21:30,1110,1290,False,6:30pm - 9:30pm
Sengkang,RCMC Rivervale Crescent Medical Centre,Thurs,09:00,14:00,540,840,False,9:00am - 2:00pm
Sengkang,RCMC Rivervale Crescent Medical Centre,Thurs,18:30,21:30,1110,1290,False,6:30pm - 9:30pm
Sengkang,RCMC Rivervale Crescent Medical Centre,Fri,09:00,14:00,540,840,False,9:00am - 2:00pm
Sengkang,RCMC Rivervale Crescent Medical Centre,Sat,09:00,13:00,540,780,False,9:00am - 1:00pm
Sengkang,RCMC Rivervale Crescent Medical Centre,Sun,09:00,12:00,540,720,False,9:00am - 12:00pm
Sengkang,SATA CommHealth Community Hub (Sengkang),Mon,08:30,12:30,510,750,False,8:30am - 12:30pm
Sengkang,SATA CommHealth Community Hub (Sengkang),Mon,13:30,17:00,810,1020,False,1:30pm - 5:00pm
Sengkang,SATA CommHealth Community Hub (Sengkang),Tues,08:30,12:30,510,750,False,8:30am - 12:30pm
Sengkang,SATA CommHealth Community Hub (Sengkang),Tues,13:30,17:00,810,1020,False,1:30pm - 5:00pm
Sengkang,SATA CommHealth Community Hub (Sengkang),Wed,08:30,12:30,510,750,False,8:30am - 12:30pm
Sengkang,SATA CommHealth Community Hub (Sengkang),Wed,13:30,17:00,810,1020,False,1:30pm - 5:00pm
Sengkang,SATA CommHealth Community Hub (Sengkang),Thurs,08:30,12:30,510,750,False,8:30am - 12:30pm
Sengkang,SATA CommHealth Community Hub (Sengkang),Thurs,13:30,17:00,810,1020,False,1:30pm - 5:00pm
Sengkang,SATA CommHealth Community Hub (Sengkang),Fri,08:30,12:30,510,750,False,8:30am - 12:30pm
Sengkang,SATA CommHealth Community Hub (Sengkang),Fri,13:30,17:00,810,1020,False,1:30pm - 5:00pm
Sengkang,SATA CommHealth Community Hub (Sengkang),Sat,08:30,13:00,510,780,False,8:30am - 1:00pm
Sengkang,Shenton Medical (Buangkok),Mon,08:30,13:00,510,780,False,8:30am - 1:00pm
Sengkang,Shenton Medical (Buangkok),Mon,14:00,17:30,840,1050,False,2:00pm - 5:30pm
Sengkang,Shenton Medical (Buangkok),Mon,18:30,21:00,1110,1260,False,6:30pm - 9:00pm
Sengkang,Shenton Medical (Buangkok),Tues,08:30,13:00,510,780,False,8:30am - 1:00pm
Sengkang,Shenton Medical (Buangkok),Tues,14:00,17:30,840,1050,False,2:00pm - 5:30pm
Sengkang,Shenton Medical (Buangkok),Tues,18:30,21:00,1110,1260,False,6:30pm - 9:00pm
Sengkang,Shenton Medical (Buangkok),Wed,08:30,13:00,510,780,False,8:30am - 1:00pm
Sengkang,Shenton Medical (Buangkok),Wed,14:00,17:30,840,1050,False,2:00pm - 5:30pm
Sengkang,Shenton Medical (Buangkok),Wed,18:30,21:00,1110,1260,False,6:30pm - 9:00pm
Sengkang,Shenton Medical (Buangkok),Thurs,08:30,13:00,510,780,False,8:30am - 1:00pm
Sengkang,Shenton Medical (Buangkok),Thurs,14:00,17:30,840,1050,False,2:00pm - 5:30pm
Sengkang,Shenton Medical (Buangkok),Thurs,18:30,21:00,1110,1260,False,6:30pm - 9:00pm
Sengkang,Shenton Medical (Buangkok),Fri,08:30,13:00,510,780,False,8:30am - 1:00pm
Sengkang,Shenton Medical (Buangkok),Fri,14:00,17:30,840,1050,False,2:00pm - 5:30pm
Sengkang,Shenton Medical (Buangkok),Sat,08:30,12:30,510,750,False,8:30am - 12:30pm
Sengkang,Shenton Medical (Buangkok),Sun,08:30,12:30,510,750,False,8:30am - 12:30pm
Sengkang,Sunbeam Medical Clinic,Mon,08:30,13:00,510,780,False,8:30am - 1:00pm
Sengkang,Sunbeam Medical Clinic,Mon,18:30,21:30,1110,1290,False,6:30pm - 9:30pm
Sengkang,Sunbeam Medical Clinic,Tues,08:30,13:00,510,780,False,8:30am - 1:00pm
Sengkang,Sunbeam Medical Clinic,Tues,18:30,21:30,1110,1290,False,6:30pm - 9:30pm
Sengkang,Sunbeam Medical Clinic,Wed,08:30,13:00,510,780,False,8:30am - 1:00pm
Sengkang,Sunbeam Medical Clinic,Wed,18:30,21:30,1110,1290,False,6:30pm - 9:30pm
Sengkang,Sunbeam Medical Clinic,Thurs,08:30,13:00,510,780,False,8:30am - 1:00pm
Sengkang,Sunbeam Medical Clinic,Thurs,18:30,21:30,1110,1290,False,6:30pm - 9:30pm
Sengkang,Sunbeam Medical Clinic,Fri,08:30,13:00,510,780,False,8:30am - 1:00pm
Sengkang,Sunbeam Medical Clinic,Fri,18:30,21:30,1110,1290,False,6:30pm - 9:30pm
Sengkang,Sunbeam Medical Clinic,Sat,08:30,12:30,510,750,False,8:30am - 12:30pm
Sengkang,Sunbeam Medical Clinic,Sun,08:30,12:30,510,750,False,8:30am - 12:30pm
Sengkang,Suncare Medical Clinic (Sengkang West),Mon,08:30,13:30,510,810,False,8:30am - 1:30pm
Sengkang,Suncare Medical Clinic (Sengkang West),Mon,16:30,19:30,990,1170,False,4:30pm - 7:30pm
Sengkang,Suncare Medical Clinic (Sengkang West),Tues,08:30,13:30,510,810,False,8:30am - 1:30pm
Sengkang,Suncare Medical Clinic (Sengkang West),Tues,16:30,19:30,990,1170,False,4:30pm - 7:30pm
Sengkang,Suncare Medical Clinic (Sengkang West),Wed,08:30,13:30,510,810,False,8:30am - 1:30pm
Sengkang,Suncare Medical Clinic (Sengkang West),Wed,16:30,19:30,990,1170,False,4:30pm - 7:30pm
Sengkang,Suncare Medical Clinic (Sengkang West),Thurs,08:30,13:30,510,810,False,8:30am - 1:30pm
Sengkang,Suncare Medical Clinic (Sengkang West),Thurs,16:30,19:30,990,1170,False,4:30pm - 7:30pm
Sengkang,Suncare Medical Clinic (Sengkang West),Fri,08:30,13:30,510,810,False,8:30am - 1:30pm
Sengkang,Suncare Medical Clinic (Sengkang West),Sat,09:00,12:00,540,720,False,9:00am - 12:00pm
Sengkang,Suncare Medical Clinic (Sengkang West),Sun,09:00,12:00,540,720,False,9:00am - 12:00pm
Serangoon,Claremont Medical Clinic @ Serangoon,Mon,08:30,20:30,510,1230,False,8:30am - 8:30pm
Serangoon,Claremont Medical Clinic @ Serangoon,Mon,08:30,17:30,510,1050,False,8:30am - 5:30pm
Serangoon,Claremont Medical Clinic @ Serangoon,Wed,08:30,12:30,510,750,False,8:30am - 12:30pm
Serangoon,Claremont Medical Clinic @ Serangoon,Thurs,08:30,12:30,510,750,False,8:30am - 12:30pm
Serangoon,Cornerstone Medical Bidadari,Mon,09:00,15:00,540,900,False,9:00am - 3:00pm
Serangoon,Cornerstone Medical Bidadari,Tues,09:00,15:00,540,900,False,9:00am - 3:00pm
Serangoon,Cornerstone Medical Bidadari,Wed,09:00,15:00,540,900,False,9:00am - 3:00pm
Serangoon,Cornerstone Medical Bidadari,Thurs,09:00,15:00,540,900,False,9:00am - 3:00pm
Serangoon,Cornerstone Medical Bidadari,Fri,09:00,15:00,540,900,False,9:00am - 3:00pm
Serangoon,Cornerstone Medical Bidadari,Sat,09:00,13:00,540,780,False,9:00am - 1:00pm
Serangoon,DA Clinic @ Potong Pasir,Mon,08:30,12:00,510,720,False,8:30am - 12:00pm
Serangoon,DA Clinic @ Potong Pasir,Mon,13:00,16:00,780,960,False,1:00pm - 4:00pm
Serangoon,DA Clinic @ Potong Pasir,Mon,18:00,21:00,1080,1260,False,6:00pm - 9:00pm
Serangoon,DA Clinic @ Potong Pasir,Tues,08:30,12:00,510,720,False,8:30am - 12:00pm
Serangoon,DA Clinic @ Potong Pasir,Tues,13:00,16:00,780,960,False,1:00pm - 4:00pm
Serangoon,DA Clinic @ Potong Pasir,Tues,18:00,21:00,1080,1260,False,6:00pm - 9:00pm
Serangoon,DA Clinic @ Potong Pasir,Wed,08:30,12:00,510,720,False,8:30am - 12:00pm
Serangoon,DA Clinic @ Potong Pasir,Wed,13:00,16:00,780,960,False,1:00pm - 4:00pm
Serangoon,DA Clinic @ Potong Pasir,Wed,18:00,21:00,1080,1260,False,6:00pm - 9:00pm
Serangoon,DA Clinic @ Potong Pasir,Thurs,08:30,12:00,510,720,False,8:30am - 12:00pm
Serangoon,DA Clinic @ Potong Pasir,Thurs,13:00,16:00,780,960,False,1:00pm - 4:00pm
Serangoon,DA Clinic @ Potong Pasir,Thurs,18:00,21:00,1080,1260,False,6:00pm - 9:00pm
Serangoon,DA Clinic @ Potong Pasir,Fri,08:30,12:00,510,720,False,8:30am - 12:00pm
Serangoon,DA Clinic @ Potong Pasir,Fri,13:00,16:00,780,960,False,1:00pm - 4:00pm
Serangoon,DA Clinic @ Potong Pasir,Fri,18:00,21:00,1080,1260,False,6:00pm - 9:00pm
Serangoon,DA Clinic @ Potong Pasir,Sat,08:30,12:00,510,720,False,8:30am - 12:00pm
Serangoon,DA Clinic @ Potong Pasir,Sun,08:30,12:00,510,720,False,8:30am - 12:00pm
Serangoon,GoClinic Serangoon,Mon,08:30,15:00,510,900,False,8:30am - 3:00pm
Serangoon,GoClinic Serangoon,Tues,08:30,15:00,510,900,False,8:30am - 3:00pm
Serangoon,GoClinic Serangoon,Wed,08:30,15:00,510,900,False,8:30am - 3:00pm
Serangoon,GoClinic Serangoon,Thurs,18:00,21:00,1080,1260,False,6:00pm - 9:00pm
Serangoon,GoClinic Serangoon,Fri,08:30,15:00,510,900,False,8:30am - 3:00pm
Serangoon,GoClinic Serangoon,Sat,08:30,12:30,510,750,False,8:30am - 12:30pm
Serangoon,Healthwerkz Medical Center @ Centrium,Mon,09:00,18:00,540,1080,False,9:00am - 6:00pm
Serangoon,Healthwerkz Medical Center @ Centrium,Tues,09:00,18:00,540,1080,False,9:00am - 6:00pm
Serangoon,Healthwerkz Medical Center @ Centrium,Wed,09:00,18:00,540,1080,False,9:00am - 6:00pm
Serangoon,Healthwerkz Medical Center @ Centrium,Thurs,09:00,18:00,540,1080,False,9:00am - 6:00pm
Serangoon,Healthwerkz Medical Center @ Centrium,Fri,09:00,18:00,540,1080,False,9:00am - 6:00pm
Serangoon,Healthwerkz Medical Center @ Centrium,Sat,09:00,13:00,540,780,False,9:00am - 1:00pm
Serangoon,Intemedical,Mon,08:00,22:00,480,1320,False,8:00am - 10:00pm
Serangoon,Intemedical,Tues,08:00,22:00,480,1320,False,8:00am - 10:00pm
Serangoon,Intemedical,Wed,08:00,22:00,480,1320,False,8:00am - 10:00pm
Serangoon,Intemedical,Thurs,08:00,22:00,480,1320,False,8:00am - 10:00pm
Serangoon,Intemedical,Fri,08:00,22:00,480,1320,False,8:00am - 10:00pm
Serangoon,Intemedical,Sat,08:00,22:00,480,1320,False,8:00am - 10:00pm
Serangoon,Intemedical,Sun,08:00,22:00,480,1320,False,8:00am - 10:00pm
Serangoon,Potong Pasir,PH,08:00,22:00,480,1320,False,8:00am - 10:00pm
Serangoon,International Medical Clinic (Serangoon Garden),Mon,09:00,17:30,540,1050,False,9:00am - 5:30pm
Serangoon,International Medical Clinic (Serangoon Garden),Tues,09:00,17:30,540,1050,False,9:00am - 5:30pm
Serangoon,International Medical Clinic (Serangoon Garden),Wed,09:00,17:30,540,1050,False,9:00am - 5:30pm
Serangoon,International Medical Clinic (Serangoon Garden),Thurs,09:00,17:30,540,1050,False,9:00am - 5:30pm
Serangoon,International Medical Clinic (Serangoon Garden),Fri,09:00,17:30,540,1050,False,9:00am - 5:30pm
Serangoon,International Medical Clinic (Serangoon Garden),Sat,09:00,13:00,540,780,False,9:00am - 1:00pm
Serangoon,Medical,Mon,09:00,21:00,540,1260,False,9:00am - 9:00pm
Serangoon,Keystone Clinic & Surgery (Serangoon),Mon,08:00,20:00,480,1200,False,8:00am - 8:00pm
Serangoon,Keystone Clinic & Surgery (Serangoon),Tues,08:00,20:00,480,1200,False,8:00am - 8:00pm
Serangoon,Keystone Clinic & Surgery (Serangoon),Wed,08:00,20:00,480,1200,False,8:00am - 8:00pm
Serangoon,Keystone Clinic & Surgery (Serangoon),Thurs,08:00,20:00,480,1200,False,8:00am - 8:00pm
Serangoon,Keystone Clinic & Surgery (Serangoon),Fri,08:00,20:00,480,1200,False,8:00am - 8:00pm
Serangoon,Keystone Clinic & Surgery (Serangoon),Sat,08:00,20:00,480,1200,False,8:00am - 8:00pm
Serangoon,Keystone Clinic & Surgery (Serangoon),Sun,08:00,20:00,480,1200,False,8:00am - 8:00pm
Serangoon,Keystone Clinic & Surgery (Serangoon),PH,08:00,20:00,480,1200,False,8:00am - 8:00pm
Serangoon,Mediline Wei Min Clinic (Serangoon Gardens),Mon,08:00,14:00,480,840,False,8:00am - 2:00pm
Serangoon,Mediline Wei Min Clinic (Serangoon Gardens),Mon,15:00,19:00,900,1140,False,3:00pm - 7:00pm
Serangoon,Mediline Wei Min Clinic (Serangoon Gardens),Tues,08:00,14:00,480,840,False,8:00am - 2:00pm
Serangoon,Mediline Wei Min Clinic (Serangoon Gardens),Tues,15:00,19:00,900,1140,False,3:00pm - 7:00pm
Serangoon,Mediline Wei Min Clinic (Serangoon Gardens),Wed,08:00,14:00,480,840,False,8:00am - 2:00pm
Serangoon,Mediline Wei Min Clinic (Serangoon Gardens),Wed,15:00,19:00,900,1140,False,3:00pm - 7:00pm
Serangoon,Mediline Wei Min Clinic (Serangoon Gardens),Thurs,08:00,14:00,480,840,False,8:00am - 2:00pm
Serangoon,Mediline Wei Min Clinic (Serangoon Gardens),Thurs,15:00,19:00,900,1140,False,3:00pm - 7:00pm
Serangoon,Mediline Wei Min Clinic (Serangoon Gardens),Fri,08:00,14:00,480,840,False,8:00am - 2:00pm
Serangoon,Mediline Wei Min Clinic (Serangoon Gardens),Fri,15:00,18:00,900,1080,False,3:00pm - 6:00pm
Serangoon,Mediline Wei Min Clinic (Serangoon Gardens),Sat,08:00,14:00,480,840,False,8:00am - 2:00pm
Serangoon,Mediline Wei Min Clinic (Serangoon Gardens),Sat,15:00,18:00,900,1080,False,3:00pm - 6:00pm
Serangoon,Mediline Wei Min Clinic (Serangoon Gardens),Sun,08:00,14:00,480,840,False,8:00am - 2:00pm
Serangoon,Mediline Wei Min Clinic (Serangoon Gardens),Sun,15:00,18:00,900,1080,False,3:00pm - 6:00pm
Serangoon,Mediline Wei Min Clinic (Serangoon Gardens),PH,08:00,14:00,480,840,False,8:00am - 2:00pm
Serangoon,Mediline Wei Min Clinic (Serangoon Gardens),PH,15:00,18:00,900,1080,False,3:00pm - 6:00pm
Serangoon,Medivine Family Clinic,Mon,08:30,13:00,510,780,False,8:30am - 1:00pm
Serangoon,Medivine Family Clinic,Mon,14:00,16:30,840,990,False,2:00pm - 4:30pm
Serangoon,Medivine Family Clinic,Mon,19:00,21:00,1140,1260,False,7:00pm - 9:00pm
Serangoon,Medivine Family Clinic,Tues,08:30,13:00,510,780,False,8:30am - 1:00pm
Serangoon,Medivine Family Clinic,Tues,14:00,16:30,840,990,False,2:00pm - 4:30pm
Serangoon,Medivine Family Clinic,Tues,19:00,21:00,1140,1260,False,7:00pm - 9:00pm
Serangoon,Medivine Family Clinic,Wed,08:30,13:00,510,780,False,8:30am - 1:00pm
Serangoon,Medivine Family Clinic,Wed,14:00,16:30,840,990,False,2:00pm - 4:30pm
Serangoon,Medivine Family Clinic,Wed,19:00,21:00,1140,1260,False,7:00pm - 9:00pm
Serangoon,Medivine Family Clinic,Thurs,08:30,13:00,510,780,False,8:30am - 1:00pm
Serangoon,Medivine Family Clinic,Thurs,14:00,16:30,840,990,False,2:00pm - 4:30pm
Serangoon,Medivine Family Clinic,Thurs,19:00,21:00,1140,1260,False,7:00pm - 9:00pm
Serangoon,Medivine Family Clinic,Fri,08:30,13:00,510,780,False,8:30am - 1:00pm
Serangoon,Medivine Family Clinic,Fri,14:00,16:30,840,990,False,2:00pm - 4:30pm
Serangoon,Medivine Family Clinic,Fri,19:00,21:00,1140,1260,False,7:00pm - 9:00pm
Serangoon,Medivine Family Clinic,Sat,08:30,13:00,510,780,False,8:30am - 1:00pm
Serangoon,Medivine Family Clinic,Sun,14:00,16:00,840,960,False,2:00pm - 4:00pm
Serangoon,OneDoctors Medical Centre (Serangoon Nex),Mon,09:00,21:00,540,1260,False,9:00am - 9:00pm
Serangoon,OneDoctors Medical Centre (Serangoon Nex),Tues,09:00,21:00,540,1260,False,9:00am - 9:00pm
Serangoon,OneDoctors Medical Centre (Serangoon Nex),Wed,09:00,21:00,540,1260,False,9:00am - 9:00pm
Serangoon,OneDoctors Medical Centre (Serangoon Nex),Thurs,09:00,18:00,540,1080,False,9:00am - 6:00pm
Serangoon,OneDoctors Medical Centre (Serangoon Nex),Fri,09:00,18:00,540,1080,False,9:00am - 6:00pm
Serangoon,OneDoctors Medical Centre (Serangoon Nex),Sat,09:00,21:00,540,1260,False,9:00am - 9:00pm
Serangoon,OneDoctors Medical Centre (Serangoon Nex),Sun,09:00,18:00,540,1080,False,9:00am - 6:00pm
Serangoon,OneDoctors Medical Centre (Serangoon Nex),PH,13:00,18:00,780,1080,False,1:00pm - 6:00pm
Serangoon,Pancare Medical (Serangoon),Mon,08:00,13:00,480,780,False,8:00am - 1:00pm
Serangoon,Pancare Medical (Serangoon),Mon,14:00,17:00,840,1020,False,2:00pm - 5:00pm
Serangoon,Pancare Medical (Serangoon),Mon,18:00,21:00,1080,1260,False,6:00pm - 9:00pm
Serangoon,Pancare Medical (Serangoon),Tues,08:00,13:00,480,780,False,8:00am - 1:00pm
Serangoon,Pancare Medical (Serangoon),Wed,08:00,13:00,480,780,False,8:00am - 1:00pm
Serangoon,Pancare Medical (Serangoon),Thurs,08:00,13:00,480,780,False,8:00am - 1:00pm
Serangoon,Pancare Medical (Serangoon),Thurs,14:00,17:00,840,1020,False,2:00pm - 5:00pm
Serangoon,Pancare Medical (Serangoon),Thurs,18:00,21:00,1080,1260,False,6:00pm - 9:00pm
Serangoon,Pancare Medical (Serangoon),Fri,14:00,17:00,840,1020,False,2:00pm - 5:00pm
Serangoon,Pancare Medical (Serangoon),Sat,08:00,13:00,480,780,False,8:00am - 1:00pm
Serangoon,Pancare Medical (Serangoon),Sun,14:00,20:00,840,1200,False,2:00pm - 8:00pm
Serangoon,Parkway MediCentre (The Woodleigh Mall),Mon,08:00,12:00,480,720,False,8:00am - 12:00pm
Serangoon,Parkway MediCentre (The Woodleigh Mall),Mon,13:00,17:00,780,1020,False,1:00pm - 5:00pm
Serangoon,Parkway MediCentre (The Woodleigh Mall),Mon,18:00,21:30,1080,1290,False,6:00pm - 9:30pm
Serangoon,Parkway MediCentre (The Woodleigh Mall),Tues,08:00,12:00,480,720,False,8:00am - 12:00pm
Serangoon,Parkway MediCentre (The Woodleigh Mall),Tues,13:00,17:00,780,1020,False,1:00pm - 5:00pm
Serangoon,Parkway MediCentre (The Woodleigh Mall),Tues,18:00,21:30,1080,1290,False,6:00pm - 9:30pm
Serangoon,Parkway MediCentre (The Woodleigh Mall),Wed,08:00,12:00,480,720,False,8:00am - 12:00pm
Serangoon,Parkway MediCentre (The Woodleigh Mall),Wed,13:00,17:00,780,1020,False,1:00pm - 5:00pm
Serangoon,Parkway MediCentre (The Woodleigh Mall),Wed,18:00,21:30,1080,1290,False,6:00pm - 9:30pm
Serangoon,Parkway MediCentre (The Woodleigh Mall),Thurs,08:00,12:00,480,720,False,8:00am - 12:00pm
Serangoon,Parkway MediCentre (The Woodleigh Mall),Thurs,13:00,17:00,780,1020,False,1:00pm - 5:00pm
Serangoon,Parkway MediCentre (The Woodleigh Mall),Thurs,18:00,21:30,1080,1290,False,6:00pm - 9:30pm
Serangoon,Parkway MediCentre (The Woodleigh Mall),Fri,08:00,12:00,480,720,False,8:00am - 12:00pm
Serangoon,Parkway MediCentre (The Woodleigh Mall),Fri,13:00,17:00,780,1020,False,1:00pm - 5:00pm
Serangoon,Parkway MediCentre (The Woodleigh Mall),Fri,18:00,21:30,1080,1290,False,6:00pm - 9:30pm
Serangoon,Parkway MediCentre (The Woodleigh Mall),Sat,08:00,12:30,480,750,False,8:00am - 12:30pm
Serangoon,Parkway MediCentre (The Woodleigh Mall),Sat,14:00,17:00,840,1020,False,2:00pm - 5:00pm
Serangoon,Phoenix Medical Group (Potong Pasir),Mon,09:00,15:00,540,900,False,9:00am - 3:00pm
Serangoon,Phoenix Medical Group (Potong Pasir),Tues,09:00,15:00,540,900,False,9:00am - 3:00pm
Serangoon,Phoenix Medical Group (Potong Pasir),Wed,09:00,15:00,540,900,False,9:00am - 3:00pm
Serangoon,Phoenix Medical Group (Potong Pasir),Thurs,18:00,21:00,1080,1260,False,6:00pm - 9:00pm
Serangoon,Phoenix Medical Group (Potong Pasir),Fri,09:00,15:00,540,900,False,9:00am - 3:00pm
Serangoon,Phoenix Medical Group (Potong Pasir),Sat,09:00,13:00,540,780,False,9:00am - 1:00pm
Serangoon,Phoenix Medical Group (Seletar),Mon,09:00,20:30,540,1230,False,9:00am - 8:30pm
Serangoon,Phoenix Medical Group (Seletar),Tues,09:00,20:30,540,1230,False,9:00am - 8:30pm
Serangoon,Phoenix Medical Group (Seletar),Wed,09:00,20:30,540,1230,False,9:00am - 8:30pm
Serangoon,Phoenix Medical Group (Seletar),Thurs,09:00,20:30,540,1230,False,9:00am - 8:30pm
Serangoon,Phoenix Medical Group (Seletar),Fri,09:00,20:30,540,1230,False,9:00am - 8:30pm
Serangoon,Phoenix Medical Group (Seletar),Sat,09:00,20:30,540,1230,False,9:00am - 8:30pm
Serangoon,Phoenix Medical Group (Seletar),Sun,09:00,20:30,540,1230,False,9:00am - 8:30pm
Serangoon,Q & M Medical Family Clinic,Mon,08:00,13:00,480,780,False,8:00am - 1:00pm
Serangoon,Q & M Medical Family Clinic,Mon,14:00,17:00,840,1020,False,2:00pm - 5:00pm
Serangoon,Q & M Medical Family Clinic,Tues,08:00,13:00,480,780,False,8:00am - 1:00pm
Serangoon,Q & M Medical Family Clinic,Tues,14:00,17:00,840,1020,False,2:00pm - 5:00pm
Serangoon,Q & M Medical Family Clinic,Tues,18:00,21:30,1080,1290,False,6:00pm - 9:30pm
Serangoon,Q & M Medical Family Clinic,Wed,08:00,13:00,480,780,False,8:00am - 1:00pm
Serangoon,Q & M Medical Family Clinic,Wed,14:00,17:00,840,1020,False,2:00pm - 5:00pm
Serangoon,Q & M Medical Family Clinic,Thurs,08:00,13:00,480,780,False,8:00am - 1:00pm
Serangoon,Q & M Medical Family Clinic,Thurs,14:00,17:00,840,1020,False,2:00pm - 5:00pm
Serangoon,Q & M Medical Family Clinic,Thurs,18:00,21:30,1080,1290,False,6:00pm - 9:30pm
Serangoon,Q & M Medical Family Clinic,Fri,08:00,13:00,480,780,False,8:00am - 1:00pm
Serangoon,Q & M Medical Family Clinic,Fri,14:00,17:00,840,1020,False,2:00pm - 5:00pm
Serangoon,Q & M Medical Family Clinic,Sat,08:00,13:00,480,780,False,8:00am - 1:00pm
Serangoon,Redwood @ TPY Clinic and Surgery Pte Ltd,Mon,08:00,20:30,480,1230,False,8:00am - 8:30pm
Serangoon,Redwood @ TPY Clinic and Surgery Pte Ltd,Tues,08:00,18:30,480,1110,False,8:00am - 6:30pm
Serangoon,Redwood @ TPY Clinic and Surgery Pte Ltd,Wed,08:00,18:30,480,1110,False,8:00am - 6:30pm
Serangoon,Redwood @ TPY Clinic and Surgery Pte Ltd,Thurs,08:00,18:30,480,1110,False,8:00am - 6:30pm
Serangoon,Redwood @ TPY Clinic and Surgery Pte Ltd,Fri,08:00,18:30,480,1110,False,8:00am - 6:30pm
Serangoon,Redwood @ TPY Clinic and Surgery Pte Ltd,Sat,08:30,12:30,510,750,False,8:30am - 12:30pm
Serangoon,RiverSage Family Clinic,Mon,08:00,13:00,480,780,False,8:00am - 1:00pm
Serangoon,RiverSage Family Clinic,Mon,18:00,21:30,1080,1290,False,6:00pm - 9:30pm
Serangoon,RiverSage Family Clinic,Mon,08:00,12:00,480,720,False,8:00am - 12:00pm
Serangoon,RiverSage Family Clinic,Tues,08:00,13:00,480,780,False,8:00am - 1:00pm
Serangoon,RiverSage Family Clinic,Tues,18:00,21:30,1080,1290,False,6:00pm - 9:30pm
Serangoon,RiverSage Family Clinic,Tues,08:00,12:00,480,720,False,8:00am - 12:00pm
Serangoon,RiverSage Family Clinic,Wed,08:00,13:00,480,780,False,8:00am - 1:00pm
Serangoon,RiverSage Family Clinic,Wed,18:00,21:30,1080,1290,False,6:00pm - 9:30pm
Serangoon,RiverSage Family Clinic,Wed,08:00,12:00,480,720,False,8:00am - 12:00pm
Serangoon,RiverSage Family Clinic,Thurs,08:00,13:00,480,780,False,8:00am - 1:00pm
Serangoon,RiverSage Family Clinic,Thurs,18:00,21:30,1080,1290,False,6:00pm - 9:30pm
Serangoon,RiverSage Family Clinic,Thurs,08:00,12:00,480,720,False,8:00am - 12:00pm
Serangoon,RiverSage Family Clinic,Fri,08:00,13:00,480,780,False,8:00am - 1:00pm
Serangoon,RiverSage Family Clinic,Fri,18:00,21:30,1080,1290,False,6:00pm - 9:30pm
Serangoon,RiverSage Family Clinic,Fri,08:00,12:00,480,720,False,8:00am - 12:00pm
Serangoon,G Clinic Family Practice,Mon,09:00,12:30,540,750,False,9:00am - 12:30pm
Serangoon,G Clinic Family Practice,Mon,14:00,16:30,840,990,False,2:00pm - 4:30pm
Serangoon,G Clinic Family Practice,Mon,18:30,20:30,1110,1230,False,6:30pm - 8:30pm
Serangoon,G Clinic Family Practice,Tues,09:00,12:30,540,750,False,9:00am - 12:30pm
Serangoon,G Clinic Family Practice,Tues,14:00,16:30,840,990,False,2:00pm - 4:30pm
Serangoon,G Clinic Family Practice,Tues,18:30,20:30,1110,1230,False,6:30pm - 8:30pm
Serangoon,G Clinic Family Practice,Wed,09:00,12:30,540,750,False,9:00am - 12:30pm
Serangoon,G Clinic Family Practice,Wed,14:00,16:30,840,990,False,2:00pm - 4:30pm
Serangoon,G Clinic Family Practice,Wed,18:30,20:30,1110,1230,False,6:30pm - 8:30pm
Serangoon,G Clinic Family Practice,Thurs,09:00,12:30,540,750,False,9:00am - 12:30pm
Serangoon,G Clinic Family Practice,Thurs,14:00,16:30,840,990,False,2:00pm - 4:30pm
Serangoon,G Clinic Family Practice,Thurs,18:30,20:30,1110,1230,False,6:30pm - 8:30pm
Serangoon,G Clinic Family Practice,Fri,09:00,12:30,540,750,False,9:00am - 12:30pm
Serangoon,G Clinic Family Practice,Fri,14:00,16:30,840,990,False,2:00pm - 4:30pm
Serangoon,G Clinic Family Practice,Fri,18:30,20:30,1110,1230,False,6:30pm - 8:30pm
Serangoon,G Clinic Family Practice,Sat,09:00,12:30,540,750,False,9:00am - 12:30pm
Serangoon,G Clinic Family Practice,Sun,09:00,12:30,540,750,False,9:00am - 12:30pm
Serangoon,G Clinic Family Practice,PH,09:00,12:30,540,750,False,9:00am - 12:30pm
Serangoon,Solara Medical,Mon,08:30,13:00,510,780,False,8:30am - 1:00pm
Serangoon,Solara Medical,Tues,08:30,13:00,510,780,False,8:30am - 1:00pm
Serangoon,Solara Medical,Sun,18:00,22:00,1080,1320,False,6:00pm - 10:00pm
Serangoon,Sterling Clinic and Surgery,Mon,09:00,12:30,540,750,False,9:00am - 12:30pm
Serangoon,Sterling Clinic and Surgery,Mon,14:00,16:30,840,990,False,2:00pm - 4:30pm
Serangoon,Sterling Clinic and Surgery,Tues,09:00,12:30,540,750,False,9:00am - 12:30pm
Serangoon,Sterling Clinic and Surgery,Tues,14:00,16:30,840,990,False,2:00pm - 4:30pm
Serangoon,Sterling Clinic and Surgery,Wed,09:00,12:30,540,750,False,9:00am - 12:30pm
Serangoon,Sterling Clinic and Surgery,Wed,14:00,16:30,840,990,False,2:00pm - 4:30pm
Serangoon,Sterling Clinic and Surgery,Thurs,09:00,12:30,540,750,False,9:00am - 12:30pm
Serangoon,Sterling Clinic and Surgery,Thurs,14:00,16:30,840,990,False,2:00pm - 4:30pm
Serangoon,Sterling Clinic and Surgery,Fri,09:00,12:30,540,750,False,9:00am - 12:30pm
Serangoon,Sterling Clinic and Surgery,Fri,14:00,16:30,840,990,False,2:00pm - 4:30pm
Serangoon,Sterling Clinic and Surgery,Sat,09:00,12:30,540,750,False,9:00am - 12:30pm
Serangoon,Sterling Clinic and Surgery,Sun,09:00,12:30,540,750,False,9:00am - 12:30pm
Serangoon,Union Medical Clinic & Surgery (Serangoon North),Mon,08:30,12:30,510,750,False,8:30am - 12:30pm
Serangoon,Union Medical Clinic & Surgery (Serangoon North),Mon,14:00,16:30,840,990,False,2:00pm - 4:30pm
Serangoon,Union Medical Clinic & Surgery (Serangoon North),Mon,18:30,20:30,1110,1230,False,6:30pm - 8:30pm
Serangoon,Union Medical Clinic & Surgery (Serangoon North),Tues,08:30,12:30,510,750,False,8:30am - 12:30pm
Serangoon,Union Medical Clinic & Surgery (Serangoon North),Tues,14:00,16:30,840,990,False,2:00pm - 4:30pm
Serangoon,Union Medical Clinic & Surgery (Serangoon North),Tues,18:30,20:30,1110,1230,False,6:30pm - 8:30pm
Serangoon,Union Medical Clinic & Surgery (Serangoon North),Wed,08:30,12:30,510,750,False,8:30am - 12:30pm
Serangoon,Union Medical Clinic & Surgery (Serangoon North),Wed,14:00,16:30,840,990,False,2:00pm - 4:30pm
Serangoon,Union Medical Clinic & Surgery (Serangoon North),Wed,18:30,20:30,1110,1230,False,6:30pm - 8:30pm
Serangoon,Union Medical Clinic & Surgery (Serangoon North),Thurs,08:30,12:30,510,750,False,8:30am - 12:30pm
Serangoon,Union Medical Clinic & Surgery (Serangoon North),Thurs,14:00,16:30,840,990,False,2:00pm - 4:30pm
Serangoon,Union Medical Clinic & Surgery (Serangoon North),Thurs,18:30,20:30,1110,1230,False,6:30pm - 8:30pm
Serangoon,Union Medical Clinic & Surgery (Serangoon North),Fri,08:30,12:30,510,750,False,8:30am - 12:30pm
Serangoon,Union Medical Clinic & Surgery (Serangoon North),Fri,14:00,16:30,840,990,False,2:00pm - 4:30pm
Serangoon,Union Medical Clinic & Surgery (Serangoon North),Fri,18:30,20:30,1110,1230,False,6:30pm - 8:30pm
Serangoon,Union Medical Clinic & Surgery (Serangoon North),Sat,08:30,12:30,510,750,False,8:30am - 12:30pm
Serangoon,Union Medical Clinic & Surgery (Serangoon North),Sun,09:00,12:00,540,720,False,9:00am - 12:00pm
Serangoon,Woodleigh Care Family Clinic,Mon,08:00,13:00,480,780,False,8:00am - 1:00pm
Serangoon,Woodleigh Care Family Clinic,Mon,14:00,17:00,840,1020,False,2:00pm - 5:00pm
Serangoon,Woodleigh Care Family Clinic,Mon,18:00,21:00,1080,1260,False,6:00pm - 9:00pm
Serangoon,Woodleigh Care Family Clinic,Mon,08:00,13:00,480,780,False,8:00am - 1:00pm
Serangoon,Woodleigh Care Family Clinic,Mon,14:00,17:00,840,1020,False,2:00pm - 5:00pm
Serangoon,Woodleigh Care Family Clinic,Tues,08:00,13:00,480,780,False,8:00am - 1:00pm
Serangoon,Woodleigh Care Family Clinic,Tues,14:00,17:00,840,1020,False,2:00pm - 5:00pm
Serangoon,Woodleigh Care Family Clinic,Tues,18:00,21:00,1080,1260,False,6:00pm - 9:00pm
Serangoon,Woodleigh Care Family Clinic,Tues,08:00,13:00,480,780,False,8:00am - 1:00pm
Serangoon,Woodleigh Care Family Clinic,Tues,14:00,17:00,840,1020,False,2:00pm - 5:00pm
Serangoon,Woodleigh Care Family Clinic,Wed,08:00,13:00,480,780,False,8:00am - 1:00pm
Serangoon,Woodleigh Care Family Clinic,Wed,14:00,17:00,840,1020,False,2:00pm - 5:00pm
Serangoon,Woodleigh Care Family Clinic,Wed,18:00,21:00,1080,1260,False,6:00pm - 9:00pm
Serangoon,Woodleigh Care Family Clinic,Wed,08:00,13:00,480,780,False,8:00am - 1:00pm
Serangoon,Woodleigh Care Family Clinic,Wed,14:00,17:00,840,1020,False,2:00pm - 5:00pm
Serangoon,Woodleigh Care Family Clinic,Thurs,08:00,13:00,480,780,False,8:00am - 1:00pm
Serangoon,Woodleigh Care Family Clinic,Thurs,14:00,17:00,840,1020,False,2:00pm - 5:00pm
Serangoon,Woodleigh Care Family Clinic,Thurs,18:00,21:00,1080,1260,False,6:00pm - 9:00pm
Serangoon,Woodleigh Care Family Clinic,Thurs,08:00,13:00,480,780,False,8:00am - 1:00pm
Serangoon,Woodleigh Care Family Clinic,Thurs,14:00,17:00,840,1020,False,2:00pm - 5:00pm
Serangoon,Woodleigh Care Family Clinic,Sat,08:00,13:00,480,780,False,8:00am - 1:00pm
Serangoon,Woodleigh Care Family Clinic,Sun,08:00,13:00,480,780,False,8:00am - 1:00pm
Serangoon,Woodleigh Care Family Clinic,Sun,18:00,21:00,1080,1260,False,6:00pm - 9:00pm
Simei,DA Clinic @ Simei,Mon,08:30,12:00,510,720,False,8:30am - 12:00pm
Simei,DA Clinic @ Simei,Mon,13:00,21:00,780,1260,False,1:00pm - 9:00pm
Simei,DA Clinic @ Simei,Tues,08:30,12:00,510,720,False,8:30am - 12:00pm
Simei,DA Clinic @ Simei,Tues,13:00,21:00,780,1260,False,1:00pm - 9:00pm
Simei,DA Clinic @ Simei,Wed,08:30,12:00,510,720,False,8:30am - 12:00pm
Simei,DA Clinic @ Simei,Wed,13:00,21:00,780,1260,False,1:00pm - 9:00pm
Simei,DA Clinic @ Simei,Thurs,08:30,12:00,510,720,False,8:30am - 12:00pm
Simei,DA Clinic @ Simei,Thurs,13:00,21:00,780,1260,False,1:00pm - 9:00pm
Simei,DA Clinic @ Simei,Fri,08:30,12:00,510,720,False,8:30am - 12:00pm
Simei,DA Clinic @ Simei,Fri,13:00,21:00,780,1260,False,1:00pm - 9:00pm
Simei,DA Clinic @ Simei,Sat,08:30,12:00,510,720,False,8:30am - 12:00pm
Simei,DA Clinic @ Simei,Sun,08:30,12:00,510,720,False,8:30am - 12:00pm
Simei,Northeast Medical Group (Simei),Mon,08:00,13:00,480,780,False,8:00am - 1:00pm
Simei,Northeast Medical Group (Simei),Mon,14:00,22:00,840,1320,False,2:00pm - 10:00pm
Simei,Northeast Medical Group (Simei),Tues,08:00,13:00,480,780,False,8:00am - 1:00pm
Simei,Northeast Medical Group (Simei),Tues,14:00,22:00,840,1320,False,2:00pm - 10:00pm
Simei,Northeast Medical Group (Simei),Wed,08:00,13:00,480,780,False,8:00am - 1:00pm
Simei,Northeast Medical Group (Simei),Wed,14:00,22:00,840,1320,False,2:00pm - 10:00pm
Simei,Northeast Medical Group (Simei),Thurs,08:00,13:00,480,780,False,8:00am - 1:00pm
Simei,Northeast Medical Group (Simei),Thurs,14:00,22:00,840,1320,False,2:00pm - 10:00pm
Simei,Northeast Medical Group (Simei),Fri,08:00,13:00,480,780,False,8:00am - 1:00pm
Simei,Northeast Medical Group (Simei),Fri,14:00,22:00,840,1320,False,2:00pm - 10:00pm
Simei,Northeast Medical Group (Simei),Sat,08:00,13:00,480,780,False,8:00am - 1:00pm
Simei,Northeast Medical Group (Simei),Sat,14:00,22:00,840,1320,False,2:00pm - 10:00pm
Simei,Northeast Medical Group (Simei),Sun,08:00,13:00,480,780,False,8:00am - 1:00pm
Simei,Northeast Medical Group (Simei),Sun,14:00,22:00,840,1320,False,2:00pm - 10:00pm
Simei,Northeast Medical Group (Simei),PH,10:00,18:00,600,1080,False,10:00am - 6:00pm
Simei,St Andrew’s Mission Hospital Clinic (Simei),Mon,08:00,13:00,480,780,False,8:00am - 1:00pm
Simei,St Andrew’s Mission Hospital Clinic (Simei),Mon,14:00,17:00,840,1020,False,2:00pm - 5:00pm
Simei,St Andrew’s Mission Hospital Clinic (Simei),Tues,08:00,13:00,480,780,False,8:00am - 1:00pm
Simei,St Andrew’s Mission Hospital Clinic (Simei),Tues,14:00,17:00,840,1020,False,2:00pm - 5:00pm
Simei,St Andrew’s Mission Hospital Clinic (Simei),Wed,08:00,13:00,480,780,False,8:00am - 1:00pm
Simei,St Andrew’s Mission Hospital Clinic (Simei),Wed,14:00,17:00,840,1020,False,2:00pm - 5:00pm
Simei,St Andrew’s Mission Hospital Clinic (Simei),Thurs,08:00,13:00,480,780,False,8:00am - 1:00pm
Simei,St Andrew’s Mission Hospital Clinic (Simei),Thurs,14:00,17:00,840,1020,False,2:00pm - 5:00pm
Simei,St Andrew’s Mission Hospital Clinic (Simei),Fri,08:00,13:00,480,780,False,8:00am - 1:00pm
Simei,St Andrew’s Mission Hospital Clinic (Simei),Fri,14:00,17:00,840,1020,False,2:00pm - 5:00pm
Tanjong Pagar,Angsana Medical,Mon,08:30,13:00,510,780,False,8:30am - 1:00pm
Tanjong Pagar,Angsana Medical,Mon,14:00,17:30,840,1050,False,2:00pm - 5:30pm
Tanjong Pagar,Angsana Medical,Mon,18:00,20:00,1080,1200,False,6:00pm - 8:00pm
Tanjong Pagar,Angsana Medical,Tues,08:30,13:00,510,780,False,8:30am - 1:00pm
Tanjong Pagar,Angsana Medical,Tues,14:00,17:30,840,1050,False,2:00pm - 5:30pm
Tanjong Pagar,Angsana Medical,Tues,18:00,20:00,1080,1200,False,6:00pm - 8:00pm
Tanjong Pagar,Angsana Medical,Wed,08:30,13:00,510,780,False,8:30am - 1:00pm
Tanjong Pagar,Angsana Medical,Wed,14:00,17:30,840,1050,False,2:00pm - 5:30pm
Tanjong Pagar,Angsana Medical,Wed,18:00,20:00,1080,1200,False,6:00pm - 8:00pm
Tanjong Pagar,Angsana Medical,Thurs,08:30,13:00,510,780,False,8:30am - 1:00pm
Tanjong Pagar,Angsana Medical,Thurs,14:00,17:30,840,1050,False,2:00pm - 5:30pm
Tanjong Pagar,Angsana Medical,Thurs,18:00,20:00,1080,1200,False,6:00pm - 8:00pm
Tanjong Pagar,Angsana Medical,Fri,08:30,13:00,510,780,False,8:30am - 1:00pm
Tanjong Pagar,Angsana Medical,Fri,14:00,17:30,840,1050,False,2:00pm - 5:30pm
Tanjong Pagar,Angsana Medical,Sat,09:00,12:30,540,750,False,9:00am - 12:30pm
Tanjong Pagar,AscendCare Medical Clinic,Mon,09:00,12:30,540,750,False,9:00am - 12:30pm
Tanjong Pagar,AscendCare Medical Clinic,Mon,13:30,17:00,810,1020,False,1:30pm - 5:00pm
Tanjong Pagar,AscendCare Medical Clinic,Tues,09:00,12:30,540,750,False,9:00am - 12:30pm
Tanjong Pagar,AscendCare Medical Clinic,Tues,13:30,17:00,810,1020,False,1:30pm - 5:00pm
Tanjong Pagar,AscendCare Medical Clinic,Wed,09:00,12:30,540,750,False,9:00am - 12:30pm
Tanjong Pagar,AscendCare Medical Clinic,Wed,13:30,17:00,810,1020,False,1:30pm - 5:00pm
Tanjong Pagar,AscendCare Medical Clinic,Thurs,09:00,12:30,540,750,False,9:00am - 12:30pm
Tanjong Pagar,AscendCare Medical Clinic,Thurs,13:30,17:00,810,1020,False,1:30pm - 5:00pm
Tanjong Pagar,AscendCare Medical Clinic,Fri,09:00,12:30,540,750,False,9:00am - 12:30pm
Tanjong Pagar,AscendCare Medical Clinic,Fri,13:30,17:00,810,1020,False,1:30pm - 5:00pm
Tanjong Pagar,Beacon Medical Clinic Tanjong Pagar,Mon,08:30,12:00,510,720,False,8:30am - 12:00pm
Tanjong Pagar,Beacon Medical Clinic Tanjong Pagar,Mon,13:00,17:00,780,1020,False,1:00pm - 5:00pm
Tanjong Pagar,Beacon Medical Clinic Tanjong Pagar,Mon,08:30,13:00,510,780,False,8:30am - 1:00pm
Tanjong Pagar,Beacon Medical Clinic Tanjong Pagar,Tues,08:30,12:00,510,720,False,8:30am - 12:00pm
Tanjong Pagar,Beacon Medical Clinic Tanjong Pagar,Tues,13:00,17:00,780,1020,False,1:00pm - 5:00pm
Tanjong Pagar,Beacon Medical Clinic Tanjong Pagar,Tues,08:30,13:00,510,780,False,8:30am - 1:00pm
Tanjong Pagar,Beacon Medical Clinic Tanjong Pagar,Wed,08:30,12:00,510,720,False,8:30am - 12:00pm
Tanjong Pagar,Beacon Medical Clinic Tanjong Pagar,Wed,13:00,17:00,780,1020,False,1:00pm - 5:00pm
Tanjong Pagar,Beacon Medical Clinic Tanjong Pagar,Wed,08:30,13:00,510,780,False,8:30am - 1:00pm
Tanjong Pagar,Beacon Medical Clinic Tanjong Pagar,Thurs,08:30,12:00,510,720,False,8:30am - 12:00pm
Tanjong Pagar,Beacon Medical Clinic Tanjong Pagar,Thurs,13:00,17:00,780,1020,False,1:00pm - 5:00pm
Tanjong Pagar,Beacon Medical Clinic Tanjong Pagar,Thurs,08:30,13:00,510,780,False,8:30am - 1:00pm
Tanjong Pagar,Beacon Medical Clinic Tanjong Pagar,Fri,08:30,12:00,510,720,False,8:30am - 12:00pm
Tanjong Pagar,Beacon Medical Clinic Tanjong Pagar,Fri,13:00,17:00,780,1020,False,1:00pm - 5:00pm
Tanjong Pagar,Beacon Medical Clinic Tanjong Pagar,Fri,08:30,13:00,510,780,False,8:30am - 1:00pm
Tanjong Pagar,Bridgepoint Health,Mon,08:00,13:30,480,810,False,8:00am - 1:30pm
Tanjong Pagar,Bridgepoint Health,Wed,08:00,13:30,480,810,False,8:00am - 1:30pm
Tanjong Pagar,(Everton Park Clinic),Tues,08:00,13:30,480,810,False,8:00am - 1:30pm
Tanjong Pagar,(Everton Park Clinic),Tues,18:30,21:30,1110,1290,False,6:30pm - 9:30pm
Tanjong Pagar,(Everton Park Clinic),Thurs,08:00,13:30,480,810,False,8:00am - 1:30pm
Tanjong Pagar,(Everton Park Clinic),Thurs,18:30,21:30,1110,1290,False,6:30pm - 9:30pm
Tanjong Pagar,(Everton Park Clinic),Fri,08:00,13:30,480,810,False,8:00am - 1:30pm
Tanjong Pagar,(Everton Park Clinic),Fri,14:30,17:30,870,1050,False,2:30pm - 5:30pm
Tanjong Pagar,(Everton Park Clinic),Sat,08:00,13:30,480,810,False,8:00am - 1:30pm
Tanjong Pagar,(Everton Park Clinic),Sun,08:00,13:30,480,810,False,8:00am - 1:30pm
Tanjong Pagar,Chang Clinic & Surgery,Mon,09:00,12:00,540,720,False,9:00am - 12:00pm
Tanjong Pagar,Chang Clinic & Surgery,Mon,14:00,16:00,840,960,False,2:00pm - 4:00pm
Tanjong Pagar,Chang Clinic & Surgery,Tues,09:00,12:00,540,720,False,9:00am - 12:00pm
Tanjong Pagar,Chang Clinic & Surgery,Tues,14:00,16:00,840,960,False,2:00pm - 4:00pm
Tanjong Pagar,Chang Clinic & Surgery,Tues,18:00,20:00,1080,1200,False,6:00pm - 8:00pm
Tanjong Pagar,Chang Clinic & Surgery,Sat,09:00,13:00,540,780,False,9:00am - 1:00pm
Tanjong Pagar,Everton Clinic,Mon,08:30,13:00,510,780,False,8:30am - 1:00pm
Tanjong Pagar,Everton Clinic,Tues,08:30,13:00,510,780,False,8:30am - 1:00pm
Tanjong Pagar,Everton Clinic,Thurs,14:00,17:00,840,1020,False,2:00pm - 5:00pm
Tanjong Pagar,Everton Clinic,Thurs,18:00,20:30,1080,1230,False,6:00pm - 8:30pm
Tanjong Pagar,Everton Clinic,Fri,08:30,13:00,510,780,False,8:30am - 1:00pm
Tanjong Pagar,Everton Clinic,Sun,08:30,13:00,510,780,False,8:30am - 1:00pm
Tanjong Pagar,Healthway Japanese Medical Downtown,Mon,08:30,13:00,510,780,False,8:30am - 1:00pm
Tanjong Pagar,Healthway Japanese Medical Downtown,Mon,14:00,17:30,840,1050,False,2:00pm - 5:30pm
Tanjong Pagar,Healthway Japanese Medical Downtown,Tues,08:30,13:00,510,780,False,8:30am - 1:00pm
Tanjong Pagar,Healthway Japanese Medical Downtown,Tues,14:00,17:30,840,1050,False,2:00pm - 5:30pm
Tanjong Pagar,Healthway Japanese Medical Downtown,Wed,08:30,13:00,510,780,False,8:30am - 1:00pm
Tanjong Pagar,Healthway Japanese Medical Downtown,Wed,14:00,17:30,840,1050,False,2:00pm - 5:30pm
Tanjong Pagar,Healthway Japanese Medical Downtown,Thurs,08:30,13:00,510,780,False,8:30am - 1:00pm
Tanjong Pagar,Healthway Japanese Medical Downtown,Thurs,14:00,17:30,840,1050,False,2:00pm - 5:30pm
Tanjong Pagar,Healthway Japanese Medical Downtown,Fri,08:30,13:00,510,780,False,8:30am - 1:00pm
Tanjong Pagar,Healthway Japanese Medical Downtown,Fri,14:00,17:30,840,1050,False,2:00pm - 5:30pm
Tanjong Pagar,HMI Health Screening (Amara),Mon,09:00,17:00,540,1020,False,9:00am - 5:00pm
Tanjong Pagar,HMI Health Screening (Amara),Tues,09:00,17:00,540,1020,False,9:00am - 5:00pm
Tanjong Pagar,HMI Health Screening (Amara),Wed,09:00,17:00,540,1020,False,9:00am - 5:00pm
Tanjong Pagar,HMI Health Screening (Amara),Thurs,09:00,17:00,540,1020,False,9:00am - 5:00pm
Tanjong Pagar,HMI Health Screening (Amara),Fri,09:00,17:00,540,1020,False,9:00am - 5:00pm
Tanjong Pagar,HMI Health Screening (Amara),Sat,09:00,13:00,540,780,False,9:00am - 1:00pm
Tampines,Acumed Medical Group (Tampines West),Mon,08:30,14:00,510,840,False,8:30am - 2:00pm
Tampines,Acumed Medical Group (Tampines West),Tues,08:30,14:00,510,840,False,8:30am - 2:00pm
Tampines,Acumed Medical Group (Tampines West),Wed,08:30,14:00,510,840,False,8:30am - 2:00pm
Tampines,Acumed Medical Group (Tampines West),Thurs,08:30,14:00,510,840,False,8:30am - 2:00pm
Tampines,Acumed Medical Group (Tampines West),Fri,08:30,14:00,510,840,False,8:30am - 2:00pm
Tampines,Caring Medical Clinic Tampines,Mon,08:30,14:00,510,840,False,8:30am - 2:00pm
Tampines,Caring Medical Clinic Tampines,Mon,18:00,21:00,1080,1260,False,6:00pm - 9:00pm
Tampines,Caring Medical Clinic Tampines,Tues,08:30,14:00,510,840,False,8:30am - 2:00pm
Tampines,Caring Medical Clinic Tampines,Tues,18:00,21:00,1080,1260,False,6:00pm - 9:00pm
Tampines,Caring Medical Clinic Tampines,Wed,08:30,14:00,510,840,False,8:30am - 2:00pm
Tampines,Caring Medical Clinic Tampines,Wed,18:00,21:00,1080,1260,False,6:00pm - 9:00pm
Tampines,Caring Medical Clinic Tampines,Thurs,08:30,14:00,510,840,False,8:30am - 2:00pm
Tampines,Caring Medical Clinic Tampines,Thurs,18:00,21:00,1080,1260,False,6:00pm - 9:00pm
Tampines,Caring Medical Clinic Tampines,Fri,08:30,14:00,510,840,False,8:30am - 2:00pm
Tampines,Caring Medical Clinic Tampines,Fri,18:00,21:00,1080,1260,False,6:00pm - 9:00pm
Tampines,Caring Medical Clinic Tampines,Sat,08:30,12:30,510,750,False,8:30am - 12:30pm
Tampines,Caring Medical Clinic Tampines,Sun,08:30,12:30,510,750,False,8:30am - 12:30pm
Tampines,Caring Medical Clinic Tampines,Sun,18:00,21:00,1080,1260,False,6:00pm - 9:00pm
Tampines,Crossroads Family Clinic,Mon,08:00,12:30,480,750,False,8:00am - 12:30pm
Tampines,Crossroads Family Clinic,Mon,14:00,16:00,840,960,False,2:00pm - 4:00pm
Tampines,Crossroads Family Clinic,Mon,17:30,20:30,1050,1230,False,5:30pm - 8:30pm
Tampines,Crossroads Family Clinic,Tues,08:00,12:30,480,750,False,8:00am - 12:30pm
Tampines,Crossroads Family Clinic,Tues,14:00,16:00,840,960,False,2:00pm - 4:00pm
Tampines,Crossroads Family Clinic,Wed,08:00,12:30,480,750,False,8:00am - 12:30pm
Tampines,Crossroads Family Clinic,Wed,14:00,16:00,840,960,False,2:00pm - 4:00pm
Tampines,Crossroads Family Clinic,Wed,17:30,20:30,1050,1230,False,5:30pm - 8:30pm
Tampines,Crossroads Family Clinic,Thurs,08:00,12:30,480,750,False,8:00am - 12:30pm
Tampines,Crossroads Family Clinic,Fri,08:00,12:30,480,750,False,8:00am - 12:30pm
Tampines,Crossroads Family Clinic,Fri,14:00,16:00,840,960,False,2:00pm - 4:00pm
Tampines,Crossroads Family Clinic,Sat,08:00,12:30,480,750,False,8:00am - 12:30pm
Tampines,Dayspring 2 Medical Clinic (Tampines),Mon,09:00,13:00,540,780,False,9:00am - 1:00pm
Tampines,Dayspring 2 Medical Clinic (Tampines),Mon,14:00,17:00,840,1020,False,2:00pm - 5:00pm
Tampines,Dayspring 2 Medical Clinic (Tampines),Mon,18:00,21:00,1080,1260,False,6:00pm - 9:00pm
Tampines,Dayspring 2 Medical Clinic (Tampines),Tues,09:00,13:00,540,780,False,9:00am - 1:00pm
Tampines,Dayspring 2 Medical Clinic (Tampines),Tues,14:00,17:00,840,1020,False,2:00pm - 5:00pm
Tampines,Dayspring 2 Medical Clinic (Tampines),Tues,18:00,21:00,1080,1260,False,6:00pm - 9:00pm
Tampines,Dayspring 2 Medical Clinic (Tampines),Wed,09:00,13:00,540,780,False,9:00am - 1:00pm
Tampines,Dayspring 2 Medical Clinic (Tampines),Wed,14:00,17:00,840,1020,False,2:00pm - 5:00pm
Tampines,Dayspring 2 Medical Clinic (Tampines),Wed,18:00,21:00,1080,1260,False,6:00pm - 9:00pm
Tampines,Dayspring 2 Medical Clinic (Tampines),Thurs,09:00,13:00,540,780,False,9:00am - 1:00pm
Tampines,Dayspring 2 Medical Clinic (Tampines),Thurs,14:00,17:00,840,1020,False,2:00pm - 5:00pm
Tampines,Dayspring 2 Medical Clinic (Tampines),Thurs,18:00,21:00,1080,1260,False,6:00pm - 9:00pm
Tampines,Dayspring 2 Medical Clinic (Tampines),Fri,09:00,13:00,540,780,False,9:00am - 1:00pm
Tampines,Dayspring 2 Medical Clinic (Tampines),Fri,14:00,17:00,840,1020,False,2:00pm - 5:00pm
Tampines,Dayspring 2 Medical Clinic (Tampines),Fri,18:00,21:00,1080,1260,False,6:00pm - 9:00pm
Tampines,Dayspring 2 Medical Clinic (Tampines),Sat,09:00,13:00,540,780,False,9:00am - 1:00pm
Tampines,Dayspring 2 Medical Clinic (Tampines),Sun,09:00,13:00,540,780,False,9:00am - 1:00pm
Tampines,Edgedale Medical Clinic (Tampines),Mon,09:00,13:00,540,780,False,9:00am - 1:00pm
Tampines,Edgedale Medical Clinic (Tampines),Mon,18:00,21:00,1080,1260,False,6:00pm - 9:00pm
Tampines,Edgedale Medical Clinic (Tampines),Tues,09:00,13:00,540,780,False,9:00am - 1:00pm
Tampines,Edgedale Medical Clinic (Tampines),Tues,18:00,21:00,1080,1260,False,6:00pm - 9:00pm
Tampines,Edgedale Medical Clinic (Tampines),Wed,09:00,13:00,540,780,False,9:00am - 1:00pm
Tampines,Edgedale Medical Clinic (Tampines),Wed,18:00,21:00,1080,1260,False,6:00pm - 9:00pm
Tampines,Edgedale Medical Clinic (Tampines),Thurs,09:00,13:00,540,780,False,9:00am - 1:00pm
Tampines,Edgedale Medical Clinic (Tampines),Thurs,18:00,21:00,1080,1260,False,6:00pm - 9:00pm
Tampines,Edgedale Medical Clinic (Tampines),Fri,09:00,13:00,540,780,False,9:00am - 1:00pm
Tampines,Edgedale Medical Clinic (Tampines),Fri,18:00,21:00,1080,1260,False,6:00pm - 9:00pm
Tampines,Edgedale Medical Clinic (Tampines),Sat,09:00,13:00,540,780,False,9:00am - 1:00pm
Tampines,Faith Healthcare 11 (Tampines),Mon,08:30,16:30,510,990,False,8:30am - 4:30pm
Tampines,Faith Healthcare 11 (Tampines),Mon,19:00,21:30,1140,1290,False,7:00pm - 9:30pm
Tampines,Faith Healthcare 11 (Tampines),Tues,08:30,16:30,510,990,False,8:30am - 4:30pm
Tampines,Faith Healthcare 11 (Tampines),Tues,19:00,21:30,1140,1290,False,7:00pm - 9:30pm
Tampines,Faith Healthcare 11 (Tampines),Wed,08:30,16:30,510,990,False,8:30am - 4:30pm
Tampines,Faith Healthcare 11 (Tampines),Wed,19:00,21:30,1140,1290,False,7:00pm - 9:30pm
Tampines,Faith Healthcare 11 (Tampines),Thurs,08:30,16:30,510,990,False,8:30am - 4:30pm
Tampines,Faith Healthcare 11 (Tampines),Thurs,19:00,21:30,1140,1290,False,7:00pm - 9:30pm
Tampines,Faith Healthcare 11 (Tampines),Fri,08:30,16:30,510,990,False,8:30am - 4:30pm
Tampines,Faith Healthcare 11 (Tampines),Fri,19:00,21:30,1140,1290,False,7:00pm - 9:30pm
Tampines,Faith Healthcare 11 (Tampines),Sat,08:30,13:00,510,780,False,8:30am - 1:00pm
Tampines,Faith Healthcare 11 (Tampines),Sun,08:30,13:00,510,780,False,8:30am - 1:00pm
Tampines,Faith Healthcare 11 (Tampines),PH,08:30,13:00,510,780,False,8:30am - 1:00pm
Tampines,Good Medical Clinic (Tampines East),Mon,08:00,12:00,480,720,False,8:00am - 12:00pm
Tampines,Good Medical Clinic (Tampines East),Mon,18:00,22:00,1080,1320,False,6:00pm - 10:00pm
Tampines,Good Medical Clinic (Tampines East),Tues,08:00,12:00,480,720,False,8:00am - 12:00pm
Tampines,Good Medical Clinic (Tampines East),Tues,18:00,22:00,1080,1320,False,6:00pm - 10:00pm
Tampines,Good Medical Clinic (Tampines East),Wed,08:00,12:00,480,720,False,8:00am - 12:00pm
Tampines,Good Medical Clinic (Tampines East),Wed,18:00,22:00,1080,1320,False,6:00pm - 10:00pm
Tampines,Good Medical Clinic (Tampines East),Thurs,08:00,12:00,480,720,False,8:00am - 12:00pm
Tampines,Good Medical Clinic (Tampines East),Thurs,18:00,22:00,1080,1320,False,6:00pm - 10:00pm
Tampines,Good Medical Clinic (Tampines East),Fri,08:00,12:00,480,720,False,8:00am - 12:00pm
Tampines,Good Medical Clinic (Tampines East),Fri,18:00,22:00,1080,1320,False,6:00pm - 10:00pm
Tampines,Good Medical Clinic (Tampines East),Sat,08:00,12:00,480,720,False,8:00am - 12:00pm
Tampines,Good Medical Clinic (Tampines East),Sat,18:00,22:00,1080,1320,False,6:00pm - 10:00pm
Tampines,Good Medical Clinic (Tampines East),Sun,08:00,12:00,480,720,False,8:00am - 12:00pm
Tampines,Good Medical Clinic (Tampines East),Sun,18:00,22:00,1080,1320,False,6:00pm - 10:00pm
Tampines,Greenhealth,Mon,08:30,13:30,510,810,False,8:30am - 1:30pm
Tampines,Greenhealth,Tues,08:30,13:30,510,810,False,8:30am - 1:30pm
Tampines,Greenhealth,Wed,08:30,13:30,510,810,False,8:30am - 1:30pm
Tampines,Greenhealth,Thurs,08:30,13:30,510,810,False,8:30am - 1:30pm
Tampines,Family Clinic,Fri,08:30,13:30,510,810,False,8:30am - 1:30pm
Tampines,Family Clinic,Fri,14:30,16:30,870,990,False,2:30pm - 4:30pm
Tampines,Family Clinic,Sat,08:30,12:30,510,750,False,8:30am - 12:30pm
Tampines,Family Clinic,Sun,09:00,12:00,540,720,False,9:00am - 12:00pm
Tampines,Healthway Medical (Tampines St 21),Mon,08:30,13:00,510,780,False,8:30am - 1:00pm
Tampines,Healthway Medical (Tampines St 21),Mon,14:00,17:00,840,1020,False,2:00pm - 5:00pm
Tampines,Healthway Medical (Tampines St 21),Mon,18:00,21:00,1080,1260,False,6:00pm - 9:00pm
Tampines,Healthway Medical (Tampines St 21),Tues,08:30,13:00,510,780,False,8:30am - 1:00pm
Tampines,Healthway Medical (Tampines St 21),Tues,14:00,17:00,840,1020,False,2:00pm - 5:00pm
Tampines,Healthway Medical (Tampines St 21),Tues,18:00,21:00,1080,1260,False,6:00pm - 9:00pm
Tampines,Healthway Medical (Tampines St 21),Wed,08:30,13:00,510,780,False,8:30am - 1:00pm
Tampines,Healthway Medical (Tampines St 21),Wed,14:00,17:00,840,1020,False,2:00pm - 5:00pm
Tampines,Healthway Medical (Tampines St 21),Wed,18:00,21:00,1080,1260,False,6:00pm - 9:00pm
Tampines,Healthway Medical (Tampines St 21),Thurs,08:30,13:00,510,780,False,8:30am - 1:00pm
Tampines,Healthway Medical (Tampines St 21),Thurs,14:00,17:00,840,1020,False,2:00pm - 5:00pm
Tampines,Healthway Medical (Tampines St 21),Thurs,18:00,21:00,1080,1260,False,6:00pm - 9:00pm
Tampines,Healthway Medical (Tampines St 21),Fri,08:30,13:00,510,780,False,8:30am - 1:00pm
Tampines,Healthway Medical (Tampines St 21),Fri,14:00,17:00,840,1020,False,2:00pm - 5:00pm
Tampines,Healthway Medical (Tampines St 21),Sat,08:30,13:00,510,780,False,8:30am - 1:00pm
Tampines,Healthway Medical (Tampines St 21),Sun,08:30,13:00,510,780,False,8:30am - 1:00pm
Tampines,Healthway Medical (Tampines St 21),PH,08:30,13:00,510,780,False,8:30am - 1:00pm
Tampines,HeartlandHealth (Tampines),Mon,08:00,13:00,480,780,False,8:00am - 1:00pm
Tampines,HeartlandHealth (Tampines),Mon,18:00,23:00,1080,1380,False,6:00pm - 11:00pm
Tampines,HeartlandHealth (Tampines),Tues,08:00,13:00,480,780,False,8:00am - 1:00pm
Tampines,HeartlandHealth (Tampines),Tues,18:00,23:00,1080,1380,False,6:00pm - 11:00pm
Tampines,HeartlandHealth (Tampines),Wed,08:00,13:00,480,780,False,8:00am - 1:00pm
Tampines,HeartlandHealth (Tampines),Wed,18:00,23:00,1080,1380,False,6:00pm - 11:00pm
Tampines,HeartlandHealth (Tampines),Thurs,08:00,13:00,480,780,False,8:00am - 1:00pm
Tampines,HeartlandHealth (Tampines),Thurs,18:00,23:00,1080,1380,False,6:00pm - 11:00pm
Tampines,HeartlandHealth (Tampines),Fri,08:00,13:00,480,780,False,8:00am - 1:00pm
Tampines,HeartlandHealth (Tampines),Fri,18:00,23:00,1080,1380,False,6:00pm - 11:00pm
Tampines,HeartlandHealth (Tampines),Sat,08:00,13:00,480,780,False,8:00am - 1:00pm
Tampines,HeartlandHealth (Tampines),Sat,18:00,23:00,1080,1380,False,6:00pm - 11:00pm
Tampines,HeartlandHealth (Tampines),Sun,08:00,13:00,480,780,False,8:00am - 1:00pm
Tampines,HeartlandHealth (Tampines),Sun,18:00,23:00,1080,1380,False,6:00pm - 11:00pm
Tampines,HeartlandHealth (Tampines),PH,08:00,13:00,480,780,False,8:00am - 1:00pm
Tampines,HeartlandHealth (Tampines),PH,18:00,23:00,1080,1380,False,6:00pm - 11:00pm
Tampines,HeartlandHealth (Tampines East),Mon,08:00,13:00,480,780,False,8:00am - 1:00pm
Tampines,HeartlandHealth (Tampines East),Mon,18:00,23:00,1080,1380,False,6:00pm - 11:00pm
Tampines,HeartlandHealth (Tampines East),Tues,08:00,13:00,480,780,False,8:00am - 1:00pm
Tampines,HeartlandHealth (Tampines East),Tues,18:00,23:00,1080,1380,False,6:00pm - 11:00pm
Tampines,HeartlandHealth (Tampines East),Wed,08:00,13:00,480,780,False,8:00am - 1:00pm
Tampines,HeartlandHealth (Tampines East),Wed,18:00,23:00,1080,1380,False,6:00pm - 11:00pm
Tampines,HeartlandHealth (Tampines East),Thurs,08:00,13:00,480,780,False,8:00am - 1:00pm
Tampines,HeartlandHealth (Tampines East),Thurs,18:00,23:00,1080,1380,False,6:00pm - 11:00pm
Tampines,HeartlandHealth (Tampines East),Fri,08:00,13:00,480,780,False,8:00am - 1:00pm
Tampines,HeartlandHealth (Tampines East),Fri,18:00,23:00,1080,1380,False,6:00pm - 11:00pm
Tampines,HeartlandHealth (Tampines East),Sat,08:00,13:00,480,780,False,8:00am - 1:00pm
Tampines,HeartlandHealth (Tampines East),Sat,18:00,23:00,1080,1380,False,6:00pm - 11:00pm
Tampines,HeartlandHealth (Tampines East),Sun,08:00,13:00,480,780,False,8:00am - 1:00pm
Tampines,HeartlandHealth (Tampines East),Sun,18:00,23:00,1080,1380,False,6:00pm - 11:00pm
Tampines,HeartlandHealth (Tampines East),PH,08:00,13:00,480,780,False,8:00am - 1:00pm
Tampines,HeartlandHealth (Tampines East),PH,18:00,23:00,1080,1380,False,6:00pm - 11:00pm
Tampines,Intemedical Tampines,Mon,08:00,22:00,480,1320,False,8:00am - 10:00pm
Tampines,Intemedical Tampines,Tues,08:00,22:00,480,1320,False,8:00am - 10:00pm
Tampines,Intemedical Tampines,Wed,08:00,22:00,480,1320,False,8:00am - 10:00pm
Tampines,Intemedical Tampines,Thurs,08:00,22:00,480,1320,False,8:00am - 10:00pm
Tampines,Intemedical Tampines,Fri,08:00,22:00,480,1320,False,8:00am - 10:00pm
Tampines,Intemedical Tampines,Sat,08:00,22:00,480,1320,False,8:00am - 10:00pm
Tampines,Intemedical Tampines,Sun,08:00,22:00,480,1320,False,8:00am - 10:00pm
Tampines,Intemedical Tampines,PH,08:00,22:00,480,1320,False,8:00am - 10:00pm
Tampines,Karri Family Clinic,Mon,08:30,13:00,510,780,False,8:30am - 1:00pm
Tampines,Karri Family Clinic,Mon,18:30,21:00,1110,1260,False,6:30pm - 9:00pm
Tampines,Karri Family Clinic,Tues,08:30,13:00,510,780,False,8:30am - 1:00pm
Tampines,Karri Family Clinic,Tues,18:30,21:00,1110,1260,False,6:30pm - 9:00pm
Tampines,Karri Family Clinic,Wed,08:30,13:00,510,780,False,8:30am - 1:00pm
Tampines,Karri Family Clinic,Wed,18:30,21:00,1110,1260,False,6:30pm - 9:00pm
Tampines,Karri Family Clinic,Thurs,08:30,13:00,510,780,False,8:30am - 1:00pm
Tampines,Karri Family Clinic,Fri,08:30,13:00,510,780,False,8:30am - 1:00pm
Tampines,Karri Family Clinic,Sat,08:30,12:30,510,750,False,8:30am - 12:30pm
Tampines,Kindred Family Clinic (Tampines),Mon,08:30,12:30,510,750,False,8:30am - 12:30pm
Tampines,Kindred Family Clinic (Tampines),Tues,08:30,12:30,510,750,False,8:30am - 12:30pm
Tampines,Kindred Family Clinic (Tampines),Wed,08:30,12:30,510,750,False,8:30am - 12:30pm
Tampines,Kindred Family Clinic (Tampines),Wed,14:00,16:30,840,990,False,2:00pm - 4:30pm
Tampines,Kindred Family Clinic (Tampines),Thurs,14:00,16:30,840,990,False,2:00pm - 4:30pm
Tampines,Kindred Family Clinic (Tampines),Thurs,18:00,20:30,1080,1230,False,6:00pm - 8:30pm
Tampines,Kindred Family Clinic (Tampines),Fri,14:00,16:30,840,990,False,2:00pm - 4:30pm
Tampines,Kindred Family Clinic (Tampines),Fri,18:00,20:30,1080,1230,False,6:00pm - 8:30pm
Tampines,Kindred Family Clinic (Tampines),Sat,08:30,12:30,510,750,False,8:30am - 12:30pm
Tampines,Little Cross Family Clinic Pte Ltd,Mon,08:30,15:00,510,900,False,8:30am - 3:00pm
Tampines,Little Cross Family Clinic Pte Ltd,Mon,19:00,21:00,1140,1260,False,7:00pm - 9:00pm
Tampines,Little Cross Family Clinic Pte Ltd,Tues,08:30,15:00,510,900,False,8:30am - 3:00pm
Tampines,Little Cross Family Clinic Pte Ltd,Tues,19:00,21:00,1140,1260,False,7:00pm - 9:00pm
Tampines,Little Cross Family Clinic Pte Ltd,Wed,08:30,15:00,510,900,False,8:30am - 3:00pm
Tampines,Little Cross Family Clinic Pte Ltd,Wed,19:00,21:00,1140,1260,False,7:00pm - 9:00pm
Tampines,Little Cross Family Clinic Pte Ltd,Thurs,08:30,15:00,510,900,False,8:30am - 3:00pm
Tampines,Little Cross Family Clinic Pte Ltd,Thurs,19:00,21:00,1140,1260,False,7:00pm - 9:00pm
Tampines,Little Cross Family Clinic Pte Ltd,Fri,08:30,15:00,510,900,False,8:30am - 3:00pm
Tampines,Little Cross Family Clinic Pte Ltd,Fri,19:00,21:00,1140,1260,False,7:00pm - 9:00pm
Tampines,Little Cross Family Clinic Pte Ltd,Sat,08:30,12:30,510,750,False,8:30am - 12:30pm
Tampines,Little Cross Family Clinic Pte Ltd,Sat,19:00,21:00,1140,1260,False,7:00pm - 9:00pm
Tampines,Little Cross Family Clinic Pte Ltd,PH,08:30,12:30,510,750,False,8:30am - 12:30pm
Tampines,Medina Medical Centre,Mon,08:00,12:30,480,750,False,8:00am - 12:30pm
Tampines,Medina Medical Centre,Mon,14:30,17:00,870,1020,False,2:30pm - 5:00pm
Tampines,Medina Medical Centre,Tues,08:00,12:30,480,750,False,8:00am - 12:30pm
Tampines,Medina Medical Centre,Tues,14:30,17:00,870,1020,False,2:30pm - 5:00pm
Tampines,Medina Medical Centre,Wed,08:00,12:30,480,750,False,8:00am - 12:30pm
Tampines,Medina Medical Centre,Wed,14:30,17:00,870,1020,False,2:30pm - 5:00pm
Tampines,Medina Medical Centre,Thurs,08:00,12:30,480,750,False,8:00am - 12:30pm
Tampines,Medina Medical Centre,Thurs,14:30,17:00,870,1020,False,2:30pm - 5:00pm
Tampines,Medina Medical Centre,Fri,08:00,12:30,480,750,False,8:00am - 12:30pm
Tampines,Medina Medical Centre,Fri,14:30,17:00,870,1020,False,2:30pm - 5:00pm
Tampines,Medina Medical Centre,Sat,08:30,12:30,510,750,False,8:30am - 12:30pm
Tampines,Northeast Medical 20 Group (Tampines),Mon,08:00,13:00,480,780,False,8:00am - 1:00pm
Tampines,Northeast Medical 20 Group (Tampines),Mon,14:00,22:00,840,1320,False,2:00pm - 10:00pm
Tampines,Northeast Medical 20 Group (Tampines),Tues,08:00,13:00,480,780,False,8:00am - 1:00pm
Tampines,Northeast Medical 20 Group (Tampines),Tues,14:00,22:00,840,1320,False,2:00pm - 10:00pm
Tampines,Northeast Medical 20 Group (Tampines),Wed,08:00,13:00,480,780,False,8:00am - 1:00pm
Tampines,Northeast Medical 20 Group (Tampines),Wed,14:00,22:00,840,1320,False,2:00pm - 10:00pm
Tampines,Northeast Medical 20 Group (Tampines),Thurs,08:00,13:00,480,780,False,8:00am - 1:00pm
Tampines,Northeast Medical 20 Group (Tampines),Thurs,14:00,22:00,840,1320,False,2:00pm - 10:00pm
Tampines,Northeast Medical 20 Group (Tampines),Fri,08:00,13:00,480,780,False,8:00am - 1:00pm
Tampines,Northeast Medical 20 Group (Tampines),Fri,14:00,22:00,840,1320,False,2:00pm - 10:00pm
Tampines,Northeast Medical 20 Group (Tampines),Sat,08:00,13:00,480,780,False,8:00am - 1:00pm
Tampines,Northeast Medical 20 Group (Tampines),Sat,14:00,22:00,840,1320,False,2:00pm - 10:00pm
Tampines,Northeast Medical 20 Group (Tampines),Sun,08:00,13:00,480,780,False,8:00am - 1:00pm
Tampines,Northeast Medical 20 Group (Tampines),Sun,14:00,22:00,840,1320,False,2:00pm - 10:00pm
Tampines,Northeast Medical 20 Group (Tampines),PH,08:00,13:00,480,780,False,8:00am - 1:00pm
Tampines,Our Family Physician Clinic & Surgery,Mon,08:00,23:00,480,1380,False,8:00am - 11:00pm
Tampines,Our Family Physician Clinic & Surgery,Tues,08:00,23:00,480,1380,False,8:00am - 11:00pm
Tampines,Our Family Physician Clinic & Surgery,Wed,08:00,23:00,480,1380,False,8:00am - 11:00pm
Tampines,Our Family Physician Clinic & Surgery,Thurs,08:00,23:00,480,1380,False,8:00am - 11:00pm
Tampines,Our Family Physician Clinic & Surgery,Fri,08:00,23:00,480,1380,False,8:00am - 11:00pm
Tampines,Our Family Physician Clinic & Surgery,Sat,08:00,23:00,480,1380,False,8:00am - 11:00pm
Tampines,Our Family Physician Clinic & Surgery,Sun,08:00,23:00,480,1380,False,8:00am - 11:00pm
Tampines,Our Family Physician Clinic & Surgery,PH,08:00,23:00,480,1380,False,8:00am - 11:00pm
Tampines,Our Tampines Family Clinic,Mon,08:00,14:00,480,840,False,8:00am - 2:00pm
Tampines,Our Tampines Family Clinic,Mon,17:00,22:00,1020,1320,False,5:00pm - 10:00pm
Tampines,Our Tampines Family Clinic,Mon,14:00,18:00,840,1080,False,2:00pm - 6:00pm
Tampines,Our Tampines Family Clinic,Tues,08:00,14:00,480,840,False,8:00am - 2:00pm
Tampines,Our Tampines Family Clinic,Tues,17:00,22:00,1020,1320,False,5:00pm - 10:00pm
Tampines,Our Tampines Family Clinic,Tues,14:00,18:00,840,1080,False,2:00pm - 6:00pm
Tampines,Our Tampines Family Clinic,Wed,08:00,14:00,480,840,False,8:00am - 2:00pm
Tampines,Our Tampines Family Clinic,Wed,17:00,22:00,1020,1320,False,5:00pm - 10:00pm
Tampines,Our Tampines Family Clinic,Wed,14:00,18:00,840,1080,False,2:00pm - 6:00pm
Tampines,Our Tampines Family Clinic,Thurs,08:00,14:00,480,840,False,8:00am - 2:00pm
Tampines,Our Tampines Family Clinic,Thurs,17:00,22:00,1020,1320,False,5:00pm - 10:00pm
Tampines,Our Tampines Family Clinic,Thurs,14:00,18:00,840,1080,False,2:00pm - 6:00pm
Tampines,Our Tampines Family Clinic,Fri,08:00,14:00,480,840,False,8:00am - 2:00pm
Tampines,Our Tampines Family Clinic,Fri,17:00,22:00,1020,1320,False,5:00pm - 10:00pm
Tampines,Our Tampines Family Clinic,Fri,14:00,18:00,840,1080,False,2:00pm - 6:00pm
Tampines,Our Tampines Family Clinic,Sun,08:00,13:00,480,780,False,8:00am - 1:00pm
Tampines,Parkway Shenton Medical Clinic (Tampines West),Mon,08:00,17:00,480,1020,False,8:00am - 5:00pm
Tampines,Parkway Shenton Medical Clinic (Tampines West),Tues,08:00,17:00,480,1020,False,8:00am - 5:00pm
Tampines,Parkway Shenton Medical Clinic (Tampines West),Wed,08:00,17:00,480,1020,False,8:00am - 5:00pm
Tampines,Parkway Shenton Medical Clinic (Tampines West),Thurs,08:00,17:00,480,1020,False,8:00am - 5:00pm
Tampines,Parkway Shenton Medical Clinic (Tampines West),Fri,08:00,17:00,480,1020,False,8:00am - 5:00pm
Tampines,Parkway Shenton Medical Clinic (Tampines West),Sat,08:00,13:00,480,780,False,8:00am - 1:00pm
Tampines,Prima Care Family Clinic (T.North),Mon,08:30,17:30,510,1050,False,8:30am - 5:30pm
Tampines,Prima Care Family Clinic (T.North),Tues,08:30,17:30,510,1050,False,8:30am - 5:30pm
Tampines,Prima Care Family Clinic (T.North),Wed,08:30,17:30,510,1050,False,8:30am - 5:30pm
Tampines,Prima Care Family Clinic (T.North),Thurs,08:30,17:30,510,1050,False,8:30am - 5:30pm
Tampines,Prima Care Family Clinic (T.North),Fri,08:30,17:30,510,1050,False,8:30am - 5:30pm
Tampines,Prima Care Family Clinic (T.North),Sat,08:30,12:30,510,750,False,8:30am - 12:30pm
Tampines,ProHealth Medical Group @ Tampines,Sun,08:00,21:00,480,1260,False,8:00am - 9:00pm
Tampines,ProHealth Medical Group @ Tampines,PH,08:00,21:00,480,1260,False,8:00am - 9:00pm
Tampines,SATA 5 CommHealth Medical Centre (Tampines),Mon,08:30,12:00,510,720,False,8:30am - 12:00pm
Tampines,SATA 5 CommHealth Medical Centre (Tampines),Mon,13:30,17:00,810,1020,False,1:30pm - 5:00pm
Tampines,SATA 5 CommHealth Medical Centre (Tampines),Tues,08:30,12:00,510,720,False,8:30am - 12:00pm
Tampines,SATA 5 CommHealth Medical Centre (Tampines),Tues,13:30,17:00,810,1020,False,1:30pm - 5:00pm
Tampines,SATA 5 CommHealth Medical Centre (Tampines),Wed,08:30,12:00,510,720,False,8:30am - 12:00pm
Tampines,SATA 5 CommHealth Medical Centre (Tampines),Wed,13:30,17:00,810,1020,False,1:30pm - 5:00pm
Tampines,SATA 5 CommHealth Medical Centre (Tampines),Thurs,08:30,12:00,510,720,False,8:30am - 12:00pm
Tampines,SATA 5 CommHealth Medical Centre (Tampines),Thurs,13:30,17:00,810,1020,False,1:30pm - 5:00pm
Tampines,SATA 5 CommHealth Medical Centre (Tampines),Fri,08:30,12:00,510,720,False,8:30am - 12:00pm
Tampines,SATA 5 CommHealth Medical Centre (Tampines),Fri,13:30,17:00,810,1020,False,1:30pm - 5:00pm
Tampines,SATA 5 CommHealth Medical Centre (Tampines),Sat,08:30,12:30,510,750,False,8:30am - 12:30pm
Tampines,Shenton Family Medical Clinic (Tampines),Mon,08:30,13:00,510,780,False,8:30am - 1:00pm
Tampines,Shenton Family Medical Clinic (Tampines),Mon,14:00,17:00,840,1020,False,2:00pm - 5:00pm
Tampines,Shenton Family Medical Clinic (Tampines),Mon,19:00,21:00,1140,1260,False,7:00pm - 9:00pm
Tampines,Shenton Family Medical Clinic (Tampines),Tues,08:30,13:00,510,780,False,8:30am - 1:00pm
Tampines,Shenton Family Medical Clinic (Tampines),Tues,14:00,17:00,840,1020,False,2:00pm - 5:00pm
Tampines,Shenton Family Medical Clinic (Tampines),Tues,19:00,21:00,1140,1260,False,7:00pm - 9:00pm
Tampines,Shenton Family Medical Clinic (Tampines),Wed,08:30,13:00,510,780,False,8:30am - 1:00pm
Tampines,Shenton Family Medical Clinic (Tampines),Wed,14:00,17:00,840,1020,False,2:00pm - 5:00pm
Tampines,Shenton Family Medical Clinic (Tampines),Wed,19:00,21:00,1140,1260,False,7:00pm - 9:00pm
Tampines,Shenton Family Medical Clinic (Tampines),Thurs,08:30,13:00,510,780,False,8:30am - 1:00pm
Tampines,Shenton Family Medical Clinic (Tampines),Thurs,14:00,17:00,840,1020,False,2:00pm - 5:00pm
Tampines,Shenton Family Medical Clinic (Tampines),Fri,08:30,13:00,510,780,False,8:30am - 1:00pm
Tampines,Shenton Family Medical Clinic (Tampines),Fri,14:00,17:00,840,1020,False,2:00pm - 5:00pm
Tampines,Shenton Family Medical Clinic (Tampines),Sat,08:30,12:30,510,750,False,8:30am - 12:30pm
Tampines,Shifa Clinic (Tampines),Mon,09:00,12:30,540,750,False,9:00am - 12:30pm
Tampines,Shifa Clinic (Tampines),Mon,14:00,16:30,840,990,False,2:00pm - 4:30pm
Tampines,Shifa Clinic (Tampines),Mon,09:00,12:30,540,750,False,9:00am - 12:30pm
Tampines,Shifa Clinic (Tampines),Tues,09:00,12:30,540,750,False,9:00am - 12:30pm
Tampines,Shifa Clinic (Tampines),Tues,14:00,16:30,840,990,False,2:00pm - 4:30pm
Tampines,Shifa Clinic (Tampines),Tues,09:00,12:30,540,750,False,9:00am - 12:30pm
Tampines,Shifa Clinic (Tampines),Wed,09:00,12:30,540,750,False,9:00am - 12:30pm
Tampines,Shifa Clinic (Tampines),Wed,14:00,16:30,840,990,False,2:00pm - 4:30pm
Tampines,Shifa Clinic (Tampines),Wed,09:00,12:30,540,750,False,9:00am - 12:30pm
Tampines,Shifa Clinic (Tampines),Thurs,09:00,12:30,540,750,False,9:00am - 12:30pm
Tampines,Shifa Clinic (Tampines),Thurs,14:00,16:30,840,990,False,2:00pm - 4:30pm
Tampines,Shifa Clinic (Tampines),Thurs,09:00,12:30,540,750,False,9:00am - 12:30pm
Tampines,Shifa Clinic (Tampines),Fri,09:00,12:30,540,750,False,9:00am - 12:30pm
Tampines,Shifa Clinic (Tampines),Fri,14:00,16:30,840,990,False,2:00pm - 4:30pm
Tampines,Shifa Clinic (Tampines),Fri,09:00,12:30,540,750,False,9:00am - 12:30pm
Tampines,Street 21 Clinic Tampines Pte Ltd,Mon,08:30,12:30,510,750,False,8:30am - 12:30pm
Tampines,Street 21 Clinic Tampines Pte Ltd,Mon,16:30,19:30,990,1170,False,4:30pm - 7:30pm
Tampines,Street 21 Clinic Tampines Pte Ltd,Tues,08:30,12:30,510,750,False,8:30am - 12:30pm
Tampines,Street 21 Clinic Tampines Pte Ltd,Tues,16:30,19:30,990,1170,False,4:30pm - 7:30pm
Tampines,Street 21 Clinic Tampines Pte Ltd,Wed,08:30,12:30,510,750,False,8:30am - 12:30pm
Tampines,Street 21 Clinic Tampines Pte Ltd,Wed,16:30,19:30,990,1170,False,4:30pm - 7:30pm
Tampines,Street 21 Clinic Tampines Pte Ltd,Thurs,08:30,12:30,510,750,False,8:30am - 12:30pm
Tampines,Street 21 Clinic Tampines Pte Ltd,Thurs,16:30,19:30,990,1170,False,4:30pm - 7:30pm
Tampines,Street 21 Clinic Tampines Pte Ltd,Fri,08:30,12:30,510,750,False,8:30am - 12:30pm
Tampines,Street 21 Clinic Tampines Pte Ltd,Fri,16:30,19:30,990,1170,False,4:30pm - 7:30pm
Tampines,Street 21 Clinic Tampines Pte Ltd,Sat,08:30,12:30,510,750,False,8:30am - 12:30pm
Tampines,Street 21 Clinic Tampines Pte Ltd,Sun,15:00,18:00,900,1080,False,3:00pm - 6:00pm
Tampines,Street 21 Clinic Tampines Pte Ltd,PH,08:30,12:30,510,750,False,8:30am - 12:30pm
Tampines,Street 11 Clinic,Mon,08:00,13:00,480,780,False,8:00am - 1:00pm
Tampines,Street 11 Clinic,Tues,08:00,13:00,480,780,False,8:00am - 1:00pm
Tampines,Street 11 Clinic,Wed,08:00,13:00,480,780,False,8:00am - 1:00pm
Tampines,Street 11 Clinic,Wed,18:00,21:00,1080,1260,False,6:00pm - 9:00pm
Tampines,Street 11 Clinic,Thurs,13:30,15:00,810,900,False,1:30pm - 3:00pm
Tampines,Street 11 Clinic,Thurs,18:00,21:00,1080,1260,False,6:00pm - 9:00pm
Tampines,Street 11 Clinic,Fri,13:30,15:00,810,900,False,1:30pm - 3:00pm
Tampines,Street 11 Clinic,Fri,18:00,21:00,1080,1260,False,6:00pm - 9:00pm
Tampines,Street 11 Clinic,Sat,08:30,13:00,510,780,False,8:30am - 1:00pm
Tampines,Tampines West Family Clinic,Mon,09:00,14:00,540,840,False,9:00am - 2:00pm
Tampines,Tampines West Family Clinic,Mon,14:00,17:00,840,1020,False,2:00pm - 5:00pm
Tampines,Tampines West Family Clinic,Mon,18:00,21:00,1080,1260,False,6:00pm - 9:00pm
Tampines,Tampines West Family Clinic,Tues,09:00,14:00,540,840,False,9:00am - 2:00pm
Tampines,Tampines West Family Clinic,Tues,14:00,17:00,840,1020,False,2:00pm - 5:00pm
Tampines,Tampines West Family Clinic,Tues,18:00,21:00,1080,1260,False,6:00pm - 9:00pm
Tampines,Tampines West Family Clinic,Wed,09:00,14:00,540,840,False,9:00am - 2:00pm
Tampines,Tampines West Family Clinic,Wed,14:00,17:00,840,1020,False,2:00pm - 5:00pm
Tampines,Tampines West Family Clinic,Wed,18:00,21:00,1080,1260,False,6:00pm - 9:00pm
Tampines,Tampines West Family Clinic,Thurs,09:00,14:00,540,840,False,9:00am - 2:00pm
Tampines,Tampines West Family Clinic,Thurs,14:00,17:00,840,1020,False,2:00pm - 5:00pm
Tampines,Tampines West Family Clinic,Thurs,18:00,21:00,1080,1260,False,6:00pm - 9:00pm
Tampines,Tampines West Family Clinic,Fri,09:00,14:00,540,840,False,9:00am - 2:00pm
Tampines,Tampines West Family Clinic,Fri,14:00,17:00,840,1020,False,2:00pm - 5:00pm
Tampines,Tampines West Family Clinic,Sat,09:00,12:30,540,750,False,9:00am - 12:30pm
Tampines,Tampines West Family Clinic,Sun,09:00,12:30,540,750,False,9:00am - 12:30pm
Tiong Bahru,Havelock Family 22 Clinic,Mon,09:00,13:00,540,780,False,9:00am - 1:00pm
Tiong Bahru,Havelock Family 22 Clinic,Mon,14:00,17:00,840,1020,False,2:00pm - 5:00pm
Tiong Bahru,Havelock Family 22 Clinic,Tues,09:00,13:00,540,780,False,9:00am - 1:00pm
Tiong Bahru,Havelock Family 22 Clinic,Tues,14:00,17:00,840,1020,False,2:00pm - 5:00pm
Tiong Bahru,Havelock Family 22 Clinic,Wed,09:00,13:00,540,780,False,9:00am - 1:00pm
Tiong Bahru,Havelock Family 22 Clinic,Wed,14:00,17:00,840,1020,False,2:00pm - 5:00pm
Tiong Bahru,Havelock Family 22 Clinic,Thurs,09:00,13:00,540,780,False,9:00am - 1:00pm
Tiong Bahru,Havelock Family 22 Clinic,Thurs,14:00,17:00,840,1020,False,2:00pm - 5:00pm
Tiong Bahru,Havelock Family 22 Clinic,Fri,09:00,13:00,540,780,False,9:00am - 1:00pm
Tiong Bahru,Havelock Family 22 Clinic,Fri,14:00,17:00,840,1020,False,2:00pm - 5:00pm
Tiong Bahru,Havelock Family 22 Clinic,Sat,09:00,13:00,540,780,False,9:00am - 1:00pm
Tiong Bahru,Healthway 18 Medical (Jalan Membina),Mon,08:30,13:00,510,780,False,8:30am - 1:00pm
Tiong Bahru,Healthway 18 Medical (Jalan Membina),Mon,14:00,17:00,840,1020,False,2:00pm - 5:00pm
Tiong Bahru,Healthway 18 Medical (Jalan Membina),Mon,18:00,21:00,1080,1260,False,6:00pm - 9:00pm
Tiong Bahru,Healthway 18 Medical (Jalan Membina),Tues,08:30,13:00,510,780,False,8:30am - 1:00pm
Tiong Bahru,Healthway 18 Medical (Jalan Membina),Wed,08:30,13:00,510,780,False,8:30am - 1:00pm
Tiong Bahru,Healthway 18 Medical (Jalan Membina),Thurs,08:30,13:00,510,780,False,8:30am - 1:00pm
Tiong Bahru,Healthway 18 Medical (Jalan Membina),Thurs,14:00,17:00,840,1020,False,2:00pm - 5:00pm
Tiong Bahru,Healthway 18 Medical (Jalan Membina),Thurs,18:00,21:00,1080,1260,False,6:00pm - 9:00pm
Tiong Bahru,Healthway 18 Medical (Jalan Membina),Fri,14:00,17:00,840,1020,False,2:00pm - 5:00pm
Tiong Bahru,Healthway 18 Medical (Jalan Membina),Sat,08:30,13:00,510,780,False,8:30am - 1:00pm
Tiong Bahru,Kao & Tan Family 18 Medical Centre & Surgery (Prohealth Medical Group Of Clinics),Mon,07:00,22:00,420,1320,False,7:00am - 10:00pm
Tiong Bahru,Kao & Tan Family 18 Medical Centre & Surgery (Prohealth Medical Group Of Clinics),Tues,07:00,22:00,420,1320,False,7:00am - 10:00pm
Tiong Bahru,Kao & Tan Family 18 Medical Centre & Surgery (Prohealth Medical Group Of Clinics),Wed,07:00,22:00,420,1320,False,7:00am - 10:00pm
Tiong Bahru,Kao & Tan Family 18 Medical Centre & Surgery (Prohealth Medical Group Of Clinics),Thurs,07:00,22:00,420,1320,False,7:00am - 10:00pm
Tiong Bahru,Kao & Tan Family 18 Medical Centre & Surgery (Prohealth Medical Group Of Clinics),Fri,07:00,22:00,420,1320,False,7:00am - 10:00pm
Tiong Bahru,Kao & Tan Family 18 Medical Centre & Surgery (Prohealth Medical Group Of Clinics),Sat,07:00,22:00,420,1320,False,7:00am - 10:00pm
Tiong Bahru,Kao & Tan Family 18 Medical Centre & Surgery (Prohealth Medical Group Of Clinics),Sun,07:00,22:00,420,1320,False,7:00am - 10:00pm
Tiong Bahru,Kao & Tan Family 18 Medical Centre & Surgery (Prohealth Medical Group Of Clinics),PH,07:00,22:00,420,1320,False,7:00am - 10:00pm
Tiong Bahru,The Good Clinic,Mon,08:00,14:00,480,840,False,8:00am - 2:00pm
Tiong Bahru,The Good Clinic,Mon,17:00,20:00,1020,1200,False,5:00pm - 8:00pm
Tiong Bahru,The Good Clinic,Tues,08:00,14:00,480,840,False,8:00am - 2:00pm
Tiong Bahru,The Good Clinic,Tues,17:00,20:00,1020,1200,False,5:00pm - 8:00pm
Tiong Bahru,The Good Clinic,Wed,08:00,14:00,480,840,False,8:00am - 2:00pm
Tiong Bahru,The Good Clinic,Wed,17:00,20:00,1020,1200,False,5:00pm - 8:00pm
Tiong Bahru,The Good Clinic,Thurs,08:00,14:00,480,840,False,8:00am - 2:00pm
Tiong Bahru,The Good Clinic,Thurs,17:00,20:00,1020,1200,False,5:00pm - 8:00pm
Tiong Bahru,The Good Clinic,Fri,08:00,14:00,480,840,False,8:00am - 2:00pm
Tiong Bahru,The Good Clinic,Fri,17:00,20:00,1020,1200,False,5:00pm - 8:00pm
Tiong Bahru,The Good Clinic,Sat,08:00,12:00,480,720,False,8:00am - 12:00pm
Tiong Bahru,The Good Clinic,Sun,08:00,12:00,480,720,False,8:00am - 12:00pm
Tiong Bahru,WhiteCoat Clinic 7 Yong Siak,Mon,09:00,13:00,540,780,False,9:00am - 1:00pm
Tiong Bahru,WhiteCoat Clinic 7 Yong Siak,Mon,14:00,18:00,840,1080,False,2:00pm - 6:00pm
Tiong Bahru,WhiteCoat Clinic 7 Yong Siak,Tues,09:00,13:00,540,780,False,9:00am - 1:00pm
Tiong Bahru,WhiteCoat Clinic 7 Yong Siak,Tues,14:00,18:00,840,1080,False,2:00pm - 6:00pm
Tiong Bahru,WhiteCoat Clinic 7 Yong Siak,Wed,09:00,13:00,540,780,False,9:00am - 1:00pm
Tiong Bahru,WhiteCoat Clinic 7 Yong Siak,Wed,14:00,18:00,840,1080,False,2:00pm - 6:00pm
Tiong Bahru,WhiteCoat Clinic 7 Yong Siak,Thurs,09:00,13:00,540,780,False,9:00am - 1:00pm
Tiong Bahru,WhiteCoat Clinic 7 Yong Siak,Thurs,14:00,18:00,840,1080,False,2:00pm - 6:00pm
Tiong Bahru,WhiteCoat Clinic 7 Yong Siak,Fri,09:00,13:00,540,780,False,9:00am - 1:00pm
Tiong Bahru,WhiteCoat Clinic 7 Yong Siak,Fri,14:00,18:00,840,1080,False,2:00pm - 6:00pm
Tiong Bahru,WhiteCoat Clinic 7 Yong Siak,Sat,09:00,13:00,540,780,False,9:00am - 1:00pm
Toa Payoh,Brighton Medical 83 Clinic,Mon,08:30,13:00,510,780,False,8:30am - 1:00pm
Toa Payoh,Brighton Medical 83 Clinic,Mon,14:00,17:00,840,1020,False,2:00pm - 5:00pm
Toa Payoh,Brighton Medical 83 Clinic,Mon,18:30,23:00,1110,1380,False,6:30pm - 11:00pm
Toa Payoh,Brighton Medical 83 Clinic,Tues,08:30,13:00,510,780,False,8:30am - 1:00pm
Toa Payoh,Brighton Medical 83 Clinic,Tues,14:00,17:00,840,1020,False,2:00pm - 5:00pm
Toa Payoh,Brighton Medical 83 Clinic,Tues,18:30,23:00,1110,1380,False,6:30pm - 11:00pm
Toa Payoh,Brighton Medical 83 Clinic,Wed,08:30,13:00,510,780,False,8:30am - 1:00pm
Toa Payoh,Brighton Medical 83 Clinic,Wed,14:00,17:00,840,1020,False,2:00pm - 5:00pm
Toa Payoh,Brighton Medical 83 Clinic,Wed,18:30,23:00,1110,1380,False,6:30pm - 11:00pm
Toa Payoh,Brighton Medical 83 Clinic,Thurs,08:30,13:00,510,780,False,8:30am - 1:00pm
Toa Payoh,Brighton Medical 83 Clinic,Thurs,14:00,17:00,840,1020,False,2:00pm - 5:00pm
Toa Payoh,Brighton Medical 83 Clinic,Thurs,18:30,23:00,1110,1380,False,6:30pm - 11:00pm
Toa Payoh,Brighton Medical 83 Clinic,Fri,08:30,13:00,510,780,False,8:30am - 1:00pm
Toa Payoh,Brighton Medical 83 Clinic,Fri,14:00,17:00,840,1020,False,2:00pm - 5:00pm
Toa Payoh,Brighton Medical 83 Clinic,Fri,18:30,23:00,1110,1380,False,6:30pm - 11:00pm
Toa Payoh,Brighton Medical 83 Clinic,Sat,08:30,13:00,510,780,False,8:30am - 1:00pm
Toa Payoh,Brighton Medical 83 Clinic,Sat,14:00,17:00,840,1020,False,2:00pm - 5:00pm
Toa Payoh,Brighton Medical 83 Clinic,Sat,18:30,23:00,1110,1380,False,6:30pm - 11:00pm
Toa Payoh,Brighton Medical 83 Clinic,Sun,08:30,13:00,510,780,False,8:30am - 1:00pm
Toa Payoh,Brighton Medical 83 Clinic,Sun,14:00,17:00,840,1020,False,2:00pm - 5:00pm
Toa Payoh,Brighton Medical 83 Clinic,PH,08:30,13:00,510,780,False,8:30am - 1:00pm
Toa Payoh,Brighton Medical 83 Clinic,PH,14:00,17:00,840,1020,False,2:00pm - 5:00pm
Toa Payoh,Brighton Medical 83 Clinic,PH,18:30,23:00,1110,1380,False,6:30pm - 11:00pm
Toa Payoh,Camry Medical 95 Centre,Mon,08:30,12:00,510,720,False,8:30am - 12:00pm
Toa Payoh,Camry Medical 95 Centre,Mon,13:00,16:00,780,960,False,1:00pm - 4:00pm
Toa Payoh,Camry Medical 95 Centre,Tues,08:30,12:00,510,720,False,8:30am - 12:00pm
Toa Payoh,Camry Medical 95 Centre,Tues,13:00,16:00,780,960,False,1:00pm - 4:00pm
Toa Payoh,Camry Medical 95 Centre,Wed,08:30,12:00,510,720,False,8:30am - 12:00pm
Toa Payoh,Camry Medical 95 Centre,Wed,13:00,16:00,780,960,False,1:00pm - 4:00pm
Toa Payoh,Camry Medical 95 Centre,Thurs,08:30,12:00,510,720,False,8:30am - 12:00pm
Toa Payoh,Camry Medical 95 Centre,Thurs,13:00,16:00,780,960,False,1:00pm - 4:00pm
Toa Payoh,Camry Medical 95 Centre,Fri,08:30,12:00,510,720,False,8:30am - 12:00pm
Toa Payoh,Camry Medical 95 Centre,Fri,13:00,16:00,780,960,False,1:00pm - 4:00pm
Toa Payoh,Camry Medical 95 Centre,Sat,08:30,12:00,510,720,False,8:30am - 12:00pm
Toa Payoh,178 Joyce & Partners Family Clinic,Mon,08:30,13:00,510,780,False,8:30am - 1:00pm
Toa Payoh,178 Joyce & Partners Family Clinic,Mon,18:00,20:30,1080,1230,False,6:00pm - 8:30pm
Toa Payoh,178 Joyce & Partners Family Clinic,Tues,08:30,13:00,510,780,False,8:30am - 1:00pm
Toa Payoh,178 Joyce & Partners Family Clinic,Tues,18:00,20:30,1080,1230,False,6:00pm - 8:30pm
Toa Payoh,178 Joyce & Partners Family Clinic,Wed,08:30,13:00,510,780,False,8:30am - 1:00pm
Toa Payoh,178 Joyce & Partners Family Clinic,Wed,18:00,20:30,1080,1230,False,6:00pm - 8:30pm
Toa Payoh,178 Joyce & Partners Family Clinic,Thurs,08:30,13:00,510,780,False,8:30am - 1:00pm
Toa Payoh,178 Joyce & Partners Family Clinic,Thurs,18:00,20:30,1080,1230,False,6:00pm - 8:30pm
Toa Payoh,178 Joyce & Partners Family Clinic,Fri,08:30,13:00,510,780,False,8:30am - 1:00pm
Toa Payoh,178 Joyce & Partners Family Clinic,Sat,14:00,16:00,840,960,False,2:00pm - 4:00pm
Toa Payoh,Finest Health 19 Medical Centre,Mon,08:30,12:30,510,750,False,8:30am - 12:30pm
Toa Payoh,Finest Health 19 Medical Centre,Mon,19:00,22:00,1140,1320,False,7:00pm - 10:00pm
Toa Payoh,Finest Health 19 Medical Centre,Mon,08:30,12:30,510,750,False,8:30am - 12:30pm
Toa Payoh,Finest Health 19 Medical Centre,Wed,08:30,12:30,510,750,False,8:30am - 12:30pm
Toa Payoh,Finest Health 19 Medical Centre,Wed,19:00,22:00,1140,1320,False,7:00pm - 10:00pm
Toa Payoh,Finest Health 19 Medical Centre,Wed,08:30,12:30,510,750,False,8:30am - 12:30pm
Toa Payoh,Healthcare United 70 Toa,Mon,08:00,13:00,480,780,False,8:00am - 1:00pm
Toa Payoh,Healthcare United 70 Toa,Mon,14:00,17:00,840,1020,False,2:00pm - 5:00pm
Toa Payoh,Healthcare United 70 Toa,Tues,08:00,13:00,480,780,False,8:00am - 1:00pm
Toa Payoh,Healthcare United 70 Toa,Tues,14:00,17:00,840,1020,False,2:00pm - 5:00pm
Toa Payoh,Healthcare United 70 Toa,Wed,08:00,13:00,480,780,False,8:00am - 1:00pm
Toa Payoh,Healthcare United 70 Toa,Wed,14:00,17:00,840,1020,False,2:00pm - 5:00pm
Toa Payoh,Healthcare United 70 Toa,Thurs,08:00,13:00,480,780,False,8:00am - 1:00pm
Toa Payoh,Healthcare United 70 Toa,Thurs,14:00,17:00,840,1020,False,2:00pm - 5:00pm
Toa Payoh,Healthcare United 70 Toa,Fri,08:00,13:00,480,780,False,8:00am - 1:00pm
Toa Payoh,Healthcare United 70 Toa,Fri,14:00,17:00,840,1020,False,2:00pm - 5:00pm
Toa Payoh,Healthcare United 70 Toa,Sun,08:30,12:30,510,750,False,8:30am - 12:30pm
Toa Payoh,HeartlandHealth 124 (Braddell Medical Clinic),Mon,08:00,13:00,480,780,False,8:00am - 1:00pm
Toa Payoh,HeartlandHealth 124 (Braddell Medical Clinic),Mon,18:00,23:00,1080,1380,False,6:00pm - 11:00pm
Toa Payoh,HeartlandHealth 124 (Braddell Medical Clinic),Tues,08:00,13:00,480,780,False,8:00am - 1:00pm
Toa Payoh,HeartlandHealth 124 (Braddell Medical Clinic),Tues,18:00,23:00,1080,1380,False,6:00pm - 11:00pm
Toa Payoh,HeartlandHealth 124 (Braddell Medical Clinic),Wed,08:00,13:00,480,780,False,8:00am - 1:00pm
Toa Payoh,HeartlandHealth 124 (Braddell Medical Clinic),Wed,18:00,23:00,1080,1380,False,6:00pm - 11:00pm
Toa Payoh,HeartlandHealth 124 (Braddell Medical Clinic),Thurs,08:00,13:00,480,780,False,8:00am - 1:00pm
Toa Payoh,HeartlandHealth 124 (Braddell Medical Clinic),Thurs,18:00,23:00,1080,1380,False,6:00pm - 11:00pm
Toa Payoh,HeartlandHealth 124 (Braddell Medical Clinic),Fri,08:00,13:00,480,780,False,8:00am - 1:00pm
Toa Payoh,HeartlandHealth 124 (Braddell Medical Clinic),Fri,18:00,23:00,1080,1380,False,6:00pm - 11:00pm
Toa Payoh,HeartlandHealth 124 (Braddell Medical Clinic),Sat,08:00,13:00,480,780,False,8:00am - 1:00pm
Toa Payoh,HeartlandHealth 124 (Braddell Medical Clinic),Sat,18:00,23:00,1080,1380,False,6:00pm - 11:00pm
Toa Payoh,HeartlandHealth 124 (Braddell Medical Clinic),Sun,08:00,13:00,480,780,False,8:00am - 1:00pm
Toa Payoh,HeartlandHealth 124 (Braddell Medical Clinic),Sun,18:00,23:00,1080,1380,False,6:00pm - 11:00pm
Toa Payoh,HeartlandHealth 124 (Braddell Medical Clinic),PH,08:00,13:00,480,780,False,8:00am - 1:00pm
Toa Payoh,HeartlandHealth 124 (Braddell Medical Clinic),PH,18:00,23:00,1080,1380,False,6:00pm - 11:00pm
Toa Payoh,HeartlandHealth 19 (Kim Keat),Mon,07:00,23:00,420,1380,False,7:00am - 11:00pm
Toa Payoh,HeartlandHealth 19 (Kim Keat),Tues,07:00,23:00,420,1380,False,7:00am - 11:00pm
Toa Payoh,HeartlandHealth 19 (Kim Keat),Wed,07:00,23:00,420,1380,False,7:00am - 11:00pm
Toa Payoh,HeartlandHealth 19 (Kim Keat),Thurs,07:00,23:00,420,1380,False,7:00am - 11:00pm
Toa Payoh,HeartlandHealth 19 (Kim Keat),Fri,07:00,23:00,420,1380,False,7:00am - 11:00pm
Toa Payoh,HeartlandHealth 19 (Kim Keat),Sat,07:00,13:00,420,780,False,7:00am - 1:00pm
Toa Payoh,HeartlandHealth 19 (Kim Keat),Sat,18:00,23:00,1080,1380,False,6:00pm - 11:00pm
Toa Payoh,HeartlandHealth 19 (Kim Keat),Sun,07:00,13:00,420,780,False,7:00am - 1:00pm
Toa Payoh,HeartlandHealth 19 (Kim Keat),Sun,18:00,23:00,1080,1380,False,6:00pm - 11:00pm
Toa Payoh,HeartlandHealth 19 (Kim Keat),PH,07:00,13:00,420,780,False,7:00am - 1:00pm
Toa Payoh,HeartlandHealth 19 (Kim Keat),PH,18:00,23:00,1080,1380,False,6:00pm - 11:00pm
Toa Payoh,HeartlandHealth 66 (Toa Payoh),Mon,08:00,13:00,480,780,False,8:00am - 1:00pm
Toa Payoh,HeartlandHealth 66 (Toa Payoh),Mon,18:00,23:00,1080,1380,False,6:00pm - 11:00pm
Toa Payoh,HeartlandHealth 66 (Toa Payoh),Tues,08:00,13:00,480,780,False,8:00am - 1:00pm
Toa Payoh,HeartlandHealth 66 (Toa Payoh),Tues,18:00,23:00,1080,1380,False,6:00pm - 11:00pm
Toa Payoh,HeartlandHealth 66 (Toa Payoh),Wed,08:00,13:00,480,780,False,8:00am - 1:00pm
Toa Payoh,HeartlandHealth 66 (Toa Payoh),Wed,18:00,23:00,1080,1380,False,6:00pm - 11:00pm
Toa Payoh,HeartlandHealth 66 (Toa Payoh),Thurs,08:00,13:00,480,780,False,8:00am - 1:00pm
Toa Payoh,HeartlandHealth 66 (Toa Payoh),Thurs,18:00,23:00,1080,1380,False,6:00pm - 11:00pm
Toa Payoh,HeartlandHealth 66 (Toa Payoh),Fri,08:00,13:00,480,780,False,8:00am - 1:00pm
Toa Payoh,HeartlandHealth 66 (Toa Payoh),Fri,18:00,23:00,1080,1380,False,6:00pm - 11:00pm
Toa Payoh,HeartlandHealth 66 (Toa Payoh),Sat,08:00,13:00,480,780,False,8:00am - 1:00pm
Toa Payoh,HeartlandHealth 66 (Toa Payoh),Sat,18:00,23:00,1080,1380,False,6:00pm - 11:00pm
Toa Payoh,HeartlandHealth 66 (Toa Payoh),Sun,08:00,13:00,480,780,False,8:00am - 1:00pm
Toa Payoh,HeartlandHealth 66 (Toa Payoh),Sun,18:00,23:00,1080,1380,False,6:00pm - 11:00pm
Toa Payoh,HeartlandHealth 66 (Toa Payoh),PH,08:00,13:00,480,780,False,8:00am - 1:00pm
Toa Payoh,HeartlandHealth 66 (Toa Payoh),PH,18:00,23:00,1080,1380,False,6:00pm - 11:00pm
Toa Payoh,Kingsway Medical 109 Clinic (Braddell MRT),Mon,08:30,13:00,510,780,False,8:30am - 1:00pm
Toa Payoh,Kingsway Medical 109 Clinic (Braddell MRT),Mon,14:00,17:30,840,1050,False,2:00pm - 5:30pm
Toa Payoh,Kingsway Medical 109 Clinic (Braddell MRT),Mon,18:00,22:00,1080,1320,False,6:00pm - 10:00pm
Toa Payoh,Kingsway Medical 109 Clinic (Braddell MRT),Mon,13:00,22:00,780,1320,False,1:00pm - 10:00pm
Toa Payoh,Kingsway Medical 109 Clinic (Braddell MRT),Tues,08:30,13:00,510,780,False,8:30am - 1:00pm
Toa Payoh,Kingsway Medical 109 Clinic (Braddell MRT),Tues,14:00,17:30,840,1050,False,2:00pm - 5:30pm
Toa Payoh,Kingsway Medical 109 Clinic (Braddell MRT),Tues,18:00,22:00,1080,1320,False,6:00pm - 10:00pm
Toa Payoh,Kingsway Medical 109 Clinic (Braddell MRT),Tues,13:00,22:00,780,1320,False,1:00pm - 10:00pm
Toa Payoh,Kingsway Medical 109 Clinic (Braddell MRT),Wed,08:30,13:00,510,780,False,8:30am - 1:00pm
Toa Payoh,Kingsway Medical 109 Clinic (Braddell MRT),Wed,14:00,17:30,840,1050,False,2:00pm - 5:30pm
Toa Payoh,Kingsway Medical 109 Clinic (Braddell MRT),Wed,18:00,22:00,1080,1320,False,6:00pm - 10:00pm
Toa Payoh,Kingsway Medical 109 Clinic (Braddell MRT),Wed,13:00,22:00,780,1320,False,1:00pm - 10:00pm
Toa Payoh,Kingsway Medical 109 Clinic (Braddell MRT),Thurs,08:30,13:00,510,780,False,8:30am - 1:00pm
Toa Payoh,Kingsway Medical 109 Clinic (Braddell MRT),Thurs,14:00,17:30,840,1050,False,2:00pm - 5:30pm
Toa Payoh,Kingsway Medical 109 Clinic (Braddell MRT),Thurs,18:00,22:00,1080,1320,False,6:00pm - 10:00pm
Toa Payoh,Kingsway Medical 109 Clinic (Braddell MRT),Thurs,13:00,22:00,780,1320,False,1:00pm - 10:00pm
Toa Payoh,Kingsway Medical 109 Clinic (Braddell MRT),Fri,08:30,13:00,510,780,False,8:30am - 1:00pm
Toa Payoh,Kingsway Medical 109 Clinic (Braddell MRT),Fri,14:00,17:30,840,1050,False,2:00pm - 5:30pm
Toa Payoh,Kingsway Medical 109 Clinic (Braddell MRT),Fri,18:00,22:00,1080,1320,False,6:00pm - 10:00pm
Toa Payoh,Kingsway Medical 109 Clinic (Braddell MRT),Fri,13:00,22:00,780,1320,False,1:00pm - 10:00pm
Toa Payoh,Kingsway Medical 109 Clinic (Braddell MRT),Sat,08:30,13:00,510,780,False,8:30am - 1:00pm
Toa Payoh,Kingsway Medical 109 Clinic (Braddell MRT),Sat,14:00,17:30,840,1050,False,2:00pm - 5:30pm
Toa Payoh,Kingsway Medical 109 Clinic (Braddell MRT),Sat,18:00,22:00,1080,1320,False,6:00pm - 10:00pm
Toa Payoh,Kingsway Medical 109 Clinic (Braddell MRT),Sat,13:00,22:00,780,1320,False,1:00pm - 10:00pm
Toa Payoh,Family Clinic 79D (Toa Payoh Central),Mon,08:30,14:00,510,840,False,8:30am - 2:00pm
Toa Payoh,Family Clinic 79D (Toa Payoh Central),Mon,14:30,16:30,870,990,False,2:30pm - 4:30pm
Toa Payoh,Family Clinic 79D (Toa Payoh Central),Mon,18:00,22:00,1080,1320,False,6:00pm - 10:00pm
Toa Payoh,Family Clinic 79D (Toa Payoh Central),Tues,08:30,14:00,510,840,False,8:30am - 2:00pm
Toa Payoh,Family Clinic 79D (Toa Payoh Central),Tues,14:30,16:30,870,990,False,2:30pm - 4:30pm
Toa Payoh,Family Clinic 79D (Toa Payoh Central),Tues,18:00,22:00,1080,1320,False,6:00pm - 10:00pm
Toa Payoh,Family Clinic 79D (Toa Payoh Central),Wed,08:30,14:00,510,840,False,8:30am - 2:00pm
Toa Payoh,Family Clinic 79D (Toa Payoh Central),Wed,18:00,22:00,1080,1320,False,6:00pm - 10:00pm
Toa Payoh,Family Clinic 79D (Toa Payoh Central),Thurs,08:30,14:00,510,840,False,8:30am - 2:00pm
Toa Payoh,Family Clinic 79D (Toa Payoh Central),Thurs,18:00,22:00,1080,1320,False,6:00pm - 10:00pm
Toa Payoh,Family Clinic 79D (Toa Payoh Central),Fri,08:30,14:00,510,840,False,8:30am - 2:00pm
Toa Payoh,Family Clinic 79D (Toa Payoh Central),Fri,18:00,22:00,1080,1320,False,6:00pm - 10:00pm
Toa Payoh,Family Clinic 79D (Toa Payoh Central),Sat,08:30,14:00,510,840,False,8:30am - 2:00pm
Toa Payoh,Family Clinic 79D (Toa Payoh Central),Sun,09:30,12:00,570,720,False,9:30am - 12:00pm
Toa Payoh,Woodleigh Family Clinic,Mon,08:30,13:30,510,810,False,8:30am - 1:30pm
Toa Payoh,Woodleigh Family Clinic,Mon,17:30,21:00,1050,1260,False,5:30pm - 9:00pm
Toa Payoh,Woodleigh Family Clinic,Tues,08:30,13:30,510,810,False,8:30am - 1:30pm
Toa Payoh,Woodleigh Family Clinic,Tues,17:30,21:00,1050,1260,False,5:30pm - 9:00pm
Toa Payoh,Woodleigh Family Clinic,Wed,08:30,13:30,510,810,False,8:30am - 1:30pm
Toa Payoh,Woodleigh Family Clinic,Wed,17:30,21:00,1050,1260,False,5:30pm - 9:00pm
Toa Payoh,Woodleigh Family Clinic,Thurs,08:30,13:30,510,810,False,8:30am - 1:30pm
Toa Payoh,Woodleigh Family Clinic,Thurs,17:30,21:00,1050,1260,False,5:30pm - 9:00pm
Toa Payoh,Woodleigh Family Clinic,Fri,08:30,13:30,510,810,False,8:30am - 1:30pm
Toa Payoh,Woodleigh Family Clinic,Fri,17:30,21:00,1050,1260,False,5:30pm - 9:00pm
Toa Payoh,Woodleigh Family Clinic,Sat,08:30,12:30,510,750,False,8:30am - 12:30pm
Toa Payoh,Woodleigh Family Clinic,Sun,08:30,12:30,510,750,False,8:30am - 12:30pm
Toa Payoh,Woodleigh Family Clinic,Sun,17:30,21:00,1050,1260,False,5:30pm - 9:00pm
Toa Payoh,Bidadari Clinic,Mon,08:30,12:30,510,750,False,8:30am - 12:30pm
Toa Payoh,Bidadari Clinic,Mon,13:00,17:00,780,1020,False,1:00pm - 5:00pm
Toa Payoh,Bidadari Clinic,Tues,08:30,12:30,510,750,False,8:30am - 12:30pm
Toa Payoh,Bidadari Clinic,Tues,13:00,17:00,780,1020,False,1:00pm - 5:00pm
Toa Payoh,Bidadari Clinic,Wed,08:30,12:30,510,750,False,8:30am - 12:30pm
Toa Payoh,Bidadari Clinic,Wed,13:00,17:00,780,1020,False,1:00pm - 5:00pm
Toa Payoh,Bidadari Clinic,Thurs,08:30,12:30,510,750,False,8:30am - 12:30pm
Toa Payoh,Bidadari Clinic,Thurs,13:00,17:00,780,1020,False,1:00pm - 5:00pm
Toa Payoh,Bidadari Clinic,Fri,08:30,12:30,510,750,False,8:30am - 12:30pm
Toa Payoh,Bidadari Clinic,Fri,13:00,17:00,780,1020,False,1:00pm - 5:00pm
Toa Payoh,Bidadari Clinic,Sat,08:30,12:30,510,750,False,8:30am - 12:30pm
Toa Payoh,Union Medical 148 Clinic & Surgery (Toa Payoh),Mon,08:30,14:00,510,840,False,8:30am - 2:00pm
Toa Payoh,Union Medical 148 Clinic & Surgery (Toa Payoh),Mon,18:00,21:00,1080,1260,False,6:00pm - 9:00pm
Toa Payoh,Union Medical 148 Clinic & Surgery (Toa Payoh),Tues,08:30,14:00,510,840,False,8:30am - 2:00pm
Toa Payoh,Union Medical 148 Clinic & Surgery (Toa Payoh),Tues,18:00,21:00,1080,1260,False,6:00pm - 9:00pm
Toa Payoh,Union Medical 148 Clinic & Surgery (Toa Payoh),Wed,08:30,14:00,510,840,False,8:30am - 2:00pm
Toa Payoh,Union Medical 148 Clinic & Surgery (Toa Payoh),Wed,18:00,21:00,1080,1260,False,6:00pm - 9:00pm
Toa Payoh,Union Medical 148 Clinic & Surgery (Toa Payoh),Thurs,08:30,14:00,510,840,False,8:30am - 2:00pm
Toa Payoh,Union Medical 148 Clinic & Surgery (Toa Payoh),Thurs,18:00,21:00,1080,1260,False,6:00pm - 9:00pm
Toa Payoh,Union Medical 148 Clinic & Surgery (Toa Payoh),Fri,08:30,14:00,510,840,False,8:30am - 2:00pm
Toa Payoh,Union Medical 148 Clinic & Surgery (Toa Payoh),Fri,18:00,21:00,1080,1260,False,6:00pm - 9:00pm
Toa Payoh,Union Medical 148 Clinic & Surgery (Toa Payoh),Sat,08:30,13:00,510,780,False,8:30am - 1:00pm
Thomson,Springleaf Medical,Mon,08:30,12:30,510,750,False,8:30am - 12:30pm
Thomson,Springleaf Medical,Mon,14:00,17:30,840,1050,False,2:00pm - 5:30pm
Thomson,Springleaf Medical,Tues,08:30,12:30,510,750,False,8:30am - 12:30pm
Thomson,Springleaf Medical,Tues,14:00,17:30,840,1050,False,2:00pm - 5:30pm
Thomson,Springleaf Medical,Wed,08:30,12:30,510,750,False,8:30am - 12:30pm
Thomson,Springleaf Medical,Wed,14:00,17:30,840,1050,False,2:00pm - 5:30pm
Thomson,Springleaf Medical,Thurs,08:30,12:30,510,750,False,8:30am - 12:30pm
Thomson,Springleaf Medical,Thurs,14:00,17:30,840,1050,False,2:00pm - 5:30pm
Thomson,Springleaf Medical,Fri,08:30,12:30,510,750,False,8:30am - 12:30pm
Thomson,Springleaf Medical,Fri,14:00,17:30,840,1050,False,2:00pm - 5:30pm
Woodlands,Acumed Medical Group (Woodlands),Mon,08:30,13:00,510,780,False,8:30am - 1:00pm
Woodlands,Acumed Medical Group (Woodlands),Mon,14:00,17:00,840,1020,False,2:00pm - 5:00pm
Woodlands,Acumed Medical Group (Woodlands),Tues,08:30,13:00,510,780,False,8:30am - 1:00pm
Woodlands,Acumed Medical Group (Woodlands),Tues,14:00,17:00,840,1020,False,2:00pm - 5:00pm
Woodlands,Acumed Medical Group (Woodlands),Wed,08:30,13:00,510,780,False,8:30am - 1:00pm
Woodlands,Acumed Medical Group (Woodlands),Wed,14:00,17:00,840,1020,False,2:00pm - 5:00pm
Woodlands,Acumed Medical Group (Woodlands),Thurs,08:30,13:00,510,780,False,8:30am - 1:00pm
Woodlands,Acumed Medical Group (Woodlands),Thurs,14:00,17:00,840,1020,False,2:00pm - 5:00pm
Woodlands,Acumed Medical Group (Woodlands),Fri,08:30,13:00,510,780,False,8:30am - 1:00pm
Woodlands,Acumed Medical Group (Woodlands),Fri,14:00,17:00,840,1020,False,2:00pm - 5:00pm
Woodlands,Acumed Medical Group (Woodlands),Sat,08:30,12:00,510,720,False,8:30am - 12:00pm
Woodlands,Aurora Clinic and Surgery,Mon,09:00,21:00,540,1260,False,9:00am - 9:00pm
Woodlands,Aurora Clinic and Surgery,Tues,09:00,21:00,540,1260,False,9:00am - 9:00pm
Woodlands,Aurora Clinic and Surgery,Wed,09:00,21:00,540,1260,False,9:00am - 9:00pm
Woodlands,Aurora Clinic and Surgery,Thurs,09:00,21:00,540,1260,False,9:00am - 9:00pm
Woodlands,Aurora Clinic and Surgery,Fri,09:00,21:00,540,1260,False,9:00am - 9:00pm
Woodlands,Aurora Clinic and Surgery,Sat,09:00,21:00,540,1260,False,9:00am - 9:00pm
Woodlands,Aurora Clinic and Surgery,Sun,09:00,21:00,540,1260,False,9:00am - 9:00pm
Woodlands,Aurora Clinic and Surgery,PH,09:00,21:00,540,1260,False,9:00am - 9:00pm
Woodlands,Banyan Clinic Pte Ltd,Mon,08:30,14:30,510,870,False,8:30am - 2:30pm
Woodlands,Banyan Clinic Pte Ltd,Mon,17:30,22:30,1050,1350,False,5:30pm - 10:30pm
Woodlands,Banyan Clinic Pte Ltd,Tues,08:30,14:30,510,870,False,8:30am - 2:30pm
Woodlands,Banyan Clinic Pte Ltd,Tues,17:30,22:30,1050,1350,False,5:30pm - 10:30pm
Woodlands,Banyan Clinic Pte Ltd,Wed,08:30,14:30,510,870,False,8:30am - 2:30pm
Woodlands,Banyan Clinic Pte Ltd,Wed,17:30,22:30,1050,1350,False,5:30pm - 10:30pm
Woodlands,Banyan Clinic Pte Ltd,Thurs,08:30,14:30,510,870,False,8:30am - 2:30pm
Woodlands,Banyan Clinic Pte Ltd,Thurs,17:30,22:30,1050,1350,False,5:30pm - 10:30pm
Woodlands,Banyan Clinic Pte Ltd,Fri,08:30,14:30,510,870,False,8:30am - 2:30pm
Woodlands,Banyan Clinic Pte Ltd,Fri,17:30,22:30,1050,1350,False,5:30pm - 10:30pm
Woodlands,Banyan Clinic Pte Ltd,Sat,08:30,14:30,510,870,False,8:30am - 2:30pm
Woodlands,Banyan Clinic Pte Ltd,Sat,17:30,22:30,1050,1350,False,5:30pm - 10:30pm
Woodlands,Banyan Clinic Pte Ltd,Sun,08:30,14:30,510,870,False,8:30am - 2:30pm
Woodlands,Banyan Clinic Pte Ltd,Sun,17:30,22:30,1050,1350,False,5:30pm - 10:30pm
Woodlands,Caring Medical Clinic Woodlands,Mon,08:30,13:30,510,810,False,8:30am - 1:30pm
Woodlands,Caring Medical Clinic Woodlands,Tues,08:30,13:30,510,810,False,8:30am - 1:30pm
Woodlands,Caring Medical Clinic Woodlands,Wed,08:30,13:30,510,810,False,8:30am - 1:30pm
Woodlands,Caring Medical Clinic Woodlands,Thurs,08:30,13:30,510,810,False,8:30am - 1:30pm
Woodlands,Caring Medical Clinic Woodlands,Fri,08:30,13:30,510,810,False,8:30am - 1:30pm
Woodlands,Caring Medical Clinic Woodlands,Sat,08:30,12:30,510,750,False,8:30am - 12:30pm
Woodlands,Caring Medical Clinic Woodlands,Sun,08:30,12:30,510,750,False,8:30am - 12:30pm
Woodlands,Caring Medical Clinic Woodlands,Sun,18:00,21:00,1080,1260,False,6:00pm - 9:00pm
Woodlands,Doctors Clinic and Surgery,Mon,08:30,12:00,510,720,False,8:30am - 12:00pm
Woodlands,Doctors Clinic and Surgery,Mon,14:00,16:30,840,990,False,2:00pm - 4:30pm
Woodlands,Doctors Clinic and Surgery,Mon,18:30,21:00,1110,1260,False,6:30pm - 9:00pm
Woodlands,Doctors Clinic and Surgery,Tues,08:30,12:00,510,720,False,8:30am - 12:00pm
Woodlands,Doctors Clinic and Surgery,Tues,14:00,16:30,840,990,False,2:00pm - 4:30pm
Woodlands,Doctors Clinic and Surgery,Tues,18:30,21:00,1110,1260,False,6:30pm - 9:00pm
Woodlands,Doctors Clinic and Surgery,Wed,08:30,12:00,510,720,False,8:30am - 12:00pm
Woodlands,Doctors Clinic and Surgery,Wed,14:00,16:30,840,990,False,2:00pm - 4:30pm
Woodlands,Doctors Clinic and Surgery,Wed,18:30,21:00,1110,1260,False,6:30pm - 9:00pm
Woodlands,Doctors Clinic and Surgery,Thurs,08:30,12:00,510,720,False,8:30am - 12:00pm
Woodlands,Doctors Clinic and Surgery,Thurs,14:00,16:30,840,990,False,2:00pm - 4:30pm
Woodlands,Doctors Clinic and Surgery,Thurs,18:30,21:00,1110,1260,False,6:30pm - 9:00pm
Woodlands,Doctors Clinic and Surgery,Fri,08:30,12:00,510,720,False,8:30am - 12:00pm
Woodlands,Doctors Clinic and Surgery,Fri,14:00,16:30,840,990,False,2:00pm - 4:30pm
Woodlands,Doctors Clinic and Surgery,Fri,18:30,21:00,1110,1260,False,6:30pm - 9:00pm
Woodlands,Doctors Clinic and Surgery,Sat,08:30,12:00,510,720,False,8:30am - 12:00pm
Woodlands,Doctors Clinic and Surgery,Sun,08:30,12:00,510,720,False,8:30am - 12:00pm
Woodlands,Medical & Paincare Marsiling,Mon,08:00,12:30,480,750,False,8:00am - 12:30pm
Woodlands,Medical & Paincare Marsiling,Mon,13:30,16:30,810,990,False,1:30pm - 4:30pm
Woodlands,Medical & Paincare Marsiling,Mon,19:00,21:00,1140,1260,False,7:00pm - 9:00pm
Woodlands,Medical & Paincare Marsiling,Tues,08:00,12:30,480,750,False,8:00am - 12:30pm
Woodlands,Medical & Paincare Marsiling,Tues,13:30,16:30,810,990,False,1:30pm - 4:30pm
Woodlands,Medical & Paincare Marsiling,Tues,19:00,21:00,1140,1260,False,7:00pm - 9:00pm
Woodlands,Medical & Paincare Marsiling,Wed,08:00,12:30,480,750,False,8:00am - 12:30pm
Woodlands,Medical & Paincare Marsiling,Wed,13:30,16:30,810,990,False,1:30pm - 4:30pm
Woodlands,Medical & Paincare Marsiling,Wed,19:00,21:00,1140,1260,False,7:00pm - 9:00pm
Woodlands,Medical & Paincare Marsiling,Thurs,08:00,12:30,480,750,False,8:00am - 12:30pm
Woodlands,Medical & Paincare Marsiling,Thurs,13:30,16:30,810,990,False,1:30pm - 4:30pm
Woodlands,Medical & Paincare Marsiling,Thurs,19:00,21:00,1140,1260,False,7:00pm - 9:00pm
Woodlands,Medical & Paincare Marsiling,Fri,08:00,12:30,480,750,False,8:00am - 12:30pm
Woodlands,Medical & Paincare Marsiling,Fri,13:30,16:30,810,990,False,1:30pm - 4:30pm
Woodlands,Medical & Paincare Marsiling,Fri,19:00,21:00,1140,1260,False,7:00pm - 9:00pm
Woodlands,Medical & Paincare Marsiling,Sat,08:00,12:30,480,750,False,8:00am - 12:30pm
Woodlands,Medical Woodlands,Mon,08:00,14:00,480,840,False,8:00am - 2:00pm
Woodlands,Medical Woodlands,Mon,17:30,21:00,1050,1260,False,5:30pm - 9:00pm
Woodlands,Medical Woodlands,Tues,08:00,14:00,480,840,False,8:00am - 2:00pm
Woodlands,Medical Woodlands,Tues,17:30,21:00,1050,1260,False,5:30pm - 9:00pm
Woodlands,Medical Woodlands,Wed,08:00,14:00,480,840,False,8:00am - 2:00pm
Woodlands,Medical Woodlands,Wed,17:30,21:00,1050,1260,False,5:30pm - 9:00pm
Woodlands,Medical Woodlands,Thurs,08:00,14:00,480,840,False,8:00am - 2:00pm
Woodlands,Medical Woodlands,Thurs,17:30,21:00,1050,1260,False,5:30pm - 9:00pm
Woodlands,Medical Woodlands,Fri,08:00,14:00,480,840,False,8:00am - 2:00pm
Woodlands,Medical Woodlands,Sat,08:00,12:30,480,750,False,8:00am - 12:30pm
Woodlands,Medical Woodlands,Sun,08:00,12:30,480,750,False,8:00am - 12:30pm
Woodlands,Frontier Medical Associates (Admiralty),Mon,08:00,15:00,480,900,False,8:00am - 3:00pm
Woodlands,Frontier Medical Associates (Admiralty),Mon,18:00,21:00,1080,1260,False,6:00pm - 9:00pm
Woodlands,Frontier Medical Associates (Admiralty),Tues,08:00,15:00,480,900,False,8:00am - 3:00pm
Woodlands,Frontier Medical Associates (Admiralty),Wed,08:00,15:00,480,900,False,8:00am - 3:00pm
Woodlands,Frontier Medical Associates (Admiralty),Wed,18:00,21:00,1080,1260,False,6:00pm - 9:00pm
Woodlands,Frontier Medical Associates (Admiralty),Thurs,08:00,15:00,480,900,False,8:00am - 3:00pm
Woodlands,Frontier Medical Associates (Admiralty),Fri,08:00,15:00,480,900,False,8:00am - 3:00pm
Woodlands,Frontier Medical Associates (Admiralty),Sat,08:00,12:00,480,720,False,8:00am - 12:00pm
Woodlands,GoClinic Marsiling,Mon,08:00,15:00,480,900,False,8:00am - 3:00pm
Woodlands,GoClinic Marsiling,Mon,18:00,21:00,1080,1260,False,6:00pm - 9:00pm
Woodlands,GoClinic Marsiling,Tues,08:00,15:00,480,900,False,8:00am - 3:00pm
Woodlands,GoClinic Marsiling,Wed,08:00,15:00,480,900,False,8:00am - 3:00pm
Woodlands,GoClinic Marsiling,Thurs,08:00,15:00,480,900,False,8:00am - 3:00pm
Woodlands,GoClinic Marsiling,Fri,08:00,15:00,480,900,False,8:00am - 3:00pm
Woodlands,GoClinic Marsiling,Sat,08:00,12:30,480,750,False,8:00am - 12:30pm
Woodlands,Martin Medical Centre Marsiling Clinic & Surgery,Mon,08:30,12:30,510,750,False,8:30am - 12:30pm
Woodlands,Martin Medical Centre Marsiling Clinic & Surgery,Mon,14:00,16:30,840,990,False,2:00pm - 4:30pm
Woodlands,Martin Medical Centre Marsiling Clinic & Surgery,Mon,19:00,21:00,1140,1260,False,7:00pm - 9:00pm
Woodlands,Martin Medical Centre Marsiling Clinic & Surgery,Tues,08:30,12:30,510,750,False,8:30am - 12:30pm
Woodlands,Martin Medical Centre Marsiling Clinic & Surgery,Tues,14:00,16:30,840,990,False,2:00pm - 4:30pm
Woodlands,Martin Medical Centre Marsiling Clinic & Surgery,Tues,19:00,21:00,1140,1260,False,7:00pm - 9:00pm
Woodlands,Martin Medical Centre Marsiling Clinic & Surgery,Tues,08:30,12:00,510,720,False,8:30am - 12:00pm
Woodlands,Martin Medical Centre Marsiling Clinic & Surgery,Tues,13:00,17:00,780,1020,False,1:00pm - 5:00pm
Woodlands,Martin Medical Centre Marsiling Clinic & Surgery,Wed,08:30,12:30,510,750,False,8:30am - 12:30pm
Woodlands,Martin Medical Centre Marsiling Clinic & Surgery,Wed,14:00,16:30,840,990,False,2:00pm - 4:30pm
Woodlands,Martin Medical Centre Marsiling Clinic & Surgery,Wed,19:00,21:00,1140,1260,False,7:00pm - 9:00pm
Woodlands,Martin Medical Centre Marsiling Clinic & Surgery,Thurs,08:30,12:30,510,750,False,8:30am - 12:30pm
Woodlands,Martin Medical Centre Marsiling Clinic & Surgery,Thurs,14:00,16:30,840,990,False,2:00pm - 4:30pm
Woodlands,Martin Medical Centre Marsiling Clinic & Surgery,Thurs,19:00,21:00,1140,1260,False,7:00pm - 9:00pm
Woodlands,Martin Medical Centre Marsiling Clinic & Surgery,Thurs,08:30,12:00,510,720,False,8:30am - 12:00pm
Woodlands,Martin Medical Centre Marsiling Clinic & Surgery,Thurs,13:00,17:00,780,1020,False,1:00pm - 5:00pm
Woodlands,Martin Medical Centre Marsiling Clinic & Surgery,Fri,08:30,12:30,510,750,False,8:30am - 12:30pm
Woodlands,Martin Medical Centre Marsiling Clinic & Surgery,Fri,14:00,16:30,840,990,False,2:00pm - 4:30pm
Woodlands,Martin Medical Centre Marsiling Clinic & Surgery,Fri,19:00,21:00,1140,1260,False,7:00pm - 9:00pm
Woodlands,Martin Medical Centre Marsiling Clinic & Surgery,Fri,08:30,12:00,510,720,False,8:30am - 12:00pm
Woodlands,Martin Medical Centre Marsiling Clinic & Surgery,Fri,13:00,17:00,780,1020,False,1:00pm - 5:00pm
Woodlands,Martin Medical Centre Marsiling Clinic & Surgery,Sat,08:30,12:30,510,750,False,8:30am - 12:30pm
Woodlands,Martin Medical Centre Marsiling Clinic & Surgery,Sun,08:30,12:30,510,750,False,8:30am - 12:30pm
Woodlands,Martin Medical Centre Marsiling Clinic & Surgery,Sun,14:00,17:00,840,1020,False,2:00pm - 5:00pm
Woodlands,Martin Medical Centre Marsiling Clinic & Surgery,PH,08:30,12:30,510,750,False,8:30am - 12:30pm
Woodlands,Martin Medical Centre Marsiling Clinic & Surgery,PH,08:30,12:00,510,720,False,8:30am - 12:00pm
Woodlands,Martin Medical Centre Marsiling Clinic & Surgery,PH,13:00,17:00,780,1020,False,1:00pm - 5:00pm
Woodlands,Martin Medical Centre Marsiling Clinic & Surgery,PH,18:00,20:30,1080,1230,False,6:00pm - 8:30pm
Woodlands,Family Clinic,Mon,08:00,13:00,480,780,False,8:00am - 1:00pm
Woodlands,Family Clinic,Mon,14:00,16:30,840,990,False,2:00pm - 4:30pm
Woodlands,Family Clinic,Mon,18:00,21:30,1080,1290,False,6:00pm - 9:30pm
Woodlands,Family Clinic,Tues,08:00,13:00,480,780,False,8:00am - 1:00pm
Woodlands,Family Clinic,Tues,14:00,16:30,840,990,False,2:00pm - 4:30pm
Woodlands,Family Clinic,Tues,18:00,21:30,1080,1290,False,6:00pm - 9:30pm
Woodlands,Family Clinic,Wed,08:00,13:00,480,780,False,8:00am - 1:00pm
Woodlands,Family Clinic,Wed,14:00,16:30,840,990,False,2:00pm - 4:30pm
Woodlands,Family Clinic,Wed,18:00,21:30,1080,1290,False,6:00pm - 9:30pm
Woodlands,Family Clinic,Thurs,08:00,13:00,480,780,False,8:00am - 1:00pm
Woodlands,Family Clinic,Thurs,14:00,16:30,840,990,False,2:00pm - 4:30pm
Woodlands,Family Clinic,Thurs,18:00,21:30,1080,1290,False,6:00pm - 9:30pm
Woodlands,Family Clinic,Fri,08:00,13:00,480,780,False,8:00am - 1:00pm
Woodlands,Family Clinic,Fri,14:00,16:30,840,990,False,2:00pm - 4:30pm
Woodlands,Family Clinic,Fri,18:00,21:30,1080,1290,False,6:00pm - 9:30pm
Woodlands,Family Clinic,Sat,08:00,12:00,480,720,False,8:00am - 12:00pm
Woodlands,Family Clinic,Sun,08:00,14:00,480,840,False,8:00am - 2:00pm
Woodlands,Family Clinic,PH,09:00,13:00,540,780,False,9:00am - 1:00pm
Woodlands,Medipoint Medical Center (Woodlands Branch),Mon,08:30,13:30,510,810,False,8:30am - 1:30pm
Woodlands,Medipoint Medical Center (Woodlands Branch),Tues,08:30,13:30,510,810,False,8:30am - 1:30pm
Woodlands,Medipoint Medical Center (Woodlands Branch),Wed,08:30,13:30,510,810,False,8:30am - 1:30pm
Woodlands,Medipoint Medical Center (Woodlands Branch),Thurs,08:30,13:30,510,810,False,8:30am - 1:30pm
Woodlands,Medipoint Medical Center (Woodlands Branch),Fri,08:30,13:30,510,810,False,8:30am - 1:30pm
Woodlands,Medipoint Medical Center (Woodlands Branch),Sat,08:30,12:00,510,720,False,8:30am - 12:00pm
Woodlands,Millennium Medical Group,Mon,09:00,12:30,540,750,False,9:00am - 12:30pm
Woodlands,Millennium Medical Group,Mon,14:00,16:00,840,960,False,2:00pm - 4:00pm
Woodlands,Millennium Medical Group,Mon,19:00,21:00,1140,1260,False,7:00pm - 9:00pm
Woodlands,Millennium Medical Group,Tues,09:00,12:30,540,750,False,9:00am - 12:30pm
Woodlands,Millennium Medical Group,Tues,14:00,16:00,840,960,False,2:00pm - 4:00pm
Woodlands,Millennium Medical Group,Tues,19:00,21:00,1140,1260,False,7:00pm - 9:00pm
Woodlands,Millennium Medical Group,Wed,09:00,12:30,540,750,False,9:00am - 12:30pm
Woodlands,Millennium Medical Group,Wed,14:00,16:00,840,960,False,2:00pm - 4:00pm
Woodlands,Millennium Medical Group,Wed,19:00,21:00,1140,1260,False,7:00pm - 9:00pm
Woodlands,Millennium Medical Group,Thurs,09:00,12:30,540,750,False,9:00am - 12:30pm
Woodlands,Millennium Medical Group,Thurs,14:00,16:00,840,960,False,2:00pm - 4:00pm
Woodlands,Millennium Medical Group,Thurs,19:00,21:00,1140,1260,False,7:00pm - 9:00pm
Woodlands,Millennium Medical Group,Fri,09:00,12:30,540,750,False,9:00am - 12:30pm
Woodlands,Millennium Medical Group,Fri,14:00,16:00,840,960,False,2:00pm - 4:00pm
Woodlands,Millennium Medical Group,Fri,19:00,21:00,1140,1260,False,7:00pm - 9:00pm
Woodlands,Millennium Medical Group,Sat,09:00,12:30,540,750,False,9:00am - 12:30pm
Woodlands,mydoctor@Admiralty,Mon,08:30,12:30,510,750,False,8:30am - 12:30pm
Woodlands,mydoctor@Admiralty,Mon,13:30,16:30,810,990,False,1:30pm - 4:30pm
Woodlands,mydoctor@Admiralty,Mon,17:00,21:00,1020,1260,False,5:00pm - 9:00pm
Woodlands,mydoctor@Admiralty,Tues,08:30,12:30,510,750,False,8:30am - 12:30pm
Woodlands,mydoctor@Admiralty,Tues,13:30,16:30,810,990,False,1:30pm - 4:30pm
Woodlands,mydoctor@Admiralty,Tues,17:00,21:00,1020,1260,False,5:00pm - 9:00pm
Woodlands,mydoctor@Admiralty,Wed,08:30,12:30,510,750,False,8:30am - 12:30pm
Woodlands,mydoctor@Admiralty,Wed,13:30,16:30,810,990,False,1:30pm - 4:30pm
Woodlands,mydoctor@Admiralty,Wed,17:00,21:00,1020,1260,False,5:00pm - 9:00pm
Woodlands,mydoctor@Admiralty,Thurs,08:30,12:30,510,750,False,8:30am - 12:30pm
Woodlands,mydoctor@Admiralty,Thurs,13:30,16:30,810,990,False,1:30pm - 4:30pm
Woodlands,mydoctor@Admiralty,Thurs,17:00,21:00,1020,1260,False,5:00pm - 9:00pm
Woodlands,mydoctor@Admiralty,Fri,08:30,12:30,510,750,False,8:30am - 12:30pm
Woodlands,mydoctor@Admiralty,Fri,13:30,16:30,810,990,False,1:30pm - 4:30pm
Woodlands,mydoctor@Admiralty,Fri,17:00,21:00,1020,1260,False,5:00pm - 9:00pm
Woodlands,mydoctor@Admiralty,Sat,08:30,12:30,510,750,False,8:30am - 12:30pm
Woodlands,mydoctor@Admiralty,Sun,08:30,12:30,510,750,False,8:30am - 12:30pm
Woodlands,Northlink (Woodlands) Clinic Ltd,Mon,08:00,13:00,480,780,False,8:00am - 1:00pm
Woodlands,Northlink (Woodlands) Clinic Ltd,Mon,14:00,17:00,840,1020,False,2:00pm - 5:00pm
Woodlands,Northlink (Woodlands) Clinic Ltd,Mon,18:00,21:00,1080,1260,False,6:00pm - 9:00pm
Woodlands,Northlink (Woodlands) Clinic Ltd,Tues,08:00,13:00,480,780,False,8:00am - 1:00pm
Woodlands,Northlink (Woodlands) Clinic Ltd,Tues,14:00,17:00,840,1020,False,2:00pm - 5:00pm
Woodlands,Northlink (Woodlands) Clinic Ltd,Tues,18:00,21:00,1080,1260,False,6:00pm - 9:00pm
Woodlands,Northlink (Woodlands) Clinic Ltd,Wed,08:00,13:00,480,780,False,8:00am - 1:00pm
Woodlands,Northlink (Woodlands) Clinic Ltd,Wed,14:00,17:00,840,1020,False,2:00pm - 5:00pm
Woodlands,Northlink (Woodlands) Clinic Ltd,Wed,18:00,21:00,1080,1260,False,6:00pm - 9:00pm
Woodlands,Northlink (Woodlands) Clinic Ltd,Thurs,08:00,13:00,480,780,False,8:00am - 1:00pm
Woodlands,Northlink (Woodlands) Clinic Ltd,Thurs,14:00,17:00,840,1020,False,2:00pm - 5:00pm
Woodlands,Northlink (Woodlands) Clinic Ltd,Thurs,18:00,21:00,1080,1260,False,6:00pm - 9:00pm
Woodlands,Northlink (Woodlands) Clinic Ltd,Fri,08:00,13:00,480,780,False,8:00am - 1:00pm
Woodlands,Northlink (Woodlands) Clinic Ltd,Fri,14:00,17:00,840,1020,False,2:00pm - 5:00pm
Woodlands,Northlink (Woodlands) Clinic Ltd,Fri,18:00,21:00,1080,1260,False,6:00pm - 9:00pm
Woodlands,Northlink (Woodlands) Clinic Ltd,Sat,08:00,13:00,480,780,False,8:00am - 1:00pm
Woodlands,Northlink (Woodlands) Clinic Ltd,Sat,14:00,17:00,840,1020,False,2:00pm - 5:00pm
Woodlands,Northlink (Woodlands) Clinic Ltd,Sun,08:00,13:00,480,780,False,8:00am - 1:00pm
Woodlands,Northlink (Woodlands) Clinic Ltd,Sun,14:00,17:00,840,1020,False,2:00pm - 5:00pm
Woodlands,Northlink (Woodlands) Clinic Ltd,PH,08:00,13:00,480,780,False,8:00am - 1:00pm
Woodlands,Northlink (Woodlands) Clinic Ltd,PH,14:00,17:00,840,1020,False,2:00pm - 5:00pm
Woodlands,Norwood Medical Clinic,Mon,08:00,13:00,480,780,False,8:00am - 1:00pm
Woodlands,Norwood Medical Clinic,Mon,18:00,19:30,1080,1170,False,6:00pm - 7:30pm
Woodlands,Norwood Medical Clinic,Tues,08:00,13:00,480,780,False,8:00am - 1:00pm
Woodlands,Norwood Medical Clinic,Tues,18:00,19:30,1080,1170,False,6:00pm - 7:30pm
Woodlands,Norwood Medical Clinic,Wed,08:00,13:00,480,780,False,8:00am - 1:00pm
Woodlands,Norwood Medical Clinic,Thurs,08:00,13:00,480,780,False,8:00am - 1:00pm
Woodlands,Norwood Medical Clinic,Thurs,18:00,19:30,1080,1170,False,6:00pm - 7:30pm
Woodlands,Norwood Medical Clinic,Sat,08:00,13:00,480,780,False,8:00am - 1:00pm
Woodlands,Norwood Medical Clinic,Sun,09:00,13:00,540,780,False,9:00am - 1:00pm
Woodlands,Royal Medical Centre,Mon,08:30,13:00,510,780,False,8:30am - 1:00pm
Woodlands,Royal Medical Centre,Mon,14:00,16:00,840,960,False,2:00pm - 4:00pm
Woodlands,Royal Medical Centre,Mon,18:30,21:00,1110,1260,False,6:30pm - 9:00pm
Woodlands,Royal Medical Centre,Tues,08:30,13:00,510,780,False,8:30am - 1:00pm
Woodlands,Royal Medical Centre,Tues,14:00,16:00,840,960,False,2:00pm - 4:00pm
Woodlands,Royal Medical Centre,Tues,18:30,21:00,1110,1260,False,6:30pm - 9:00pm
Woodlands,Royal Medical Centre,Wed,08:30,13:00,510,780,False,8:30am - 1:00pm
Woodlands,Royal Medical Centre,Wed,14:00,16:00,840,960,False,2:00pm - 4:00pm
Woodlands,Royal Medical Centre,Wed,18:30,21:00,1110,1260,False,6:30pm - 9:00pm
Woodlands,Royal Medical Centre,Thurs,08:30,13:00,510,780,False,8:30am - 1:00pm
Woodlands,Royal Medical Centre,Thurs,14:00,16:00,840,960,False,2:00pm - 4:00pm
Woodlands,Royal Medical Centre,Thurs,18:30,21:00,1110,1260,False,6:30pm - 9:00pm
Woodlands,Royal Medical Centre,Fri,08:30,13:00,510,780,False,8:30am - 1:00pm
Woodlands,Royal Medical Centre,Fri,14:00,16:00,840,960,False,2:00pm - 4:00pm
Woodlands,Royal Medical Centre,Fri,18:30,21:00,1110,1260,False,6:30pm - 9:00pm
Woodlands,Royal Medical Centre,Sat,08:30,12:30,510,750,False,8:30am - 12:30pm
Woodlands,SATA CommHealth Medical Centre (Woodlands),Mon,08:30,12:30,510,750,False,8:30am - 12:30pm
Woodlands,SATA CommHealth Medical Centre (Woodlands),Mon,13:30,17:00,810,1020,False,1:30pm - 5:00pm
Woodlands,SATA CommHealth Medical Centre (Woodlands),Tues,08:30,12:30,510,750,False,8:30am - 12:30pm
Woodlands,SATA CommHealth Medical Centre (Woodlands),Tues,13:30,17:00,810,1020,False,1:30pm - 5:00pm
Woodlands,SATA CommHealth Medical Centre (Woodlands),Wed,08:30,12:30,510,750,False,8:30am - 12:30pm
Woodlands,SATA CommHealth Medical Centre (Woodlands),Wed,13:30,17:00,810,1020,False,1:30pm - 5:00pm
Woodlands,SATA CommHealth Medical Centre (Woodlands),Thurs,08:30,12:30,510,750,False,8:30am - 12:30pm
Woodlands,SATA CommHealth Medical Centre (Woodlands),Thurs,13:30,17:00,810,1020,False,1:30pm - 5:00pm
Woodlands,SATA CommHealth Medical Centre (Woodlands),Fri,08:30,12:30,510,750,False,8:30am - 12:30pm
Woodlands,SATA CommHealth Medical Centre (Woodlands),Fri,13:30,17:00,810,1020,False,1:30pm - 5:00pm
Woodlands,SATA CommHealth Medical Centre (Woodlands),Sat,08:30,12:30,510,750,False,8:30am - 12:30pm
Woodlands,Victoria Medical House,Mon,09:00,12:00,540,720,False,9:00am - 12:00pm
Woodlands,Victoria Medical House,Mon,18:30,20:30,1110,1230,False,6:30pm - 8:30pm
Woodlands,Victoria Medical House,Tues,09:00,12:00,540,720,False,9:00am - 12:00pm
Woodlands,Victoria Medical House,Thurs,09:00,12:00,540,720,False,9:00am - 12:00pm
Woodlands,Victoria Medical House,Thurs,18:30,20:30,1110,1230,False,6:30pm - 8:30pm
Woodlands,Victoria Medical House,Fri,09:00,12:00,540,720,False,9:00am - 12:00pm
Woodlands,Virtue Family Clinic (Woodlands),Mon,08:30,14:00,510,840,False,8:30am - 2:00pm
Woodlands,Virtue Family Clinic (Woodlands),Mon,17:00,20:30,1020,1230,False,5:00pm - 8:30pm
Woodlands,Virtue Family Clinic (Woodlands),Tues,08:30,14:00,510,840,False,8:30am - 2:00pm
Woodlands,Virtue Family Clinic (Woodlands),Tues,17:00,20:30,1020,1230,False,5:00pm - 8:30pm
Woodlands,Virtue Family Clinic (Woodlands),Wed,08:30,14:00,510,840,False,8:30am - 2:00pm
Woodlands,Virtue Family Clinic (Woodlands),Wed,17:00,20:30,1020,1230,False,5:00pm - 8:30pm
Woodlands,Virtue Family Clinic (Woodlands),Thurs,08:30,14:00,510,840,False,8:30am - 2:00pm
Woodlands,Virtue Family Clinic (Woodlands),Thurs,17:00,20:30,1020,1230,False,5:00pm - 8:30pm
Woodlands,Virtue Family Clinic (Woodlands),Fri,08:30,14:00,510,840,False,8:30am - 2:00pm
Woodlands,Virtue Family Clinic (Woodlands),Fri,17:00,20:30,1020,1230,False,5:00pm - 8:30pm
Woodlands,Virtue Family Clinic (Woodlands),Sat,08:30,13:00,510,780,False,8:30am - 1:00pm
Woodlands,Virtue Family Clinic (Woodlands),Sun,08:30,14:00,510,840,False,8:30am - 2:00pm
Woodlands,Virtue Family Clinic (Woodlands),Sun,17:00,20:30,1020,1230,False,5:00pm - 8:30pm
Woodlands,Woodlands Medical Center,Mon,14:00,16:30,840,990,False,2:00pm - 4:30pm
Woodlands,Woodlands Medical Center,Mon,18:00,20:30,1080,1230,False,6:00pm - 8:30pm
Woodlands,Woodlands Medical Center,Tues,14:00,16:30,840,990,False,2:00pm - 4:30pm
Woodlands,Woodlands Medical Center,Tues,18:00,20:30,1080,1230,False,6:00pm - 8:30pm
Woodlands,Woodlands Medical Center,Wed,14:00,16:30,840,990,False,2:00pm - 4:30pm
Woodlands,Woodlands Medical Center,Wed,18:00,20:30,1080,1230,False,6:00pm - 8:30pm
Woodlands,Woodlands Medical Center,Thurs,14:00,16:30,840,990,False,2:00pm - 4:30pm
Woodlands,Woodlands Medical Center,Thurs,18:00,20:30,1080,1230,False,6:00pm - 8:30pm
Woodlands,Woodlands Medical Center,Fri,14:00,16:30,840,990,False,2:00pm - 4:30pm
Woodlands,Woodlands Medical Center,Fri,18:00,20:30,1080,1230,False,6:00pm - 8:30pm
Woodlands,Woodlands Medical Center,Sun,08:30,12:00,510,720,False,8:30am - 12:00pm
Woodlands,Medical Centre (Admiralty MRT),Mon,08:30,13:00,510,780,False,8:30am - 1:00pm
Woodlands,Medical Centre (Admiralty MRT),Tues,08:30,13:00,510,780,False,8:30am - 1:00pm
Woodlands,Medical Centre (Admiralty MRT),Thurs,14:00,17:00,840,1020,False,2:00pm - 5:00pm
Woodlands,Medical Centre (Admiralty MRT),Fri,08:30,13:00,510,780,False,8:30am - 1:00pm
Woodlands,Medical Centre (Admiralty MRT),Sat,08:30,13:00,510,780,False,8:30am - 1:00pm
Woodlands,Medical Clinic (Woodlands),Mon,08:00,13:00,480,780,False,8:00am - 1:00pm
Woodlands,Medical Clinic (Woodlands),Mon,17:00,21:00,1020,1260,False,5:00pm - 9:00pm
Woodlands,Medical Clinic (Woodlands),Tues,08:00,13:00,480,780,False,8:00am - 1:00pm
Woodlands,Medical Clinic (Woodlands),Tues,17:00,21:00,1020,1260,False,5:00pm - 9:00pm
Woodlands,Medical Clinic (Woodlands),Wed,08:00,13:00,480,780,False,8:00am - 1:00pm
Woodlands,Medical Clinic (Woodlands),Wed,17:00,21:00,1020,1260,False,5:00pm - 9:00pm
Woodlands,Medical Clinic (Woodlands),Thurs,08:00,13:00,480,780,False,8:00am - 1:00pm
Woodlands,Medical Clinic (Woodlands),Thurs,17:00,21:00,1020,1260,False,5:00pm - 9:00pm
Woodlands,Medical Clinic (Woodlands),Fri,08:00,13:00,480,780,False,8:00am - 1:00pm
Woodlands,Medical Clinic (Woodlands),Sat,08:00,13:00,480,780,False,8:00am - 1:00pm
Woodlands,Medical Clinic (Woodlands),Sun,08:00,13:00,480,780,False,8:00am - 1:00pm
Woodlands,Medical Clinic (Woodlands),PH,08:00,13:00,480,780,False,8:00am - 1:00pm
Yishun,Apex Medical 844 Group (Yishun),Mon,08:30,12:30,510,750,False,8:30am - 12:30pm
Yishun,Apex Medical 844 Group (Yishun),Mon,14:30,16:00,870,960,False,2:30pm - 4:00pm
Yishun,Apex Medical 844 Group (Yishun),Mon,19:00,21:00,1140,1260,False,7:00pm - 9:00pm
Yishun,Apex Medical 844 Group (Yishun),Tues,08:30,12:30,510,750,False,8:30am - 12:30pm
Yishun,Apex Medical 844 Group (Yishun),Tues,14:30,16:00,870,960,False,2:30pm - 4:00pm
Yishun,Apex Medical 844 Group (Yishun),Wed,08:30,12:30,510,750,False,8:30am - 12:30pm
Yishun,Apex Medical 844 Group (Yishun),Wed,14:30,16:00,870,960,False,2:30pm - 4:00pm
Yishun,Apex Medical 844 Group (Yishun),Wed,19:00,21:00,1140,1260,False,7:00pm - 9:00pm
Yishun,Apex Medical 844 Group (Yishun),Thurs,08:30,12:30,510,750,False,8:30am - 12:30pm
Yishun,Apex Medical 844 Group (Yishun),Thurs,14:30,16:00,870,960,False,2:30pm - 4:00pm
Yishun,Apex Medical 844 Group (Yishun),Thurs,19:00,21:00,1140,1260,False,7:00pm - 9:00pm
Yishun,Apex Medical 844 Group (Yishun),Sat,08:30,12:30,510,750,False,8:30am - 12:30pm
Yishun,Atrio Family 291 Clinic (Yishun),Mon,08:00,14:00,480,840,False,8:00am - 2:00pm
Yishun,Atrio Family 291 Clinic (Yishun),Mon,17:30,21:30,1050,1290,False,5:30pm - 9:30pm
Yishun,Atrio Family 291 Clinic (Yishun),Tues,08:00,14:00,480,840,False,8:00am - 2:00pm
Yishun,Atrio Family 291 Clinic (Yishun),Tues,17:30,21:30,1050,1290,False,5:30pm - 9:30pm
Yishun,Atrio Family 291 Clinic (Yishun),Wed,08:00,14:00,480,840,False,8:00am - 2:00pm
Yishun,Atrio Family 291 Clinic (Yishun),Wed,17:30,21:30,1050,1290,False,5:30pm - 9:30pm
Yishun,Atrio Family 291 Clinic (Yishun),Thurs,08:00,14:00,480,840,False,8:00am - 2:00pm
Yishun,Atrio Family 291 Clinic (Yishun),Thurs,17:30,21:30,1050,1290,False,5:30pm - 9:30pm
Yishun,Atrio Family 291 Clinic (Yishun),Fri,08:00,14:00,480,840,False,8:00am - 2:00pm
Yishun,Atrio Family 291 Clinic (Yishun),Fri,17:30,21:30,1050,1290,False,5:30pm - 9:30pm
Yishun,Atrio Family 291 Clinic (Yishun),Sat,08:00,14:00,480,840,False,8:00am - 2:00pm
Yishun,Atrio Family 291 Clinic (Yishun),Sat,17:30,21:30,1050,1290,False,5:30pm - 9:30pm
Yishun,Atrio Family 291 Clinic (Yishun),Sun,09:00,14:00,540,840,False,9:00am - 2:00pm
Yishun,Atrio Family 291 Clinic (Yishun),Sun,17:30,21:30,1050,1290,False,5:30pm - 9:30pm
Yishun,Bethesda 293 Medical @ Yishun,Mon,09:00,15:00,540,900,False,9:00am - 3:00pm
Yishun,Bethesda 293 Medical @ Yishun,Tues,09:00,15:00,540,900,False,9:00am - 3:00pm
Yishun,Bethesda 293 Medical @ Yishun,Wed,09:00,15:00,540,900,False,9:00am - 3:00pm
Yishun,Bethesda 293 Medical @ Yishun,Thurs,09:00,15:00,540,900,False,9:00am - 3:00pm
Yishun,Bethesda 293 Medical @ Yishun,Fri,09:00,15:00,540,900,False,9:00am - 3:00pm
Yishun,FairCare Family 103 Clinic (Yishun),Mon,08:30,13:00,510,780,False,8:30am - 1:00pm
Yishun,FairCare Family 103 Clinic (Yishun),Mon,14:00,17:00,840,1020,False,2:00pm - 5:00pm
Yishun,FairCare Family 103 Clinic (Yishun),Mon,18:00,21:00,1080,1260,False,6:00pm - 9:00pm
Yishun,FairCare Family 103 Clinic (Yishun),Tues,08:30,13:00,510,780,False,8:30am - 1:00pm
Yishun,FairCare Family 103 Clinic (Yishun),Tues,14:00,17:00,840,1020,False,2:00pm - 5:00pm
Yishun,FairCare Family 103 Clinic (Yishun),Tues,18:00,21:00,1080,1260,False,6:00pm - 9:00pm
Yishun,FairCare Family 103 Clinic (Yishun),Wed,08:30,13:00,510,780,False,8:30am - 1:00pm
Yishun,FairCare Family 103 Clinic (Yishun),Wed,14:00,17:00,840,1020,False,2:00pm - 5:00pm
Yishun,FairCare Family 103 Clinic (Yishun),Wed,18:00,21:00,1080,1260,False,6:00pm - 9:00pm
Yishun,FairCare Family 103 Clinic (Yishun),Thurs,08:30,13:00,510,780,False,8:30am - 1:00pm
Yishun,FairCare Family 103 Clinic (Yishun),Thurs,14:00,17:00,840,1020,False,2:00pm - 5:00pm
Yishun,FairCare Family 103 Clinic (Yishun),Thurs,18:00,21:00,1080,1260,False,6:00pm - 9:00pm
Yishun,FairCare Family 103 Clinic (Yishun),Fri,08:30,13:00,510,780,False,8:30am - 1:00pm
Yishun,FairCare Family 103 Clinic (Yishun),Fri,14:00,17:00,840,1020,False,2:00pm - 5:00pm
Yishun,FairCare Family 103 Clinic (Yishun),Fri,18:00,21:00,1080,1260,False,6:00pm - 9:00pm
Yishun,FairCare Family 103 Clinic (Yishun),Sat,08:30,13:00,510,780,False,8:30am - 1:00pm
Yishun,FairCare Family 103 Clinic (Yishun),Sun,08:30,13:00,510,780,False,8:30am - 1:00pm
Yishun,GoClinic Yishun 769,Mon,08:00,14:00,480,840,False,8:00am - 2:00pm
Yishun,GoClinic Yishun 769,Mon,18:00,21:00,1080,1260,False,6:00pm - 9:00pm
Yishun,GoClinic Yishun 769,Tues,08:00,14:00,480,840,False,8:00am - 2:00pm
Yishun,GoClinic Yishun 769,Wed,08:00,14:00,480,840,False,8:00am - 2:00pm
Yishun,GoClinic Yishun 769,Wed,18:00,21:00,1080,1260,False,6:00pm - 9:00pm
Yishun,GoClinic Yishun 769,Thurs,08:00,14:00,480,840,False,8:00am - 2:00pm
Yishun,GoClinic Yishun 769,Fri,08:00,14:00,480,840,False,8:00am - 2:00pm
Yishun,GoClinic Yishun 769,Fri,18:00,21:00,1080,1260,False,6:00pm - 9:00pm
Yishun,GoClinic Yishun 769,Sat,08:00,13:00,480,780,False,8:00am - 1:00pm
Yishun,Healthway 101 Medical (Yishun Ave 5),Mon,08:30,13:00,510,780,False,8:30am - 1:00pm
Yishun,Healthway 101 Medical (Yishun Ave 5),Mon,14:00,17:00,840,1020,False,2:00pm - 5:00pm
Yishun,Healthway 101 Medical (Yishun Ave 5),Mon,18:00,21:00,1080,1260,False,6:00pm - 9:00pm
Yishun,Healthway 101 Medical (Yishun Ave 5),Tues,08:30,13:00,510,780,False,8:30am - 1:00pm
Yishun,Healthway 101 Medical (Yishun Ave 5),Tues,14:00,17:00,840,1020,False,2:00pm - 5:00pm
Yishun,Healthway 101 Medical (Yishun Ave 5),Wed,08:30,13:00,510,780,False,8:30am - 1:00pm
Yishun,Healthway 101 Medical (Yishun Ave 5),Wed,14:00,17:00,840,1020,False,2:00pm - 5:00pm
Yishun,Healthway 101 Medical (Yishun Ave 5),Thurs,08:30,13:00,510,780,False,8:30am - 1:00pm
Yishun,Healthway 101 Medical (Yishun Ave 5),Thurs,14:00,17:00,840,1020,False,2:00pm - 5:00pm
Yishun,Healthway 101 Medical (Yishun Ave 5),Thurs,18:00,21:00,1080,1260,False,6:00pm - 9:00pm
Yishun,Healthway 101 Medical (Yishun Ave 5),Fri,08:30,13:00,510,780,False,8:30am - 1:00pm
Yishun,Healthway 101 Medical (Yishun Ave 5),Fri,14:00,17:00,840,1020,False,2:00pm - 5:00pm
Yishun,Healthway 101 Medical (Yishun Ave 5),Sat,08:30,13:00,510,780,False,8:30am - 1:00pm
Yishun,Healthway 101 Medical (Yishun Ave 5),Sun,09:00,12:00,540,720,False,9:00am - 12:00pm
Yishun,Healthway 101 Medical (Yishun Ave 5),PH,09:00,12:00,540,720,False,9:00am - 12:00pm
Yishun,Healthway 417 Medical (Yishun Ave 11),Mon,08:30,12:30,510,750,False,8:30am - 12:30pm
Yishun,Healthway 417 Medical (Yishun Ave 11),Mon,14:00,17:00,840,1020,False,2:00pm - 5:00pm
Yishun,Healthway 417 Medical (Yishun Ave 11),Mon,18:00,21:00,1080,1260,False,6:00pm - 9:00pm
Yishun,Healthway 417 Medical (Yishun Ave 11),Tues,08:30,12:30,510,750,False,8:30am - 12:30pm
Yishun,Healthway 417 Medical (Yishun Ave 11),Tues,14:00,17:00,840,1020,False,2:00pm - 5:00pm
Yishun,Healthway 417 Medical (Yishun Ave 11),Tues,18:00,21:00,1080,1260,False,6:00pm - 9:00pm
Yishun,Healthway 417 Medical (Yishun Ave 11),Wed,08:30,12:30,510,750,False,8:30am - 12:30pm
Yishun,Healthway 417 Medical (Yishun Ave 11),Wed,14:00,17:00,840,1020,False,2:00pm - 5:00pm
Yishun,Healthway 417 Medical (Yishun Ave 11),Wed,18:00,21:00,1080,1260,False,6:00pm - 9:00pm
Yishun,Healthway 417 Medical (Yishun Ave 11),Thurs,08:30,12:30,510,750,False,8:30am - 12:30pm
Yishun,Healthway 417 Medical (Yishun Ave 11),Thurs,14:00,17:00,840,1020,False,2:00pm - 5:00pm
Yishun,Healthway 417 Medical (Yishun Ave 11),Thurs,18:00,21:00,1080,1260,False,6:00pm - 9:00pm
Yishun,Healthway 417 Medical (Yishun Ave 11),Fri,08:30,12:30,510,750,False,8:30am - 12:30pm
Yishun,Healthway 417 Medical (Yishun Ave 11),Fri,14:00,17:00,840,1020,False,2:00pm - 5:00pm
Yishun,Healthway 417 Medical (Yishun Ave 11),Fri,18:00,21:00,1080,1260,False,6:00pm - 9:00pm
Yishun,Healthway 417 Medical (Yishun Ave 11),Sat,08:30,12:30,510,750,False,8:30am - 12:30pm
Yishun,Healthway 417 Medical (Yishun Ave 11),Sun,08:30,12:30,510,750,False,8:30am - 12:30pm
Yishun,Healthway 417 Medical (Yishun Ave 11),PH,08:30,12:30,510,750,False,8:30am - 12:30pm
Yishun,Heartland Family 333C Clinic,Mon,08:00,12:30,480,750,False,8:00am - 12:30pm
Yishun,Heartland Family 333C Clinic,Tues,08:00,12:30,480,750,False,8:00am - 12:30pm
Yishun,Heartland Family 333C Clinic,Wed,08:00,12:30,480,750,False,8:00am - 12:30pm
Yishun,Heartland Family 333C Clinic,Wed,14:00,16:00,840,960,False,2:00pm - 4:00pm
Yishun,Heartland Family 333C Clinic,Thurs,14:00,16:00,840,960,False,2:00pm - 4:00pm
Yishun,Heartland Family 333C Clinic,Thurs,18:30,21:00,1110,1260,False,6:30pm - 9:00pm
Yishun,Heartland Family 333C Clinic,Fri,08:00,12:30,480,750,False,8:00am - 12:30pm
Yishun,Heartland Family 333C Clinic,Sat,08:30,12:00,510,720,False,8:30am - 12:00pm
Yishun,Heartland Family 333C Clinic,Sun,08:30,12:00,510,720,False,8:30am - 12:00pm
Yishun,HeartlandHealth 18 (Yishun),Mon,08:00,13:00,480,780,False,8:00am - 1:00pm
Yishun,HeartlandHealth 18 (Yishun),Mon,18:00,23:00,1080,1380,False,6:00pm - 11:00pm
Yishun,HeartlandHealth 18 (Yishun),Tues,08:00,13:00,480,780,False,8:00am - 1:00pm
Yishun,HeartlandHealth 18 (Yishun),Tues,18:00,23:00,1080,1380,False,6:00pm - 11:00pm
Yishun,HeartlandHealth 18 (Yishun),Wed,08:00,13:00,480,780,False,8:00am - 1:00pm
Yishun,HeartlandHealth 18 (Yishun),Wed,18:00,23:00,1080,1380,False,6:00pm - 11:00pm
Yishun,HeartlandHealth 18 (Yishun),Thurs,08:00,13:00,480,780,False,8:00am - 1:00pm
Yishun,HeartlandHealth 18 (Yishun),Thurs,18:00,23:00,1080,1380,False,6:00pm - 11:00pm
Yishun,HeartlandHealth 18 (Yishun),Fri,08:00,13:00,480,780,False,8:00am - 1:00pm
Yishun,HeartlandHealth 18 (Yishun),Fri,18:00,23:00,1080,1380,False,6:00pm - 11:00pm
Yishun,HeartlandHealth 18 (Yishun),Sat,08:00,13:00,480,780,False,8:00am - 1:00pm
Yishun,HeartlandHealth 18 (Yishun),Sat,18:00,23:00,1080,1380,False,6:00pm - 11:00pm
Yishun,HeartlandHealth 18 (Yishun),Sun,08:00,13:00,480,780,False,8:00am - 1:00pm
Yishun,HeartlandHealth 18 (Yishun),Sun,18:00,23:00,1080,1380,False,6:00pm - 11:00pm
Yishun,HeartlandHealth 18 (Yishun),PH,08:00,13:00,480,780,False,8:00am - 1:00pm
Yishun,HeartlandHealth 18 (Yishun),PH,18:00,23:00,1080,1380,False,6:00pm - 11:00pm
Yishun,Intemedical 419 Yishun,Mon,08:00,22:00,480,1320,False,8:00am - 10:00pm
Yishun,Intemedical 419 Yishun,Tues,08:00,22:00,480,1320,False,8:00am - 10:00pm
Yishun,Intemedical 419 Yishun,Wed,08:00,22:00,480,1320,False,8:00am - 10:00pm
Yishun,Intemedical 419 Yishun,Thurs,08:00,22:00,480,1320,False,8:00am - 10:00pm
Yishun,Intemedical 419 Yishun,Fri,08:00,22:00,480,1320,False,8:00am - 10:00pm
Yishun,Intemedical 419 Yishun,Sat,08:00,22:00,480,1320,False,8:00am - 10:00pm
Yishun,Intemedical 419 Yishun,Sun,08:00,22:00,480,1320,False,8:00am - 10:00pm
Yishun,Clinic and 844 Surgery #,Mon,08:00,17:00,480,1020,False,8:00am - 5:00pm
Yishun,Clinic and 844 Surgery #,Tues,08:00,17:00,480,1020,False,8:00am - 5:00pm
Yishun,Clinic and 844 Surgery #,Wed,08:00,16:00,480,960,False,8:00am - 4:00pm
Yishun,Clinic and 844 Surgery #,Thurs,08:00,16:00,480,960,False,8:00am - 4:00pm
Yishun,Clinic and 844 Surgery #,Fri,08:00,13:00,480,780,False,8:00am - 1:00pm
Yishun,Kindred Family 172 Clinic (Yishun),Mon,08:30,13:00,510,780,False,8:30am - 1:00pm
Yishun,Kindred Family 172 Clinic (Yishun),Mon,14:00,17:00,840,1020,False,2:00pm - 5:00pm
Yishun,Kindred Family 172 Clinic (Yishun),Mon,18:00,21:00,1080,1260,False,6:00pm - 9:00pm
Yishun,Kindred Family 172 Clinic (Yishun),Tues,08:30,13:00,510,780,False,8:30am - 1:00pm
Yishun,Kindred Family 172 Clinic (Yishun),Tues,14:00,17:00,840,1020,False,2:00pm - 5:00pm
Yishun,Kindred Family 172 Clinic (Yishun),Sat,08:30,13:00,510,780,False,8:30am - 1:00pm
Yishun,Kindred Family 172 Clinic (Yishun),Sun,08:30,13:00,510,780,False,8:30am - 1:00pm
Yishun,Lifeline Yishun 846 Ring Medical Clinic,Mon,08:30,12:30,510,750,False,8:30am - 12:30pm
Yishun,Lifeline Yishun 846 Ring Medical Clinic,Mon,14:00,16:30,840,990,False,2:00pm - 4:30pm
Yishun,Lifeline Yishun 846 Ring Medical Clinic,Tues,08:30,12:30,510,750,False,8:30am - 12:30pm
Yishun,Lifeline Yishun 846 Ring Medical Clinic,Tues,14:00,16:30,840,990,False,2:00pm - 4:30pm
Yishun,Lifeline Yishun 846 Ring Medical Clinic,Tues,19:00,21:00,1140,1260,False,7:00pm - 9:00pm
Yishun,Lifeline Yishun 846 Ring Medical Clinic,Wed,08:30,12:30,510,750,False,8:30am - 12:30pm
Yishun,Lifeline Yishun 846 Ring Medical Clinic,Wed,14:00,16:30,840,990,False,2:00pm - 4:30pm
Yishun,Lifeline Yishun 846 Ring Medical Clinic,Thurs,08:30,12:30,510,750,False,8:30am - 12:30pm
Yishun,Lifeline Yishun 846 Ring Medical Clinic,Thurs,14:00,16:30,840,990,False,2:00pm - 4:30pm
Yishun,Lifeline Yishun 846 Ring Medical Clinic,Thurs,19:00,21:00,1140,1260,False,7:00pm - 9:00pm
Yishun,Lifeline Yishun 846 Ring Medical Clinic,Fri,08:30,12:30,510,750,False,8:30am - 12:30pm
Yishun,Lifeline Yishun 846 Ring Medical Clinic,Fri,14:00,16:30,840,990,False,2:00pm - 4:30pm
Yishun,Lifeline Yishun 846 Ring Medical Clinic,Sat,09:00,12:00,540,720,False,9:00am - 12:00pm
Yishun,Lion Health Clinic 931 Surgery (Yishun),Mon,08:00,14:00,480,840,False,8:00am - 2:00pm
Yishun,Lion Health Clinic 931 Surgery (Yishun),Mon,17:00,23:00,1020,1380,False,5:00pm - 11:00pm
Yishun,Lion Health Clinic 931 Surgery (Yishun),Tues,08:00,14:00,480,840,False,8:00am - 2:00pm
Yishun,Lion Health Clinic 931 Surgery (Yishun),Tues,17:00,23:00,1020,1380,False,5:00pm - 11:00pm
Yishun,Lion Health Clinic 931 Surgery (Yishun),Wed,08:00,14:00,480,840,False,8:00am - 2:00pm
Yishun,Lion Health Clinic 931 Surgery (Yishun),Wed,17:00,23:00,1020,1380,False,5:00pm - 11:00pm
Yishun,Lion Health Clinic 931 Surgery (Yishun),Thurs,08:00,14:00,480,840,False,8:00am - 2:00pm
Yishun,Lion Health Clinic 931 Surgery (Yishun),Thurs,17:00,23:00,1020,1380,False,5:00pm - 11:00pm
Yishun,Lion Health Clinic 931 Surgery (Yishun),Fri,08:00,14:00,480,840,False,8:00am - 2:00pm
Yishun,Lion Health Clinic 931 Surgery (Yishun),Fri,17:00,23:00,1020,1380,False,5:00pm - 11:00pm
Yishun,Lion Health Clinic 931 Surgery (Yishun),Sat,08:00,14:00,480,840,False,8:00am - 2:00pm
Yishun,Lion Health Clinic 931 Surgery (Yishun),Sat,17:00,23:00,1020,1380,False,5:00pm - 11:00pm
Yishun,Lion Health Clinic 931 Surgery (Yishun),Sun,08:00,14:00,480,840,False,8:00am - 2:00pm
Yishun,Lion Health Clinic 931 Surgery (Yishun),Sun,17:00,23:00,1020,1380,False,5:00pm - 11:00pm
Yishun,Lion Health Clinic 931 Surgery (Yishun),PH,08:00,14:00,480,840,False,8:00am - 2:00pm
Yishun,Lion Health Clinic 931 Surgery (Yishun),PH,17:00,23:00,1020,1380,False,5:00pm - 11:00pm
Yishun,Family Clinic 160 (Yishun 160),Mon,08:00,13:00,480,780,False,8:00am - 1:00pm
Yishun,Family Clinic 160 (Yishun 160),Mon,14:00,17:00,840,1020,False,2:00pm - 5:00pm
Yishun,Family Clinic 160 (Yishun 160),Mon,18:00,21:00,1080,1260,False,6:00pm - 9:00pm
Yishun,Family Clinic 160 (Yishun 160),Tues,08:00,13:00,480,780,False,8:00am - 1:00pm
Yishun,Family Clinic 160 (Yishun 160),Tues,14:00,17:00,840,1020,False,2:00pm - 5:00pm
Yishun,Family Clinic 160 (Yishun 160),Tues,18:00,21:00,1080,1260,False,6:00pm - 9:00pm
Yishun,Family Clinic 160 (Yishun 160),Wed,08:00,13:00,480,780,False,8:00am - 1:00pm
Yishun,Family Clinic 160 (Yishun 160),Wed,14:00,17:00,840,1020,False,2:00pm - 5:00pm
Yishun,Family Clinic 160 (Yishun 160),Wed,18:00,21:00,1080,1260,False,6:00pm - 9:00pm
Yishun,Family Clinic 160 (Yishun 160),Thurs,08:00,13:00,480,780,False,8:00am - 1:00pm
Yishun,Family Clinic 160 (Yishun 160),Thurs,14:00,17:00,840,1020,False,2:00pm - 5:00pm
Yishun,Family Clinic 160 (Yishun 160),Thurs,18:00,21:00,1080,1260,False,6:00pm - 9:00pm
Yishun,Family Clinic 160 (Yishun 160),Fri,08:00,13:00,480,780,False,8:00am - 1:00pm
Yishun,Family Clinic 160 (Yishun 160),Fri,14:00,17:00,840,1020,False,2:00pm - 5:00pm
Yishun,Family Clinic 160 (Yishun 160),Fri,18:00,21:00,1080,1260,False,6:00pm - 9:00pm
Yishun,Family Clinic 160 (Yishun 160),Sat,08:00,12:00,480,720,False,8:00am - 12:00pm
Yishun,Family Clinic 160 (Yishun 160),Sun,08:00,13:00,480,780,False,8:00am - 1:00pm
Yishun,Family Clinic 160 (Yishun 160),PH,09:30,12:30,570,750,False,9:30am - 12:30pm
Yishun,Medivale Medical 236 Clinic,Mon,08:30,12:30,510,750,False,8:30am - 12:30pm
Yishun,Medivale Medical 236 Clinic,Mon,14:00,16:00,840,960,False,2:00pm - 4:00pm
Yishun,Medivale Medical 236 Clinic,Mon,18:00,21:00,1080,1260,False,6:00pm - 9:00pm
Yishun,Medivale Medical 236 Clinic,Tues,08:30,12:30,510,750,False,8:30am - 12:30pm
Yishun,Medivale Medical 236 Clinic,Tues,14:00,16:00,840,960,False,2:00pm - 4:00pm
Yishun,Medivale Medical 236 Clinic,Tues,18:00,21:00,1080,1260,False,6:00pm - 9:00pm
Yishun,Medivale Medical 236 Clinic,Wed,08:30,12:30,510,750,False,8:30am - 12:30pm
Yishun,Medivale Medical 236 Clinic,Wed,14:00,16:00,840,960,False,2:00pm - 4:00pm
Yishun,Medivale Medical 236 Clinic,Wed,18:00,21:00,1080,1260,False,6:00pm - 9:00pm
Yishun,Medivale Medical 236 Clinic,Thurs,08:30,12:30,510,750,False,8:30am - 12:30pm
Yishun,Medivale Medical 236 Clinic,Thurs,14:00,16:00,840,960,False,2:00pm - 4:00pm
Yishun,Medivale Medical 236 Clinic,Thurs,18:00,21:00,1080,1260,False,6:00pm - 9:00pm
Yishun,Medivale Medical 236 Clinic,Fri,08:30,12:30,510,750,False,8:30am - 12:30pm
Yishun,Medivale Medical 236 Clinic,Fri,14:00,16:00,840,960,False,2:00pm - 4:00pm
Yishun,Medivale Medical 236 Clinic,Fri,18:00,21:00,1080,1260,False,6:00pm - 9:00pm
Yishun,Medivale Medical 236 Clinic,Sat,08:30,12:30,510,750,False,8:30am - 12:30pm
Yishun,Medivale Medical 236 Clinic,Sun,08:30,12:30,510,750,False,8:30am - 12:30pm
Yishun,Family Clinic 507 (Angsana Breeze Yishun),Mon,08:00,14:30,480,870,False,8:00am - 2:30pm
Yishun,Family Clinic 507 (Angsana Breeze Yishun),Mon,18:00,21:30,1080,1290,False,6:00pm - 9:30pm
Yishun,Family Clinic 507 (Angsana Breeze Yishun),Tues,08:00,14:30,480,870,False,8:00am - 2:30pm
Yishun,Family Clinic 507 (Angsana Breeze Yishun),Tues,18:00,21:30,1080,1290,False,6:00pm - 9:30pm
Yishun,Family Clinic 507 (Angsana Breeze Yishun),Wed,08:00,14:30,480,870,False,8:00am - 2:30pm
Yishun,Family Clinic 507 (Angsana Breeze Yishun),Wed,18:00,21:30,1080,1290,False,6:00pm - 9:30pm
Yishun,Family Clinic 507 (Angsana Breeze Yishun),Thurs,08:00,14:30,480,870,False,8:00am - 2:30pm
Yishun,Family Clinic 507 (Angsana Breeze Yishun),Thurs,18:00,21:30,1080,1290,False,6:00pm - 9:30pm
Yishun,Family Clinic 507 (Angsana Breeze Yishun),Fri,08:00,14:30,480,870,False,8:00am - 2:30pm
Yishun,Family Clinic 507 (Angsana Breeze Yishun),Fri,18:00,21:30,1080,1290,False,6:00pm - 9:30pm
Yishun,Family Clinic 507 (Angsana Breeze Yishun),Sat,08:00,12:30,480,750,False,8:00am - 12:30pm
Yishun,Family Clinic 507 (Angsana Breeze Yishun),Sun,08:00,12:00,480,720,False,8:00am - 12:00pm
Yishun,OneCare Clinic 18 (Junction 9),Mon,08:00,15:00,480,900,False,8:00am - 3:00pm
Yishun,OneCare Clinic 18 (Junction 9),Mon,17:30,21:30,1050,1290,False,5:30pm - 9:30pm
Yishun,OneCare Clinic 18 (Junction 9),Tues,08:00,15:00,480,900,False,8:00am - 3:00pm
Yishun,OneCare Clinic 18 (Junction 9),Tues,17:30,21:00,1050,1260,False,5:30pm - 9:00pm
Yishun,OneCare Clinic 18 (Junction 9),Wed,08:00,15:00,480,900,False,8:00am - 3:00pm
Yishun,OneCare Clinic 18 (Junction 9),Wed,17:30,21:00,1050,1260,False,5:30pm - 9:00pm
Yishun,OneCare Clinic 18 (Junction 9),Thurs,08:00,15:00,480,900,False,8:00am - 3:00pm
Yishun,OneCare Clinic 18 (Junction 9),Thurs,17:30,21:00,1050,1260,False,5:30pm - 9:00pm
Yishun,OneCare Clinic 18 (Junction 9),Fri,08:00,15:00,480,900,False,8:00am - 3:00pm
Yishun,OneCare Clinic 18 (Junction 9),Fri,17:30,21:00,1050,1260,False,5:30pm - 9:00pm
Yishun,OneCare Clinic 18 (Junction 9),Sat,08:00,13:00,480,780,False,8:00am - 1:00pm
Yishun,OneCare Clinic 18 (Junction 9),Sat,18:00,21:00,1080,1260,False,6:00pm - 9:00pm
Yishun,OneCare Clinic 18 (Junction 9),Sun,08:00,13:00,480,780,False,8:00am - 1:00pm
Yishun,OneCare Clinic 18 (Junction 9),Sun,18:00,21:00,1080,1260,False,6:00pm - 9:00pm
Yishun,OneCare Clinic 431 (Yishun),Mon,08:30,15:30,510,930,False,8:30am - 3:30pm
Yishun,OneCare Clinic 431 (Yishun),Mon,18:00,21:30,1080,1290,False,6:00pm - 9:30pm
Yishun,OneCare Clinic 431 (Yishun),Tues,08:30,15:30,510,930,False,8:30am - 3:30pm
Yishun,OneCare Clinic 431 (Yishun),Tues,18:00,21:00,1080,1260,False,6:00pm - 9:00pm
Yishun,OneCare Clinic 431 (Yishun),Wed,08:30,15:30,510,930,False,8:30am - 3:30pm
Yishun,OneCare Clinic 431 (Yishun),Wed,18:00,21:00,1080,1260,False,6:00pm - 9:00pm
Yishun,OneCare Clinic 431 (Yishun),Thurs,08:30,15:30,510,930,False,8:30am - 3:30pm
Yishun,OneCare Clinic 431 (Yishun),Thurs,18:00,21:00,1080,1260,False,6:00pm - 9:00pm
Yishun,OneCare Clinic 431 (Yishun),Fri,08:30,15:30,510,930,False,8:30am - 3:30pm
Yishun,OneCare Clinic 431 (Yishun),Fri,18:00,21:00,1080,1260,False,6:00pm - 9:00pm
Yishun,OneCare Clinic 431 (Yishun),Sat,08:30,13:00,510,780,False,8:30am - 1:00pm
Yishun,OneCare Clinic 431 (Yishun),Sun,08:30,13:00,510,780,False,8:30am - 1:00pm
Yishun,OneCare Clinic 431 (Yishun),Sun,18:00,21:00,1080,1260,False,6:00pm - 9:00pm
Yishun,Our Yishun 471B Family Clinic,Mon,08:30,14:30,510,870,False,8:30am - 2:30pm
Yishun,Our Yishun 471B Family Clinic,Mon,17:30,21:00,1050,1260,False,5:30pm - 9:00pm
Yishun,Our Yishun 471B Family Clinic,Mon,08:30,14:30,510,870,False,8:30am - 2:30pm
Yishun,Our Yishun 471B Family Clinic,Mon,18:00,21:00,1080,1260,False,6:00pm - 9:00pm
Yishun,Our Yishun 471B Family Clinic,Tues,08:30,14:30,510,870,False,8:30am - 2:30pm
Yishun,Our Yishun 471B Family Clinic,Tues,17:30,21:00,1050,1260,False,5:30pm - 9:00pm
Yishun,Our Yishun 471B Family Clinic,Tues,08:30,14:30,510,870,False,8:30am - 2:30pm
Yishun,Our Yishun 471B Family Clinic,Tues,18:00,21:00,1080,1260,False,6:00pm - 9:00pm
Yishun,Our Yishun 471B Family Clinic,Wed,08:30,14:30,510,870,False,8:30am - 2:30pm
Yishun,Our Yishun 471B Family Clinic,Wed,17:30,21:00,1050,1260,False,5:30pm - 9:00pm
Yishun,Our Yishun 471B Family Clinic,Wed,08:30,14:30,510,870,False,8:30am - 2:30pm
Yishun,Our Yishun 471B Family Clinic,Wed,18:00,21:00,1080,1260,False,6:00pm - 9:00pm
Yishun,Our Yishun 471B Family Clinic,Thurs,08:30,14:30,510,870,False,8:30am - 2:30pm
Yishun,Our Yishun 471B Family Clinic,Thurs,17:30,21:00,1050,1260,False,5:30pm - 9:00pm
Yishun,Our Yishun 471B Family Clinic,Thurs,08:30,14:30,510,870,False,8:30am - 2:30pm
Yishun,Our Yishun 471B Family Clinic,Thurs,18:00,21:00,1080,1260,False,6:00pm - 9:00pm
Yishun,Our Yishun 471B Family Clinic,Sat,08:30,13:00,510,780,False,8:30am - 1:00pm
Yishun,Our Yishun 471B Family Clinic,Sun,08:30,13:00,510,780,False,8:30am - 1:00pm
Yishun,Our Yishun 471B Family Clinic,Sun,18:00,21:00,1080,1260,False,6:00pm - 9:00pm
Yishun,Pacific Medical 716 and Dental Group,Mon,08:30,15:00,510,900,False,8:30am - 3:00pm
Yishun,Pacific Medical 716 and Dental Group,Mon,18:30,21:30,1110,1290,False,6:30pm - 9:30pm
Yishun,Pacific Medical 716 and Dental Group,Tues,08:30,15:00,510,900,False,8:30am - 3:00pm
Yishun,Pacific Medical 716 and Dental Group,Wed,08:30,15:00,510,900,False,8:30am - 3:00pm
Yishun,Pacific Medical 716 and Dental Group,Wed,18:30,21:30,1110,1290,False,6:30pm - 9:30pm
Yishun,Pacific Medical 716 and Dental Group,Thurs,08:30,15:00,510,900,False,8:30am - 3:00pm
Yishun,Pacific Medical 716 and Dental Group,Fri,08:30,15:00,510,900,False,8:30am - 3:00pm
Yishun,Pacific Medical 716 and Dental Group,Fri,18:30,21:30,1110,1290,False,6:30pm - 9:30pm
Yishun,Pacific Medical 716 and Dental Group,Sat,08:30,12:30,510,750,False,8:30am - 12:30pm
Yishun,PanCare Medical 605 Clinic (Yishun Nee 605),Mon,08:30,13:00,510,780,False,8:30am - 1:00pm
Yishun,PanCare Medical 605 Clinic (Yishun Nee 605),Mon,14:00,17:00,840,1020,False,2:00pm - 5:00pm
Yishun,PanCare Medical 605 Clinic (Yishun Nee 605),Mon,18:00,21:00,1080,1260,False,6:00pm - 9:00pm
Yishun,PanCare Medical 605 Clinic (Yishun Nee 605),Tues,08:30,13:00,510,780,False,8:30am - 1:00pm
Yishun,PanCare Medical 605 Clinic (Yishun Nee 605),Tues,14:00,17:00,840,1020,False,2:00pm - 5:00pm
Yishun,PanCare Medical 605 Clinic (Yishun Nee 605),Wed,08:30,13:00,510,780,False,8:30am - 1:00pm
Yishun,PanCare Medical 605 Clinic (Yishun Nee 605),Wed,14:00,17:00,840,1020,False,2:00pm - 5:00pm
Yishun,PanCare Medical 605 Clinic (Yishun Nee 605),Thurs,08:30,13:00,510,780,False,8:30am - 1:00pm
Yishun,PanCare Medical 605 Clinic (Yishun Nee 605),Thurs,14:00,17:00,840,1020,False,2:00pm - 5:00pm
Yishun,PanCare Medical 605 Clinic (Yishun Nee 605),Fri,08:30,13:00,510,780,False,8:30am - 1:00pm
Yishun,PanCare Medical 605 Clinic (Yishun Nee 605),Fri,14:00,17:00,840,1020,False,2:00pm - 5:00pm
Yishun,PanCare Medical 605 Clinic (Yishun Nee 605),Sat,08:30,13:00,510,780,False,8:30am - 1:00pm
Yishun,PanCare Medical 747 Clinic (Yishun Nee 747),Mon,08:00,17:00,480,1020,False,8:00am - 5:00pm
Yishun,PanCare Medical 747 Clinic (Yishun Nee 747),Mon,18:00,21:00,1080,1260,False,6:00pm - 9:00pm
Yishun,PanCare Medical 747 Clinic (Yishun Nee 747),Tues,08:00,13:00,480,780,False,8:00am - 1:00pm
Yishun,PanCare Medical 747 Clinic (Yishun Nee 747),Wed,08:00,13:00,480,780,False,8:00am - 1:00pm
Yishun,PanCare Medical 747 Clinic (Yishun Nee 747),Thurs,08:00,13:00,480,780,False,8:00am - 1:00pm
Yishun,PanCare Medical 747 Clinic (Yishun Nee 747),Thurs,14:00,17:00,840,1020,False,2:00pm - 5:00pm
Yishun,PanCare Medical 747 Clinic (Yishun Nee 747),Thurs,18:00,21:00,1080,1260,False,6:00pm - 9:00pm
Yishun,PanCare Medical 747 Clinic (Yishun Nee 747),Fri,08:00,17:00,480,1020,False,8:00am - 5:00pm
Yishun,PanCare Medical 747 Clinic (Yishun Nee 747),Sat,08:00,14:00,480,840,False,8:00am - 2:00pm
Yishun,Parkway Shenton 160 Medical Clinic (Yishun Central),Mon,08:30,13:00,510,780,False,8:30am - 1:00pm
Yishun,Parkway Shenton 160 Medical Clinic (Yishun Central),Mon,14:00,17:30,840,1050,False,2:00pm - 5:30pm
Yishun,Parkway Shenton 160 Medical Clinic (Yishun Central),Mon,18:30,21:00,1110,1260,False,6:30pm - 9:00pm
Yishun,Parkway Shenton 160 Medical Clinic (Yishun Central),Tues,08:30,13:00,510,780,False,8:30am - 1:00pm
Yishun,Parkway Shenton 160 Medical Clinic (Yishun Central),Tues,14:00,17:30,840,1050,False,2:00pm - 5:30pm
Yishun,Parkway Shenton 160 Medical Clinic (Yishun Central),Wed,08:30,13:00,510,780,False,8:30am - 1:00pm
Yishun,Parkway Shenton 160 Medical Clinic (Yishun Central),Wed,14:00,17:30,840,1050,False,2:00pm - 5:30pm
Yishun,Parkway Shenton 160 Medical Clinic (Yishun Central),Thurs,08:30,13:00,510,780,False,8:30am - 1:00pm
Yishun,Parkway Shenton 160 Medical Clinic (Yishun Central),Thurs,14:00,17:30,840,1050,False,2:00pm - 5:30pm
Yishun,Parkway Shenton 160 Medical Clinic (Yishun Central),Thurs,18:30,21:00,1110,1260,False,6:30pm - 9:00pm
Yishun,Parkway Shenton 160 Medical Clinic (Yishun Central),Fri,08:30,13:00,510,780,False,8:30am - 1:00pm
Yishun,Parkway Shenton 160 Medical Clinic (Yishun Central),Fri,14:00,17:30,840,1050,False,2:00pm - 5:30pm
Yishun,Parkway Shenton 160 Medical Clinic (Yishun Central),Sat,08:30,12:30,510,750,False,8:30am - 12:30pm
Yishun,Pinnacle Family 920 Clinic (Yishun),Mon,08:00,13:00,480,780,False,8:00am - 1:00pm
Yishun,Pinnacle Family 920 Clinic (Yishun),Tues,08:00,13:00,480,780,False,8:00am - 1:00pm
Yishun,Pinnacle Family 920 Clinic (Yishun),Tues,14:00,16:00,840,960,False,2:00pm - 4:00pm
Yishun,Pinnacle Family 920 Clinic (Yishun),Wed,08:00,13:00,480,780,False,8:00am - 1:00pm
Yishun,Pinnacle Family 920 Clinic (Yishun),Thurs,14:00,16:00,840,960,False,2:00pm - 4:00pm
Yishun,Pinnacle Family 920 Clinic (Yishun),Thurs,17:00,21:00,1020,1260,False,5:00pm - 9:00pm
Yishun,Pinnacle Family 920 Clinic (Yishun),Fri,08:00,13:00,480,780,False,8:00am - 1:00pm
Yishun,Pinnacle Family 920 Clinic (Yishun),Fri,14:00,16:00,840,960,False,2:00pm - 4:00pm
Yishun,Pinnacle Family 920 Clinic (Yishun),Sat,09:00,13:00,540,780,False,9:00am - 1:00pm
Yishun,Psalms Family 293 Clinic,Mon,08:30,13:00,510,780,False,8:30am - 1:00pm
Yishun,Psalms Family 293 Clinic,Mon,14:00,16:00,840,960,False,2:00pm - 4:00pm
Yishun,Psalms Family 293 Clinic,Tues,08:30,13:00,510,780,False,8:30am - 1:00pm
Yishun,Psalms Family 293 Clinic,Tues,14:00,16:00,840,960,False,2:00pm - 4:00pm
Yishun,Psalms Family 293 Clinic,Wed,08:30,13:00,510,780,False,8:30am - 1:00pm
Yishun,Psalms Family 293 Clinic,Wed,14:00,16:00,840,960,False,2:00pm - 4:00pm
Yishun,Psalms Family 293 Clinic,Thurs,08:30,13:00,510,780,False,8:30am - 1:00pm
Yishun,Psalms Family 293 Clinic,Thurs,14:00,16:00,840,960,False,2:00pm - 4:00pm
Yishun,Psalms Family 293 Clinic,Fri,08:30,13:00,510,780,False,8:30am - 1:00pm
Yishun,Psalms Family 293 Clinic,Fri,14:00,16:00,840,960,False,2:00pm - 4:00pm
Yishun,Psalms Family 293 Clinic,Sat,08:30,12:00,510,720,False,8:30am - 12:00pm
Yishun,Silver Cross 846 Family Clinic (Yishun),Mon,08:00,17:00,480,1020,False,8:00am - 5:00pm
Yishun,Silver Cross 846 Family Clinic (Yishun),Mon,18:00,21:00,1080,1260,False,6:00pm - 9:00pm
Yishun,Silver Cross 846 Family Clinic (Yishun),Tues,08:00,17:00,480,1020,False,8:00am - 5:00pm
Yishun,Silver Cross 846 Family Clinic (Yishun),Tues,18:00,21:00,1080,1260,False,6:00pm - 9:00pm
Yishun,Silver Cross 846 Family Clinic (Yishun),Wed,08:00,17:00,480,1020,False,8:00am - 5:00pm
Yishun,Silver Cross 846 Family Clinic (Yishun),Wed,18:00,21:00,1080,1260,False,6:00pm - 9:00pm
Yishun,Silver Cross 846 Family Clinic (Yishun),Thurs,08:00,17:00,480,1020,False,8:00am - 5:00pm
Yishun,Silver Cross 846 Family Clinic (Yishun),Thurs,18:00,21:00,1080,1260,False,6:00pm - 9:00pm
Yishun,Silver Cross 846 Family Clinic (Yishun),Fri,08:00,17:00,480,1020,False,8:00am - 5:00pm
Yishun,Silver Cross 846 Family Clinic (Yishun),Fri,18:00,21:00,1080,1260,False,6:00pm - 9:00pm
Yishun,Silver Cross 846 Family Clinic (Yishun),Sat,08:00,17:00,480,1020,False,8:00am - 5:00pm
Yishun,Silver Cross 846 Family Clinic (Yishun),Sun,08:00,17:00,480,1020,False,8:00am - 5:00pm
Yishun,Silver Cross 846 Family Clinic (Yishun),PH,08:00,17:00,480,1020,False,8:00am - 5:00pm
Yishun,The Family 411 Medical Centre (Yishun) Pte Ltd,Mon,08:30,12:30,510,750,False,8:30am - 12:30pm
Yishun,The Family 411 Medical Centre (Yishun) Pte Ltd,Mon,14:00,16:30,840,990,False,2:00pm - 4:30pm
Yishun,The Family 411 Medical Centre (Yishun) Pte Ltd,Mon,19:00,21:00,1140,1260,False,7:00pm - 9:00pm
Yishun,The Family 411 Medical Centre (Yishun) Pte Ltd,Tues,08:30,12:30,510,750,False,8:30am - 12:30pm
Yishun,The Family 411 Medical Centre (Yishun) Pte Ltd,Tues,14:00,16:30,840,990,False,2:00pm - 4:30pm
Yishun,The Family 411 Medical Centre (Yishun) Pte Ltd,Tues,19:00,21:00,1140,1260,False,7:00pm - 9:00pm
Yishun,The Family 411 Medical Centre (Yishun) Pte Ltd,Wed,08:30,12:30,510,750,False,8:30am - 12:30pm
Yishun,The Family 411 Medical Centre (Yishun) Pte Ltd,Wed,14:00,16:30,840,990,False,2:00pm - 4:30pm
Yishun,The Family 411 Medical Centre (Yishun) Pte Ltd,Wed,19:00,21:00,1140,1260,False,7:00pm - 9:00pm
Yishun,The Family 411 Medical Centre (Yishun) Pte Ltd,Thurs,08:30,12:30,510,750,False,8:30am - 12:30pm
Yishun,The Family 411 Medical Centre (Yishun) Pte Ltd,Thurs,14:00,16:30,840,990,False,2:00pm - 4:30pm
Yishun,The Family 411 Medical Centre (Yishun) Pte Ltd,Thurs,19:00,21:00,1140,1260,False,7:00pm - 9:00pm
Yishun,The Family 411 Medical Centre (Yishun) Pte Ltd,Fri,08:30,12:30,510,750,False,8:30am - 12:30pm
Yishun,The Family 411 Medical Centre (Yishun) Pte Ltd,Fri,14:00,16:30,840,990,False,2:00pm - 4:30pm
Yishun,The Family 411 Medical Centre (Yishun) Pte Ltd,Fri,19:00,21:00,1140,1260,False,7:00pm - 9:00pm
Yishun,The Family 411 Medical Centre (Yishun) Pte Ltd,Sat,08:30,12:30,510,750,False,8:30am - 12:30pm
Yishun,The Family 411 Medical Centre (Yishun) Pte Ltd,Sat,18:00,20:00,1080,1200,False,6:00pm - 8:00pm
Yishun,The Family 411 Medical Centre (Yishun) Pte Ltd,Sun,08:30,12:30,510,750,False,8:30am - 12:30pm
Yishun,The Family 411 Medical Centre (Yishun) Pte Ltd,PH,08:30,12:30,510,750,False,8:30am - 12:30pm
Yishun,Uniq Medical 925 Clinic (Yishun),Mon,09:00,13:00,540,780,False,9:00am - 1:00pm
Yishun,Uniq Medical 925 Clinic (Yishun),Mon,18:00,21:00,1080,1260,False,6:00pm - 9:00pm
Yishun,Uniq Medical 925 Clinic (Yishun),Tues,09:00,13:00,540,780,False,9:00am - 1:00pm
Yishun,Uniq Medical 925 Clinic (Yishun),Tues,18:00,21:00,1080,1260,False,6:00pm - 9:00pm
Yishun,Uniq Medical 925 Clinic (Yishun),Wed,09:00,13:00,540,780,False,9:00am - 1:00pm
Yishun,Uniq Medical 925 Clinic (Yishun),Wed,18:00,21:00,1080,1260,False,6:00pm - 9:00pm
Yishun,Uniq Medical 925 Clinic (Yishun),Thurs,09:00,13:00,540,780,False,9:00am - 1:00pm
Yishun,Uniq Medical 925 Clinic (Yishun),Thurs,18:00,21:00,1080,1260,False,6:00pm - 9:00pm
Yishun,Uniq Medical 925 Clinic (Yishun),Fri,09:00,13:00,540,780,False,9:00am - 1:00pm
Yishun,Uniq Medical 925 Clinic (Yishun),Fri,18:00,21:00,1080,1260,False,6:00pm - 9:00pm
Yishun,Uniq Medical 925 Clinic (Yishun),Sat,09:00,13:00,540,780,False,9:00am - 1:00pm
Yishun,Uniq Medical 925 Clinic (Yishun),PH,09:00,13:00,540,780,False,9:00am - 1:00pm
Yishun,Medical Clinic 618 (Yishun),Mon,08:00,13:00,480,780,False,8:00am - 1:00pm
Yishun,Medical Clinic 618 (Yishun),Mon,18:00,21:00,1080,1260,False,6:00pm - 9:00pm
Yishun,Medical Clinic 618 (Yishun),Tues,08:00,13:00,480,780,False,8:00am - 1:00pm
Yishun,Medical Clinic 618 (Yishun),Tues,18:00,21:00,1080,1260,False,6:00pm - 9:00pm
Yishun,Medical Clinic 618 (Yishun),Wed,08:00,13:00,480,780,False,8:00am - 1:00pm
Yishun,Medical Clinic 618 (Yishun),Wed,18:00,21:00,1080,1260,False,6:00pm - 9:00pm
Yishun,Medical Clinic 618 (Yishun),Thurs,08:00,13:00,480,780,False,8:00am - 1:00pm
Yishun,Medical Clinic 618 (Yishun),Thurs,18:00,21:00,1080,1260,False,6:00pm - 9:00pm
Yishun,Medical Clinic 618 (Yishun),Fri,08:00,13:00,480,780,False,8:00am - 1:00pm
Yishun,Medical Clinic 618 (Yishun),Sat,08:00,13:00,480,780,False,8:00am - 1:00pm
Yishun,Medical Clinic 618 (Yishun),Sun,09:00,12:00,540,720,False,9:00am - 12:00pm
Yishun,Medical Clinic 618 (Yishun),PH,09:00,12:00,540,720,False,9:00am - 12:00pm
