location,clinic_name,day,time_blocks,notes,is_closed
Ang Mo Kio,Appletree Medical,Mon,9:00am - 12:00pm | 1:00pm - 3:00pm,,false
Ang Mo Kio,Appletree Medical,Tues,9:00am - 12:00pm | 1:00pm - 3:00pm,,false
Ang Mo Kio,Appletree Medical,Wed,9:00am - 12:00pm | 1:00pm - 3:00pm,,false
Ang Mo Kio,Appletree Medical,Thurs,9:00am - 12:00pm | 1:00pm - 3:00pm,,false
Ang Mo Kio,Appletree Medical,Fri,9:00am - 12:00pm | 1:00pm - 3:00pm,,false
Ang Mo Kio,Appletree Medical,Sat,9:00am - 12:00pm,,false
Ang Mo Kio,Appletree Medical,Sun,,* Please call clinic to schedule for appointment,false
Ang Mo Kio,Appletree Medical,PH,,Closed,true
Ang Mo Kio,Atrio Family Clinic (Ang Mo Kio),Mon,8:00am - 2:00pm | 5:30pm - 9:30pm,,false
Ang Mo Kio,Atrio Family Clinic (Ang Mo Kio),Tues,8:00am - 2:00pm | 5:30pm - 9:30pm,,false
Ang Mo Kio,Atrio Family Clinic (Ang Mo Kio),Wed,8:00am - 2:00pm | 5:30pm - 9:30pm,,false
Ang Mo Kio,Atrio Family Clinic (Ang Mo Kio),Thurs,8:00am - 2:00pm | 5:30pm - 9:30pm,,false
Ang Mo Kio,Atrio Family Clinic (Ang Mo Kio),Fri,8:00am - 2:00pm | 5:30pm - 9:30pm,,false
Ang Mo Kio,Atrio Family Clinic (Ang Mo Kio),Sat,8:00am - 2:00pm,,false
Ang Mo Kio,Atrio Family Clinic (Ang Mo Kio),Sun,9:00am - 2:00pm,,false
Ang Mo Kio,Atrio Family Clinic (Ang Mo Kio),PH,,Closed,true
Ang Mo Kio,Beacon Clinic and Surgery,Mon,9:00am - 9:00pm,,false
Ang Mo Kio,Beacon Clinic and Surgery,Tues,9:00am - 9:00pm,,false
Ang Mo Kio,Beacon Clinic and Surgery,Wed,9:00am - 9:00pm,,false
Ang Mo Kio,Beacon Clinic and Surgery,Thurs,9:00am - 9:00pm,,false
Ang Mo Kio,Beacon Clinic and Surgery,Fri,9:00am - 9:00pm,,false
Ang Mo Kio,Beacon Clinic and Surgery,Sat,9:00am - 9:00pm,,false
Ang Mo Kio,Beacon Clinic and Surgery,Sun,9:00am - 9:00pm,,false
Ang Mo Kio,Beacon Clinic and Surgery,PH,9:00am - 9:00pm,,false
Ang Mo Kio,DA Clinic @ Ang Mo Kio,Mon,8:00am - 12:00am,,false
Ang Mo Kio,DA Clinic @ Ang Mo Kio,Tues,8:00am - 12:00am,,false
Ang Mo Kio,DA Clinic @ Ang Mo Kio,Wed,8:00am - 12:00am,,false
Ang Mo Kio,DA Clinic @ Ang Mo Kio,Thurs,8:00am - 12:00am,,false
Ang Mo Kio,DA Clinic @ Ang Mo Kio,Fri,8:00am - 12:00am,,false
Ang Mo Kio,DA Clinic @ Ang Mo Kio,Sat,8:00am - 12:00am,,false
Ang Mo Kio,DA Clinic @ Ang Mo Kio,Sun,8:00am - 12:00am,,false
Ang Mo Kio,DA Clinic @ Ang Mo Kio,PH,,Please call the clinic to confirm,false
Ang Mo Kio,Frontier Medical Associates (Ang Mo Kio),Mon,8:30am - 4:30pm | 6:00pm - 9:00pm,,false
Ang Mo Kio,Frontier Medical Associates (Ang Mo Kio),Tues,8:30am - 4:30pm | 6:00pm - 9:00pm,,false
Ang Mo Kio,Frontier Medical Associates (Ang Mo Kio),Wed,8:30am - 4:30pm | 6:00pm - 9:00pm,,false
Ang Mo Kio,Frontier Medical Associates (Ang Mo Kio),Thurs,8:30am - 1:00pm | 6:00pm - 9:00pm,,false
Ang Mo Kio,Frontier Medical Associates (Ang Mo Kio),Fri,8:30am - 4:30pm,,false
Ang Mo Kio,Frontier Medical Associates (Ang Mo Kio),Sat,8:30am - 1:00pm,,false
Ang Mo Kio,Frontier Medical Associates (Ang Mo Kio),Sun,,Closed,true
Ang Mo Kio,Frontier Medical Associates (Ang Mo Kio),PH,,Closed,true
Ang Mo Kio,Healthway Medical (Ang Mo Kio Ave 1),Mon,9:00am - 1:00pm | 2:00pm - 5:00pm | 6:00pm - 9:00pm,,false
Ang Mo Kio,Healthway Medical (Ang Mo Kio Ave 1),Tues,9:00am - 1:00pm | 2:00pm - 5:00pm | 6:00pm - 9:00pm,,false
Ang Mo Kio,Healthway Medical (Ang Mo Kio Ave 1),Wed,9:00am - 1:00pm | 2:00pm - 5:00pm,,false
Ang Mo Kio,Healthway Medical (Ang Mo Kio Ave 1),Thurs,9:00am - 12:30pm | 2:00pm - 5:00pm | 6:00pm - 9:00pm,,false
Ang Mo Kio,Healthway Medical (Ang Mo Kio Ave 1),Fri,9:00am - 1:00pm | 2:00pm - 5:00pm,,false
Ang Mo Kio,Healthway Medical (Ang Mo Kio Ave 1),Sat,9:00am - 1:00pm,,false
Ang Mo Kio,Healthway Medical (Ang Mo Kio Ave 1),Sun,9:00am - 1:00pm,,false
Ang Mo Kio,Healthway Medical (Ang Mo Kio Ave 1),PH,9:00am - 1:00pm,,false
Ang Mo Kio,Healthway Medical (Ang Mo Kio Ave 8),Mon,8:00am - 3:00pm | 6:00pm - 9:00pm,,false
Ang Mo Kio,Healthway Medical (Ang Mo Kio Ave 8),Tues,8:00am - 3:00pm,,false
Ang Mo Kio,Healthway Medical (Ang Mo Kio Ave 8),Wed,8:00am - 3:00pm,,false
Ang Mo Kio,Healthway Medical (Ang Mo Kio Ave 8),Thurs,8:00am - 3:00pm,,false
Ang Mo Kio,Healthway Medical (Ang Mo Kio Ave 8),Fri,8:00am - 3:00pm,,false
Ang Mo Kio,Healthway Medical (Ang Mo Kio Ave 8),Sat,8:30am - 12:30pm,,false
Ang Mo Kio,Healthway Medical (Ang Mo Kio Ave 8),Sun,,Closed,true
Ang Mo Kio,Healthway Medical (Ang Mo Kio Ave 8),PH,,Closed,true
Ang Mo Kio,Intemedical Teck,Mon,8:00am - 10:00pm,,false
Ang Mo Kio,Intemedical Teck,Tues,8:00am - 10:00pm,,false
Ang Mo Kio,Intemedical Teck,Wed,8:00am - 10:00pm,,false
Ang Mo Kio,Intemedical Teck,Thurs,8:00am - 10:00pm,,false
Ang Mo Kio,Intemedical Teck,Fri,8:00am - 10:00pm,,false
Ang Mo Kio,Intemedical Teck,Sat,8:00am - 10:00pm,,false
Ang Mo Kio,Gee,PH,8:00am - 10:00pm,,false
Ang Mo Kio,Keystone Clinic & Surgery (Ang Mo Kio),Mon,8:00am - 8:00pm,,false
Ang Mo Kio,Keystone Clinic & Surgery (Ang Mo Kio),Tues,8:00am - 8:00pm,,false
Ang Mo Kio,Keystone Clinic & Surgery (Ang Mo Kio),Wed,8:00am - 8:00pm,,false
Ang Mo Kio,Keystone Clinic & Surgery (Ang Mo Kio),Thurs,8:00am - 8:00pm,,false
Ang Mo Kio,Keystone Clinic & Surgery (Ang Mo Kio),Fri,8:00am - 8:00pm,,false
Ang Mo Kio,Keystone Clinic & Surgery (Ang Mo Kio),Sat,8:00am - 8:00pm,,false
Ang Mo Kio,Keystone Clinic & Surgery (Ang Mo Kio),Sun,8:00am - 8:00pm,,false
Ang Mo Kio,Keystone Clinic & Surgery (Ang Mo Kio),PH,8:00am - 8:00pm,,false
Ang Mo Kio,Ki Medical Clinic,Mon,8:00am - 12:00pm | 2:30pm - 4:30pm | 6:00pm - 9:00pm,,false
Ang Mo Kio,Ki Medical Clinic,Tues,8:00am - 12:00pm | 2:30pm - 4:30pm | 6:00pm - 9:00pm,,false
Ang Mo Kio,Ki Medical Clinic,Wed,8:00am - 12:00pm | 2:30pm - 4:30pm | 6:00pm - 9:00pm,,false
Ang Mo Kio,Ki Medical Clinic,Thurs,8:00am - 12:00pm | 2:30pm - 4:30pm | 6:00pm - 9:00pm,,false
Ang Mo Kio,Ki Medical Clinic,Fri,8:00am - 12:00pm | 6:00pm - 9:00pm,,false
Ang Mo Kio,Ki Medical Clinic,Sat,8:00am - 12:00pm | 6:00pm - 8:30pm,,false
Ang Mo Kio,Ki Medical Clinic,Sun,8:00am - 12:00pm | 6:00pm - 8:30pm,,false
Ang Mo Kio,Ki Medical Clinic,PH,8:00am - 12:00pm,(Only on selected PH - To call the clinic to confirm),false
Ang Mo Kio,Pancare Medical Clinic (Ang Mo Kio),Mon,8:00am - 1:00pm | 2:00pm - 5:00pm | 6:00pm - 9:00pm,,false
Ang Mo Kio,Pancare Medical Clinic (Ang Mo Kio),Tues,8:00am - 1:00pm | 2:00pm - 5:00pm,,false
Ang Mo Kio,Pancare Medical Clinic (Ang Mo Kio),Wed,8:00am - 1:00pm | 6:00pm - 9:00pm,,false
Ang Mo Kio,Pancare Medical Clinic (Ang Mo Kio),Thurs,8:00am - 1:00pm | 6:00pm - 9:00pm,,false
Ang Mo Kio,Pancare Medical Clinic (Ang Mo Kio),Fri,8:00am - 1:00pm | 2:00pm - 5:00pm,,false
Ang Mo Kio,Pancare Medical Clinic (Ang Mo Kio),Sat,8:00am - 1:00pm,,false
Ang Mo Kio,Pancare Medical Clinic (Ang Mo Kio),Sun,8:00am - 1:00pm,,false
Ang Mo Kio,Pancare Medical Clinic (Ang Mo Kio),PH,8:00am - 1:00pm,,false
Ang Mo Kio,Procare GP Clinic Mayflower,Mon,8:00am - 2:00pm | 6:00pm - 9:00pm | 8:00am - 1:00pm,(WhatsApp Only) Sun & PH:,false
Ang Mo Kio,Procare GP Clinic Mayflower,Tues,8:00am - 2:00pm | 6:00pm - 9:00pm | 8:00am - 1:00pm,(WhatsApp Only) Sun & PH:,false
Ang Mo Kio,Procare GP Clinic Mayflower,Wed,8:00am - 2:00pm | 6:00pm - 9:00pm | 8:00am - 1:00pm,(WhatsApp Only) Sun & PH:,false
Ang Mo Kio,Procare GP Clinic Mayflower,Thurs,8:00am - 2:00pm | 6:00pm - 9:00pm | 8:00am - 1:00pm,(WhatsApp Only) Sun & PH:,false
Ang Mo Kio,Procare GP Clinic Mayflower,Fri,8:00am - 2:00pm | 6:00pm - 9:00pm | 8:00am - 1:00pm,(WhatsApp Only) Sun & PH:,false
Ang Mo Kio,Procare GP Clinic Mayflower,Sat,,Closed,true
Ang Mo Kio,SATA CommHealth Medical Centre (Ang Mo Kio),Mon,8:30am - 12:30pm | 1:30pm - 5:00pm,,false
Ang Mo Kio,SATA CommHealth Medical Centre (Ang Mo Kio),Tues,8:30am - 12:30pm | 1:30pm - 5:00pm,,false
Ang Mo Kio,SATA CommHealth Medical Centre (Ang Mo Kio),Wed,8:30am - 12:30pm | 1:30pm - 5:00pm,,false
Ang Mo Kio,SATA CommHealth Medical Centre (Ang Mo Kio),Thurs,8:30am - 12:30pm | 1:30pm - 5:00pm,,false
Ang Mo Kio,SATA CommHealth Medical Centre (Ang Mo Kio),Fri,8:30am - 12:30pm | 1:30pm - 5:00pm,,false
Ang Mo Kio,SATA CommHealth Medical Centre (Ang Mo Kio),Sat,8:30am - 1:00pm,,false
Ang Mo Kio,SATA CommHealth Medical Centre (Ang Mo Kio),Sun,,Closed,true
Ang Mo Kio,SATA CommHealth Medical Centre (Ang Mo Kio),PH,,Closed,true
Ang Mo Kio,Summit Medical Clinic,Mon,8:30am - 12:30pm | 1:30pm - 3:30pm,,false
Ang Mo Kio,Summit Medical Clinic,Tues,8:30am - 12:30pm | 1:30pm - 3:30pm,,false
Ang Mo Kio,Summit Medical Clinic,Wed,8:30am - 12:30pm | 1:30pm - 3:30pm,,false
Ang Mo Kio,Summit Medical Clinic,Thurs,8:30am - 12:30pm | 1:30pm - 3:30pm,,false
Ang Mo Kio,Summit Medical Clinic,Fri,8:30am - 12:30pm | 1:30pm - 3:30pm,,false
Ang Mo Kio,Summit Medical Clinic,Sat,8:30am - 12:30pm,,false
Ang Mo Kio,Summit Medical Clinic,Sun,,Closed,true
Ang Mo Kio,Summit Medical Clinic,PH,,Closed,true
Ang Mo Kio,Trust Health Medical,Mon,9:00am - 12:30pm | 1:30pm - 4:30pm,,false
Ang Mo Kio,Trust Health Medical,Tues,9:00am - 12:30pm | 1:30pm - 4:30pm,,false
Ang Mo Kio,Trust Health Medical,Wed,9:00am - 12:30pm | 1:30pm - 4:30pm,,false
Ang Mo Kio,Trust Health Medical,Thurs,9:00am - 12:30pm | 1:30pm - 4:30pm,,false
Ang Mo Kio,Trust Health Medical,Fri,9:00am - 12:30pm | 1:30pm - 4:30pm,,false
Ang Mo Kio,Trust Health Medical,Sat,9:00am - 1:00pm,,false
Ang Mo Kio,Trust Health Medical,Sun,,Closed,true
Ang Mo Kio,Trust Health Medical,PH,,Closed,true
Ang Mo Kio,Vital-Care Clinic & Surgery Pte Ltd,Mon,8:00am - 1:00pm | 2:00pm - 5:00pm,,false
Ang Mo Kio,Vital-Care Clinic & Surgery Pte Ltd,Tues,8:00am - 1:00pm | 2:00pm - 5:00pm,,false
Ang Mo Kio,Vital-Care Clinic & Surgery Pte Ltd,Wed,8:00am - 1:00pm | 2:00pm - 5:00pm,,false
Ang Mo Kio,Vital-Care Clinic & Surgery Pte Ltd,Thurs,8:00am - 1:00pm | 2:00pm - 5:00pm,,false
Ang Mo Kio,Vital-Care Clinic & Surgery Pte Ltd,Fri,8:00am - 1:00pm | 2:00pm - 5:00pm,,false
Ang Mo Kio,Vital-Care Clinic & Surgery Pte Ltd,Sat,8:00am - 12:30pm,,false
Ang Mo Kio,Vital-Care Clinic & Surgery Pte Ltd,Sun,,Closed,true
Ang Mo Kio,Vital-Care Clinic & Surgery Pte Ltd,PH,,Closed,true
Ang Mo Kio,Well Family Clinic & Surgery,Mon,9:00am - 10:00pm,,false
Ang Mo Kio,Well Family Clinic & Surgery,Tues,9:00am - 10:00pm,,false
Ang Mo Kio,Well Family Clinic & Surgery,Wed,9:00am - 10:00pm,,false
Ang Mo Kio,Well Family Clinic & Surgery,Thurs,9:00am - 10:00pm,,false
Ang Mo Kio,Well Family Clinic & Surgery,Fri,9:00am - 10:00pm,,false
Ang Mo Kio,Well Family Clinic & Surgery,Sat,9:00am - 10:00pm,,false
Ang Mo Kio,Well Family Clinic & Surgery,Sun,9:00am - 10:00pm,,false
Ang Mo Kio,Well Family Clinic & Surgery,PH,9:00am - 10:00pm,,false
Ang Mo Kio,1 Medical Teck Ghee,Mon,7:00am - 11:00pm,,false
Ang Mo Kio,1 Medical Teck Ghee,Tues,7:00am - 11:00pm,,false
Ang Mo Kio,1 Medical Teck Ghee,Wed,7:00am - 11:00pm,,false
Ang Mo Kio,1 Medical Teck Ghee,Thurs,7:00am - 11:00pm,,false
Ang Mo Kio,1 Medical Teck Ghee,Fri,7:00am - 11:00pm,,false
Ang Mo Kio,1 Medical Teck Ghee,Sat,7:00am - 11:00pm,,false
Ang Mo Kio,1 Medical Teck Ghee,Sun,7:00am - 11:00pm,,false
Ang Mo Kio,1 Medical Teck Ghee,PH,7:00am - 1:00pm | 6:00pm - 11:00pm,,false
Balestier,Family Health Clinic & Surgery,Mon,9:00am - 12:30pm | 2:00pm - 5:30pm,,false
Balestier,Family Health Clinic & Surgery,Tues,9:00am - 12:30pm | 2:00pm - 5:30pm,,false
Balestier,Family Health Clinic & Surgery,Wed,9:00am - 12:30pm | 2:00pm - 5:30pm,,false
Balestier,Family Health Clinic & Surgery,Thurs,9:00am - 12:30pm | 2:00pm - 5:30pm,,false
Balestier,Family Health Clinic & Surgery,Fri,9:00am - 12:30pm | 2:00pm - 5:30pm,,false
Balestier,Family Health Clinic & Surgery,Sat,9:00am - 12:30pm,,false
Balestier,Family Health Clinic & Surgery,Sun,,Closed,true
Balestier,Family Health Clinic & Surgery,PH,,Closed,true
Balestier,Heal Medical Centre,Mon,9:00am - 5:00pm,,false
Balestier,Heal Medical Centre,Tues,9:00am - 5:00pm,,false
Balestier,Heal Medical Centre,Wed,9:00am - 5:00pm,,false
Balestier,Heal Medical Centre,Thurs,9:00am - 5:00pm,,false
Balestier,Heal Medical Centre,Fri,9:00am - 5:00pm,,false
Balestier,Heal Medical Centre,Sat,9:00am - 1:00pm,,false
Balestier,Heal Medical Centre,Sun,,Closed,true
Balestier,Heal Medical Centre,PH,,Closed,true
Balestier,Healthify Medical Family Clinic,Mon,8:30am - 1:00pm,,false
Balestier,Healthify Medical Family Clinic,Tues,8:30am - 1:00pm,,false
Balestier,Healthify Medical Family Clinic,Wed,8:30am - 1:00pm | 2:00pm - 5:00pm,,false
Balestier,Healthify Medical Family Clinic,Thurs,2:00pm - 5:00pm | 6:00pm - 8:30pm,,false
Balestier,Healthify Medical Family Clinic,Fri,8:30am - 1:00pm | 2:00pm - 5:00pm,,false
Balestier,Healthify Medical Family Clinic,Sat,8:30am - 1:00pm,,false
Balestier,Healthify Medical Family Clinic,Sun,,Closed,true
Balestier,Healthify Medical Family Clinic,PH,,Closed,true
Balestier,Livewell Medical Family Clinic,Mon,8:30am - 1:30pm | 6:00pm - 9:30pm,,false
Balestier,Livewell Medical Family Clinic,Tues,8:30am - 1:30pm,,false
Balestier,Livewell Medical Family Clinic,Wed,8:30am - 1:30pm | 6:00pm - 9:30pm,,false
Balestier,Livewell Medical Family Clinic,Thurs,8:30am - 1:00pm | 2:00pm - 5:30pm,,false
Balestier,Livewell Medical Family Clinic,Fri,8:30am - 1:30pm,,false
Balestier,Livewell Medical Family Clinic,Sat,6:30pm - 9:30pm,,false
Balestier,Livewell Medical Family Clinic,Sun,6:30pm - 9:30pm,,false
Balestier,Livewell Medical Family Clinic,PH,6:30pm - 9:30pm,(Only on selected PH - To call the clinic to confirm),false
Balestier,mydoctor@Balestier,Mon,8:30am - 1:00pm | 6:00pm - 9:00pm,,false
Balestier,mydoctor@Balestier,Tues,8:30am - 1:00pm | 6:00pm - 9:00pm,,false
Balestier,mydoctor@Balestier,Wed,8:30am - 1:00pm | 6:00pm - 9:00pm,,false
Balestier,mydoctor@Balestier,Thurs,8:30am - 1:00pm | 6:00pm - 9:00pm,,false
Balestier,mydoctor@Balestier,Fri,8:30am - 1:00pm | 6:00pm - 9:00pm,,false
Balestier,mydoctor@Balestier,Sat,8:30am - 12:30pm,,false
Balestier,mydoctor@Balestier,Sun,8:30am - 12:30pm,,false
Balestier,mydoctor@Balestier,PH,8:30am - 12:30pm,,false
Balestier,Oaklife Family Clinic,Mon,8:30am - 1:00pm | 4:00pm - 8:30pm,,false
Balestier,Oaklife Family Clinic,Tues,8:30am - 1:00pm | 4:00pm - 8:30pm,,false
Balestier,Oaklife Family Clinic,Wed,8:30am - 1:00pm | 4:00pm - 8:30pm,,false
Balestier,Oaklife Family Clinic,Thurs,8:30am - 1:00pm | 4:00pm - 8:30pm,,false
Balestier,Oaklife Family Clinic,Fri,8:30am - 1:00pm | 4:00pm - 8:30pm,,false
Balestier,Oaklife Family Clinic,Sat,8:30am - 1:00pm,,false
Balestier,Oaklife Family Clinic,Sun,5:00pm - 8:30pm,,false
Balestier,Oaklife Family Clinic,PH,,Closed,true
Balestier,Plushealth Medical Clinic & Surgery,Mon,8:30am - 12:30pm | 2:00pm - 4:30pm | 6:00pm - 9:00pm,,false
Balestier,Plushealth Medical Clinic & Surgery,Tues,8:30am - 12:30pm | 2:00pm - 4:30pm | 6:00pm - 9:00pm,,false
Balestier,Plushealth Medical Clinic & Surgery,Wed,8:30am - 12:30pm | 2:00pm - 4:30pm | 6:00pm - 9:00pm,,false
Balestier,Plushealth Medical Clinic & Surgery,Thurs,8:30am - 12:30pm | 2:00pm - 4:30pm | 6:00pm - 9:00pm,,false
Balestier,Plushealth Medical Clinic & Surgery,Fri,8:30am - 12:30pm | 2:00pm - 4:30pm,,false
Balestier,Plushealth Medical Clinic & Surgery,Sat,9:00am - 1:00pm,,false
Balestier,Plushealth Medical Clinic & Surgery,Sun,9:00am - 1:00pm,,false
Balestier,Plushealth Medical Clinic & Surgery,PH,,Closed,true
Bedok,Balkis Family Clinic,Mon,8:00am - 12:00pm | 2:00pm - 6:00pm,,false
Bedok,Balkis Family Clinic,Tues,8:00am - 12:00pm | 2:00pm - 6:00pm,,false
Bedok,Balkis Family Clinic,Wed,8:00am - 12:00pm | 2:00pm - 6:00pm,,false
Bedok,Balkis Family Clinic,Thurs,8:00am - 12:00pm | 2:00pm - 6:00pm,,false
Bedok,Balkis Family Clinic,Fri,9:00am - 12:00pm,,false
Bedok,Balkis Family Clinic,Sat,9:00am - 12:00pm,,false
Bedok,Balkis Family Clinic,Sun,9:00am - 12:00pm,,false
Bedok,Balkis Family Clinic,PH,,Closed,true
Bedok,Bedok Clinic and Surgery Family Medical Centre,Mon,9:30am - 1:00pm | 2:30pm - 5:00pm | 6:00pm - 8:00pm,,false
Bedok,Bedok Clinic and Surgery Family Medical Centre,Tues,9:30am - 1:00pm | 2:30pm - 5:00pm | 6:00pm - 8:00pm,,false
Bedok,Bedok Clinic and Surgery Family Medical Centre,Wed,9:30am - 1:00pm | 2:30pm - 5:00pm | 6:00pm - 8:00pm,,false
Bedok,Bedok Clinic and Surgery Family Medical Centre,Thurs,9:30am - 1:00pm | 2:30pm - 5:00pm | 6:00pm - 8:00pm,,false
Bedok,Bedok Clinic and Surgery Family Medical Centre,Fri,9:30am - 1:00pm | 2:30pm - 5:00pm | 6:00pm - 8:00pm,,false
Bedok,Bedok Clinic and Surgery Family Medical Centre,Sat,9:30am - 12:30pm,,false
Bedok,Bedok Clinic and Surgery Family Medical Centre,Sun,,Closed,true
Bedok,Bedok Clinic and Surgery Family Medical Centre,PH,,Closed,true
Bedok,Bok Family Clinic Pte Ltd,Mon,9:00am - 12:30pm | 3:00pm - 4:30pm | 8:00pm - 9:00pm,,false
Bedok,Bok Family Clinic Pte Ltd,Tues,9:00am - 12:30pm | 3:00pm - 4:30pm | 8:00pm - 9:00pm,,false
Bedok,Bok Family Clinic Pte Ltd,Wed,9:00am - 12:30pm | 3:00pm - 4:30pm | 8:00pm - 9:00pm,,false
Bedok,Bok Family Clinic Pte Ltd,Thurs,9:00am - 12:30pm | 3:00pm - 4:30pm | 8:00pm - 9:00pm,,false
Bedok,Bok Family Clinic Pte Ltd,Fri,9:00am - 12:30pm | 3:00pm - 4:30pm,,false
Bedok,Bok Family Clinic Pte Ltd,Sat,9:00am - 12:30pm,,false
Bedok,Bok Family Clinic Pte Ltd,Sun,9:00am - 12:30pm,,false
Bedok,Bok Family Clinic Pte Ltd,PH,,Closed,true
Bedok,Carelite Medical Clinic,Mon,8:30am - 1:00pm | 2:00pm - 5:00pm,,false
Bedok,Carelite Medical Clinic,Tues,8:30am - 1:00pm | 2:00pm - 5:00pm,,false
Bedok,Carelite Medical Clinic,Wed,8:30am - 1:00pm | 2:00pm - 5:00pm,,false
Bedok,Carelite Medical Clinic,Thurs,8:30am - 1:00pm | 2:00pm - 5:00pm,,false
Bedok,Carelite Medical Clinic,Fri,8:30am - 1:00pm | 2:00pm - 5:00pm,,false
Bedok,Carelite Medical Clinic,Sat,8:30am - 1:00pm,,false
Bedok,Carelite Medical Clinic,Sun,,Closed,true
Bedok,Carelite Medical Clinic,PH,,Closed,true
Bedok,Clinic@Costa,Mon,8:30am - 2:30pm,,false
Bedok,Clinic@Costa,Tues,8:30am - 2:30pm,,false
Bedok,Clinic@Costa,Wed,8:30am - 2:30pm,,false
Bedok,Clinic@Costa,Thurs,6:30pm - 9:00pm,,false
Bedok,Clinic@Costa,Fri,8:30am - 2:30pm,,false
Bedok,Clinic@Costa,Sat,8:30am - 1:00pm,,false
Bedok,Clinic@Costa,Sun,,Closed,true
Bedok,Clinic@Costa,PH,,Closed,true
Bedok,Eastern Medical Centre,Mon,8:30am - 1:00pm,,false
Bedok,Eastern Medical Centre,Tues,8:30am - 1:00pm,,false
Bedok,Eastern Medical Centre,Wed,8:30am - 1:00pm,,false
Bedok,Eastern Medical Centre,Thurs,2:00pm - 4:30pm,,false
Bedok,Eastern Medical Centre,Fri,8:30am - 1:00pm,,false
Bedok,Eastern Medical Centre,Sat,8:30am - 1:00pm,,false
Bedok,Eastern Medical Centre,Sun,,Closed,true
Bedok,Eastern Medical Centre,PH,,Closed,true
Bedok,EH Medical Family Clinic (Bedok South),Mon,8:30am - 2:00pm | 5:00pm - 9:30pm,,false
Bedok,EH Medical Family Clinic (Bedok South),Tues,8:30am - 2:00pm | 5:00pm - 9:30pm,,false
Bedok,EH Medical Family Clinic (Bedok South),Wed,8:30am - 2:00pm | 5:00pm - 9:30pm,,false
Bedok,EH Medical Family Clinic (Bedok South),Thurs,8:30am - 2:00pm | 5:00pm - 9:30pm,,false
Bedok,EH Medical Family Clinic (Bedok South),Fri,8:30am - 2:00pm,,false
Bedok,EH Medical Family Clinic (Bedok South),Sat,8:30am - 12:30pm,,false
Bedok,EH Medical Family Clinic (Bedok South),Sun,8:30am - 12:30pm,,false
Bedok,EH Medical Family Clinic (Bedok South),PH,,Closed,true
Bedok,Famicare Bedok Clinic,Mon,11:00am - 7:30pm | 10:00am - 4:30pm | 10:00am - 2:00pm,*Sat: *Sun:,false
Bedok,Famicare Bedok Clinic,Tues,11:00am - 7:30pm | 10:00am - 4:30pm | 10:00am - 2:00pm,*Sat: *Sun:,false
Bedok,Famicare Bedok Clinic,Wed,11:00am - 7:30pm | 10:00am - 4:30pm | 10:00am - 2:00pm,*Sat: *Sun:,false
Bedok,Famicare Bedok Clinic,Thurs,11:00am - 7:30pm | 10:00am - 4:30pm | 10:00am - 2:00pm,*Sat: *Sun:,false
Bedok,Famicare Bedok Clinic,Fri,11:00am - 7:30pm | 10:00am - 4:30pm | 10:00am - 2:00pm,*Sat: *Sun:,false
Bedok,Gryphon Medical Clinic,Mon,8:00am - 1:00pm | 2:00pm - 5:00pm | 6:00pm - 9:00pm,,false
Bedok,Gryphon Medical Clinic,Tues,8:00am - 1:00pm | 2:00pm - 5:00pm | 6:00pm - 9:00pm,,false
Bedok,Gryphon Medical Clinic,Wed,8:00am - 1:00pm | 2:00pm - 5:00pm | 6:00pm - 9:00pm,,false
Bedok,Gryphon Medical Clinic,Thurs,8:00am - 1:00pm | 2:00pm - 5:00pm | 6:00pm - 9:00pm,,false
Bedok,Gryphon Medical Clinic,Fri,8:00am - 1:00pm | 2:00pm - 5:00pm | 6:00pm - 9:00pm,,false
Bedok,Gryphon Medical Clinic,Sat,8:00am - 1:00pm,,false
Bedok,Gryphon Medical Clinic,Sun,8:00am - 1:00pm,,false
Bedok,Gryphon Medical Clinic,PH,8:00am - 1:00pm,,false
Bedok,Good Medical Clinic (Bedok North),Mon,8:00am - 12:00pm | 6:00pm - 10:00pm,,false
Bedok,Good Medical Clinic (Bedok North),Tues,8:00am - 12:00pm | 6:00pm - 10:00pm,,false
Bedok,Good Medical Clinic (Bedok North),Wed,8:00am - 12:00pm | 6:00pm - 10:00pm,,false
Bedok,Good Medical Clinic (Bedok North),Thurs,8:00am - 12:00pm | 6:00pm - 10:00pm,,false
Bedok,Good Medical Clinic (Bedok North),Fri,8:00am - 12:00pm | 6:00pm - 10:00pm,,false
Bedok,Good Medical Clinic (Bedok North),Sat,8:00am - 12:00pm | 6:00pm - 10:00pm,,false
Bedok,Good Medical Clinic (Bedok North),Sun,8:00am - 12:00pm | 6:00pm - 10:00pm,,false
Bedok,Good Medical Clinic (Bedok North),PH,8:00am - 12:00pm | 6:00pm - 10:00pm,,false
Bedok,Healthplus Clinic & Surgery (Bedok),Mon,9:00am - 1:00pm,,false
Bedok,Healthplus Clinic & Surgery (Bedok),Tues,9:00am - 1:00pm,,false
Bedok,Healthplus Clinic & Surgery (Bedok),Wed,9:00am - 1:00pm,,false
Bedok,Healthplus Clinic & Surgery (Bedok),Thurs,6:00pm - 9:00pm,,false
Bedok,Healthplus Clinic & Surgery (Bedok),Fri,9:00am - 1:00pm,,false
Bedok,Healthplus Clinic & Surgery (Bedok),Sat,9:00am - 1:00pm,,false
Bedok,Healthplus Clinic & Surgery (Bedok),Sun,9:00am - 1:00pm,,false
Bedok,Healthplus Clinic & Surgery (Bedok),PH,,Closed,true
Bedok,Healthway Medical Group NTC,Mon,9:00am - 1:30pm | 3:30pm - 6:00pm,,false
Bedok,Healthway Medical Group NTC,Tues,9:00am - 1:30pm | 3:30pm - 6:00pm,,false
Bedok,Healthway Medical Group NTC,Wed,9:00am - 1:30pm,,false
Bedok,Healthway Medical Group NTC,Thurs,9:00am - 1:30pm,,false
Bedok,Healthway Medical Group NTC,Fri,9:00am - 1:30pm | 3:30pm - 6:00pm,,false
Bedok,Healthway Medical Group NTC,Sat,9:00am - 12:00pm,,false
Bedok,Healthway Medical Group NTC,Sun,9:00am - 12:00pm,,false
Bedok,Healthway Medical (Lengkong Tiga),Mon,8:30am - 1:00pm | 2:00pm - 5:00pm | 6:00pm - 9:00pm,,false
Bedok,Healthway Medical (Lengkong Tiga),Tues,8:30am - 1:00pm | 2:00pm - 5:00pm | 6:00pm - 9:00pm,,false
Bedok,Healthway Medical (Lengkong Tiga),Wed,8:30am - 1:00pm | 2:00pm - 5:00pm | 6:00pm - 9:00pm,,false
Bedok,Healthway Medical (Lengkong Tiga),Thurs,8:30am - 1:00pm | 2:00pm - 5:00pm | 6:00pm - 9:00pm,,false
Bedok,Healthway Medical (Lengkong Tiga),Fri,8:30am - 1:00pm | 2:00pm - 5:00pm,,false
Bedok,Healthway Medical (Lengkong Tiga),Sat,8:30am - 1:00pm,,false
Bedok,Healthway Medical (Lengkong Tiga),Sun,9:00am - 12:30pm,,false
Bedok,Healthway Medical (Lengkong Tiga),PH,9:00am - 12:30pm,(*) - Clinic hours are subject to change. To call the clinic to confirm.,false
Bedok,HeartlandHealth (Bedok Central),Mon,8:00am - 1:00pm | 6:00pm - 11:00pm,,false
Bedok,HeartlandHealth (Bedok Central),Tues,8:00am - 1:00pm | 6:00pm - 11:00pm,,false
Bedok,HeartlandHealth (Bedok Central),Wed,8:00am - 1:00pm | 6:00pm - 11:00pm,,false
Bedok,HeartlandHealth (Bedok Central),Thurs,8:00am - 1:00pm | 6:00pm - 11:00pm,,false
Bedok,HeartlandHealth (Bedok Central),Fri,8:00am - 1:00pm | 6:00pm - 11:00pm,,false
Bedok,HeartlandHealth (Bedok Central),Sat,8:00am - 1:00pm | 6:00pm - 11:00pm,,false
Bedok,HeartlandHealth (Bedok Central),Sun,8:00am - 1:00pm | 6:00pm - 11:00pm,,false
Bedok,HeartlandHealth (Bedok Central),PH,8:00am - 1:00pm | 6:00pm - 11:00pm,,false
Bedok,HeartlandHealth (Bedok South),Mon,7:00am - 1:00pm | 6:00pm - 11:00pm,,false
Bedok,HeartlandHealth (Bedok South),Tues,7:00am - 1:00pm | 6:00pm - 11:00pm,,false
Bedok,HeartlandHealth (Bedok South),Wed,7:00am - 1:00pm | 6:00pm - 11:00pm,,false
Bedok,HeartlandHealth (Bedok South),Thurs,7:00am - 1:00pm | 6:00pm - 11:00pm,,false
Bedok,HeartlandHealth (Bedok South),Fri,7:00am - 1:00pm | 6:00pm - 11:00pm,,false
Bedok,HeartlandHealth (Bedok South),Sat,7:00am - 1:00pm | 6:00pm - 11:00pm,,false
Bedok,HeartlandHealth (Bedok South),Sun,7:00am - 1:00pm | 6:00pm - 11:00pm,,false
Bedok,HeartlandHealth (Bedok South),PH,7:00am - 1:00pm | 6:00pm - 11:00pm,,false
Bedok,HeartlandHealth (New Upper Changi),Mon,7:00am - 11:00pm,,false
Bedok,HeartlandHealth (New Upper Changi),Tues,7:00am - 11:00pm,,false
Bedok,HeartlandHealth (New Upper Changi),Wed,7:00am - 11:00pm,,false
Bedok,HeartlandHealth (New Upper Changi),Thurs,7:00am - 11:00pm,,false
Bedok,HeartlandHealth (New Upper Changi),Fri,7:00am - 11:00pm,,false
Bedok,HeartlandHealth (New Upper Changi),Sat,7:00am - 1:00pm | 6:00pm - 11:00pm,,false
Bedok,HeartlandHealth (New Upper Changi),Sun,7:00am - 1:00pm | 6:00pm - 11:00pm,,false
Bedok,HeartlandHealth (New Upper Changi),PH,7:00am - 11:00pm,,false
Bedok,Iconcare Medical Clinic,Mon,9:00am - 12:30pm | 2:30pm - 4:30pm | 6:00pm - 8:30pm,,false
Bedok,Iconcare Medical Clinic,Tues,9:00am - 12:30pm | 2:30pm - 4:30pm | 6:00pm - 8:30pm,,false
Bedok,Iconcare Medical Clinic,Wed,9:00am - 12:30pm | 2:30pm - 4:30pm | 6:00pm - 8:30pm,,false
Bedok,Iconcare Medical Clinic,Thurs,9:00am - 12:30pm | 2:30pm - 4:30pm | 6:00pm - 8:30pm,,false
Bedok,Iconcare Medical Clinic,Fri,9:00am - 12:30pm | 2:30pm - 4:30pm | 6:00pm - 8:30pm,,false
Bedok,Iconcare Medical Clinic,Sat,9:00am - 12:30pm,,false
Bedok,Iconcare Medical Clinic,Sun,9:00am - 12:30pm | 6:00pm - 8:30pm,,false
Bedok,Iconcare Medical Clinic,PH,,Closed,true
Bedok,Joy Family Clinic,Mon,9:00am - 1:00pm | 2:00pm - 4:00pm,,false
Bedok,Joy Family Clinic,Tues,9:00am - 1:00pm | 2:00pm - 4:00pm,,false
Bedok,Joy Family Clinic,Wed,9:00am - 1:00pm | 2:00pm - 6:00pm,,false
Bedok,Joy Family Clinic,Thurs,9:00am - 1:00pm,,false
Bedok,Joy Family Clinic,Fri,9:00am - 1:00pm | 2:00pm - 4:00pm,,false
Bedok,Joy Family Clinic,Sat,9:00am - 12:00pm,,false
Bedok,Joy Family Clinic,Sun,,Closed,true
Bedok,Joy Family Clinic,PH,,Closed,true
Bedok,JoyHealth Medical Clinic,Mon,9:00am - 1:00pm | 2:30pm - 7:00pm,,false
Bedok,JoyHealth Medical Clinic,Tues,9:00am - 1:00pm | 2:30pm - 5:30pm,,false
Bedok,JoyHealth Medical Clinic,Wed,9:00am - 1:00pm | 2:30pm - 5:30pm,,false
Bedok,JoyHealth Medical Clinic,Thurs,9:00am - 1:00pm | 2:30pm - 5:30pm,,false
Bedok,JoyHealth Medical Clinic,Fri,9:00am - 1:00pm | 2:30pm - 5:30pm,,false
Bedok,JoyHealth Medical Clinic,Sat,9:00am - 12:30pm,,false
Bedok,JoyHealth Medical Clinic,Sun,,Closed,true
Bedok,JoyHealth Medical Clinic,PH,,Closed,true
Bedok,JustCare Medical,Mon,8:30am - 1:00pm | 6:00pm - 10:00pm,,false
Bedok,JustCare Medical,Tues,8:30am - 1:00pm | 6:00pm - 10:00pm,,false
Bedok,JustCare Medical,Wed,8:30am - 1:00pm | 6:00pm - 10:00pm,,false
Bedok,JustCare Medical,Thurs,8:30am - 1:00pm | 6:00pm - 10:00pm,,false
Bedok,JustCare Medical,Fri,8:30am - 1:00pm | 6:00pm - 10:00pm,,false
Bedok,JustCare Medical,Sat,8:30am - 1:00pm | 2:00pm - 5:00pm | 6:00pm - 10:00pm,,false
Bedok,JustCare Medical,Sun,8:30am - 1:00pm | 2:00pm - 5:00pm | 6:00pm - 10:00pm,,false
Bedok,JustCare Medical,PH,8:30am - 1:00pm | 2:00pm - 5:00pm | 6:00pm - 10:00pm,,false
Bedok,Keystone Clinic & Surgery (Tanah Merah),Mon,8:00am - 8:00pm,,false
Bedok,Keystone Clinic & Surgery (Tanah Merah),Tues,8:00am - 8:00pm,,false
Bedok,Keystone Clinic & Surgery (Tanah Merah),Wed,8:00am - 8:00pm,,false
Bedok,Keystone Clinic & Surgery (Tanah Merah),Thurs,8:00am - 8:00pm,,false
Bedok,Keystone Clinic & Surgery (Tanah Merah),Fri,8:00am - 8:00pm,,false
Bedok,Keystone Clinic & Surgery (Tanah Merah),Sat,8:00am - 8:00pm,,false
Bedok,Keystone Clinic & Surgery (Tanah Merah),Sun,8:00am - 8:00pm,,false
Bedok,Keystone Clinic & Surgery (Tanah Merah),PH,8:00am - 8:00pm,,false
Bedok,Liang Clinic,Mon,8:30am - 12:00pm | 2:00pm - 5:00pm,,false
Bedok,Liang Clinic,Tues,8:30am - 12:00pm | 2:00pm - 5:00pm,,false
Bedok,Liang Clinic,Wed,8:30am - 12:00pm | 2:00pm - 5:00pm,,false
Bedok,Liang Clinic,Thurs,8:30am - 12:00pm | 2:00pm - 5:00pm,,false
Bedok,Liang Clinic,Fri,8:30am - 12:00pm | 2:00pm - 5:00pm,,false
Bedok,Liang Clinic,Sat,8:30am - 12:00pm,,false
Bedok,Liang Clinic,Sun,,Closed,true
Bedok,Liang Clinic,PH,,Closed,true
Bedok,Lusumu Family Clinic,Mon,8:30am - 12:30pm | 6:30pm - 9:00pm,,false
Bedok,Lusumu Family Clinic,Tues,8:30am - 12:30pm | 6:30pm - 9:00pm,,false
Bedok,Lusumu Family Clinic,Wed,8:30am - 12:30pm,,false
Bedok,Lusumu Family Clinic,Thurs,8:30am - 12:30pm,,false
Bedok,Lusumu Family Clinic,Fri,8:30am - 12:30pm,,false
Bedok,Lusumu Family Clinic,Sat,8:30am - 12:30pm,,false
Bedok,Lusumu Family Clinic,Sun,,Closed,true
Bedok,Lusumu Family Clinic,PH,,Closed,true
Bedok,Minmed Clinic (Bedok),Mon,9:00am - 1:00pm | 2:00pm - 5:00pm | 6:00pm - 9:00pm,,false
Bedok,Minmed Clinic (Bedok),Tues,9:00am - 1:00pm | 2:00pm - 5:00pm | 6:00pm - 9:00pm,,false
Bedok,Minmed Clinic (Bedok),Wed,9:00am - 1:00pm | 2:00pm - 5:00pm | 6:00pm - 9:00pm,,false
Bedok,Minmed Clinic (Bedok),Thurs,9:00am - 1:00pm | 2:00pm - 5:00pm | 6:00pm - 9:00pm,,false
Bedok,Minmed Clinic (Bedok),Fri,9:00am - 1:00pm | 2:00pm - 5:00pm | 6:00pm - 9:00pm,,false
Bedok,Minmed Clinic (Bedok),Sat,9:00am - 1:00pm,,false
Bedok,Minmed Clinic (Bedok),Sun,9:00am - 1:00pm,,false
Bedok,Minmed Clinic (Bedok),PH,9:00am - 1:00pm | 2:00pm - 5:00pm,,false
Bedok,Clinic,Fri,9:00am - 1:00pm | 2:00pm - 5:00pm,,false
Bedok,Clinic,Sat,,Closed,true
Bedok,Clinic,Sun,2:00pm - 5:00pm | 6:00pm - 9:00pm,(WhatsApp Only),false
Bedok,Clinic,PH,,Closed,true
Bedok,Northeast Medical Group (Bedok),Mon,9:00am - 1:00pm,,false
Bedok,Northeast Medical Group (Bedok),Tues,9:00am - 1:00pm,,false
Bedok,Northeast Medical Group (Bedok),Wed,9:00am - 1:00pm | 2:00pm - 6:00pm | 7:00pm - 10:00pm,,false
Bedok,Northeast Medical Group (Bedok),Thurs,2:00pm - 6:00pm,,false
Bedok,Northeast Medical Group (Bedok),Fri,2:00pm - 6:00pm,,false
Bedok,Northeast Medical Group (Bedok),Sat,8:30am - 12:00pm,,false
Bedok,Northeast Medical Group (Bedok),Sun,8:30am - 12:00pm,,false
Bedok,Northeast Medical Group (Bedok),PH,,Closed,true
Bedok,Raffles Medical (Bedok North),Mon,8:30am - 1:00pm | 2:00pm - 5:30pm | 6:30pm - 9:30pm,,false
Bedok,Raffles Medical (Bedok North),Tues,8:30am - 1:00pm | 2:00pm - 5:30pm | 6:30pm - 9:30pm,,false
Bedok,Raffles Medical (Bedok North),Wed,8:30am - 1:00pm | 2:00pm - 5:30pm | 6:30pm - 9:30pm,,false
Bedok,Raffles Medical (Bedok North),Thurs,8:30am - 1:00pm | 2:00pm - 5:30pm | 6:30pm - 9:30pm,,false
Bedok,Raffles Medical (Bedok North),Fri,8:30am - 1:00pm | 2:00pm - 5:30pm | 6:30pm - 9:30pm,,false
Bedok,Raffles Medical (Bedok North),Sat,8:30am - 1:00pm,,false
Bedok,Raffles Medical (Bedok North),Sun,8:30am - 1:00pm,,false
Bedok,Raffles Medical (Bedok North),PH,8:30am - 1:00pm,,false
Bedok,SATA CommHealth Uttamram (Bedok),Mon,8:30am - 12:30pm | 1:30pm - 5:00pm,,false
Bedok,SATA CommHealth Uttamram (Bedok),Tues,8:30am - 12:30pm | 1:30pm - 5:00pm,,false
Bedok,SATA CommHealth Uttamram (Bedok),Wed,8:30am - 12:30pm | 1:30pm - 5:00pm,,false
Bedok,SATA CommHealth Uttamram (Bedok),Thurs,8:30am - 12:30pm | 1:30pm - 5:00pm,,false
Bedok,SATA CommHealth Uttamram (Bedok),Fri,8:30am - 12:30pm | 1:30pm - 5:00pm,,false
Bedok,SATA CommHealth Uttamram (Bedok),Sat,8:30am - 12:30pm,,false
Bedok,SATA CommHealth Uttamram (Bedok),Sun,,Closed,true
Bedok,SATA CommHealth Uttamram (Bedok),PH,,Closed,true
Bedok,SGFamily Clinic (Chai Chee) Pte Ltd,Mon,8:30am - 2:00pm | 6:00pm - 9:00pm,,false
Bedok,SGFamily Clinic (Chai Chee) Pte Ltd,Tues,8:30am - 2:00pm | 6:00pm - 9:00pm,,false
Bedok,SGFamily Clinic (Chai Chee) Pte Ltd,Wed,8:30am - 2:00pm | 6:00pm - 9:00pm,,false
Bedok,SGFamily Clinic (Chai Chee) Pte Ltd,Thurs,8:30am - 2:00pm | 6:00pm - 9:00pm,,false
Bedok,SGFamily Clinic (Chai Chee) Pte Ltd,Fri,8:30am - 2:00pm | 6:00pm - 9:00pm,,false
Bedok,SGFamily Clinic (Chai Chee) Pte Ltd,Sat,9:00am - 12:30pm,,false
Bedok,SGFamily Clinic (Chai Chee) Pte Ltd,Sun,,Closed,true
Bedok,SGFamily Clinic (Chai Chee) Pte Ltd,PH,,Closed,true
Bedok,SM Haneefa Clinic,Mon,8:30am - 1:00pm | 2:00pm - 7:00pm,,false
Bedok,SM Haneefa Clinic,Tues,8:30am - 1:00pm,,false
Bedok,SM Haneefa Clinic,Wed,8:30am - 1:00pm | 2:00pm - 7:00pm,,false
Bedok,SM Haneefa Clinic,Thurs,8:30am - 1:00pm,,false
Bedok,SM Haneefa Clinic,Fri,2:00pm - 5:30pm,,false
Bedok,SM Haneefa Clinic,Sat,8:30am - 1:00pm,,false
Bedok,SM Haneefa Clinic,Sun,9:00am - 1:00pm,,false
Bedok,SM Haneefa Clinic,PH,,Closed,true
Bedok,S T Medical Clinic,Mon,8:30am - 12:00pm | 2:00pm - 4:00pm,,false
Bedok,S T Medical Clinic,Tues,8:30am - 12:00pm | 2:00pm - 4:00pm,,false
Bedok,S T Medical Clinic,Wed,8:30am - 12:00pm | 2:00pm - 4:00pm,,false
Bedok,S T Medical Clinic,Thurs,8:30am - 12:00pm | 2:00pm - 4:00pm,,false
Bedok,S T Medical Clinic,Fri,8:30am - 12:00pm | 2:00pm - 4:00pm,,false
Bedok,S T Medical Clinic,Sat,8:30am - 12:00pm,,false
Bedok,S T Medical Clinic,Sun,9:30am - 12:00pm,,false
Bedok,S T Medical Clinic,PH,,Closed,true
Bedok,Temasek Clinic & Surgery,Mon,8:45am - 2:00pm,,false
Bedok,Temasek Clinic & Surgery,Tues,8:45am - 2:00pm,,false
Bedok,Temasek Clinic & Surgery,Wed,8:45am - 2:00pm,,false
Bedok,Temasek Clinic & Surgery,Thurs,6:00pm - 9:00pm,,false
Bedok,Temasek Clinic & Surgery,Fri,8:45am - 2:00pm,,false
Bedok,Temasek Clinic & Surgery,Sat,8:45am - 12:00pm,,false
Bedok,Temasek Clinic & Surgery,Sun,,Closed,true
Bedok,Temasek Clinic & Surgery,PH,,Closed,true
Bedok,Thai Shen Family Clinic Pte Ltd,Mon,8:30am - 12:00pm | 7:00pm - 8:30pm,,false
Bedok,Thai Shen Family Clinic Pte Ltd,Tues,8:30am - 12:00pm | 1:00pm - 3:00pm,,false
Bedok,Thai Shen Family Clinic Pte Ltd,Wed,8:30am - 12:00pm | 1:00pm - 3:00pm,,false
Bedok,Thai Shen Family Clinic Pte Ltd,Thurs,8:30am - 12:00pm | 1:00pm - 3:00pm | 7:00pm - 8:30pm,,false
Bedok,Thai Shen Family Clinic Pte Ltd,Fri,8:30am - 12:00pm | 1:00pm - 3:00pm,,false
Bedok,Thai Shen Family Clinic Pte Ltd,Sat,,Closed,true
Bedok,Thai Shen Family Clinic Pte Ltd,Sun,8:30am - 12:00pm,,false
Bedok,Thai Shen Family Clinic Pte Ltd,PH,,Closed,true
Bedok,Treetop Medical,Mon,8:30am - 1:30pm,,false
Bedok,Treetop Medical,Tues,,Closed,true
Bedok,Treetop Medical,Wed,8:30am - 1:30pm,,false
Bedok,Treetop Medical,Thurs,5:30pm - 8:30pm,,false
Bedok,Treetop Medical,Fri,5:30pm - 8:30pm,,false
Bedok,Treetop Medical,Sat,9:00am - 1:00pm,,false
Bedok,Treetop Medical,Sun,,Closed,true
Bedok,Treetop Medical,PH,9:00am - 1:00pm,,false
Bedok,Usrah Medical Clinic,Mon,9:00am - 1:00pm | 2:00pm - 5:00pm,,false
Bedok,Usrah Medical Clinic,Tues,9:00am - 1:00pm | 2:00pm - 5:00pm,,false
Bedok,Usrah Medical Clinic,Wed,9:00am - 1:00pm | 2:00pm - 5:00pm,,false
Bedok,Usrah Medical Clinic,Thurs,9:00am - 1:00pm | 2:00pm - 5:00pm,,false
Bedok,Usrah Medical Clinic,Fri,9:00am - 1:00pm | 2:00pm - 5:00pm,,false
Bedok,Usrah Medical Clinic,Sat,9:00am - 1:00pm,,false
Bedok,Usrah Medical Clinic,Sun,9:00am - 1:00pm,,false
Bedok,Usrah Medical Clinic,PH,,Closed,true
Bedok,Wee’s Clinic & Surgery,Mon,10:00am - 1:00pm,,false
Bedok,Wee’s Clinic & Surgery,Tues,10:00am - 1:00pm,,false
Bedok,Wee’s Clinic & Surgery,Wed,10:00am - 1:00pm,,false
Bedok,Wee’s Clinic & Surgery,Thurs,10:00am - 1:00pm,,false
Bedok,Wee’s Clinic & Surgery,Fri,10:00am - 1:00pm,,false
Bedok,Wee’s Clinic & Surgery,Sat,10:00am - 1:00pm,,false
Bedok,Wee’s Clinic & Surgery,Sun,10:00am - 1:00pm,,false
Bedok,Wee’s Clinic & Surgery,PH,,Closed,true
Bedok,Yang & Yap Clinic and Surgery Pte Ltd / Dr Yang Ing Hong Medical and Aesthetic Clinic,Mon,9:00am - 12:00pm,,false
Bedok,Yang & Yap Clinic and Surgery Pte Ltd / Dr Yang Ing Hong Medical and Aesthetic Clinic,Tues,9:00am - 12:00pm,,false
Bedok,Yang & Yap Clinic and Surgery Pte Ltd / Dr Yang Ing Hong Medical and Aesthetic Clinic,Wed,9:00am - 12:00pm,,false
Bedok,Yang & Yap Clinic and Surgery Pte Ltd / Dr Yang Ing Hong Medical and Aesthetic Clinic,Thurs,2:00pm - 7:00pm,,false
Bedok,Yang & Yap Clinic and Surgery Pte Ltd / Dr Yang Ing Hong Medical and Aesthetic Clinic,Fri,2:00pm - 7:00pm,,false
Bedok,Yang & Yap Clinic and Surgery Pte Ltd / Dr Yang Ing Hong Medical and Aesthetic Clinic,Sat,9:00am - 12:00pm,,false
Bedok,Yang & Yap Clinic and Surgery Pte Ltd / Dr Yang Ing Hong Medical and Aesthetic Clinic,Sun,,Closed,true
Bedok,Yang & Yap Clinic and Surgery Pte Ltd / Dr Yang Ing Hong Medical and Aesthetic Clinic,PH,,Closed,true
Bedok,1Doc Medical Centre Heartbeat @ Bedok,Mon,8:00am - 1:30pm | 2:30pm - 5:00pm,,false
Bedok,1Doc Medical Centre Heartbeat @ Bedok,Tues,8:00am - 1:30pm | 2:30pm - 5:00pm,,false
Bedok,1Doc Medical Centre Heartbeat @ Bedok,Wed,8:00am - 1:30pm | 2:30pm - 5:00pm,,false
Bedok,1Doc Medical Centre Heartbeat @ Bedok,Thurs,8:00am - 1:30pm | 2:30pm - 5:00pm,,false
Bedok,1Doc Medical Centre Heartbeat @ Bedok,Fri,8:00am - 1:30pm | 2:30pm - 5:00pm,,false
Bedok,1Doc Medical Centre Heartbeat @ Bedok,Sat,8:00am - 12:00pm | 2:00pm - 5:00pm,,false
Bedok,1Doc Medical Centre Heartbeat @ Bedok,Sun,,Closed,true
Bedok,1Doc Medical Centre Heartbeat @ Bedok,PH,,Closed,true
Bencoolen,Singapura Clinic,Mon,9:00am - 1:00pm | 2:30pm - 6:00pm,,false
Bencoolen,Singapura Clinic,Tues,9:00am - 1:00pm | 2:30pm - 6:00pm,,false
Bencoolen,Singapura Clinic,Wed,9:00am - 1:00pm | 2:30pm - 6:00pm,,false
Bencoolen,Singapura Clinic,Thurs,9:00am - 1:00pm | 2:30pm - 6:00pm,,false
Bencoolen,Singapura Clinic,Fri,9:00am - 1:00pm | 2:30pm - 6:00pm,,false
Bencoolen,Singapura Clinic,Sat,9:00am - 1:00pm,,false
Bencoolen,Singapura Clinic,Sun,,Closed,true
Bencoolen,Singapura Clinic,PH,,Closed,true
Bendemeer,My Family Clinic (St George),Mon,8:00am - 2:00pm,,false
Bendemeer,My Family Clinic (St George),Tues,8:00am - 2:00pm,,false
Bendemeer,My Family Clinic (St George),Wed,8:00am - 2:00pm,,false
Bendemeer,My Family Clinic (St George),Thurs,6:00pm - 9:00pm,,false
Bendemeer,My Family Clinic (St George),Fri,8:00am - 2:00pm,,false
Bendemeer,My Family Clinic (St George),Sat,8:00am - 1:00pm,,false
Bendemeer,My Family Clinic (St George),Sun,,Closed,true
Bendemeer,My Family Clinic (St George),PH,,Closed,true
Bendemeer,St Georges Clinic and Surgery Pte Ltd,Mon,9:00am - 1:00pm,,false
Bendemeer,St Georges Clinic and Surgery Pte Ltd,Tues,9:00am - 1:00pm,,false
Bendemeer,St Georges Clinic and Surgery Pte Ltd,Wed,9:00am - 1:00pm | 7:00pm - 9:00pm,,false
Bendemeer,St Georges Clinic and Surgery Pte Ltd,Thurs,2:30pm - 4:30pm | 7:00pm - 9:00pm,,false
Bendemeer,St Georges Clinic and Surgery Pte Ltd,Fri,9:00am - 1:00pm | 2:30pm - 4:30pm,,false
Bendemeer,St Georges Clinic and Surgery Pte Ltd,Sat,9:00am - 1:00pm,,false
Bendemeer,St Georges Clinic and Surgery Pte Ltd,Sun,9:00am - 1:00pm,,false
Bendemeer,St Georges Clinic and Surgery Pte Ltd,PH,,Closed,true
Bishan,Dr Panda Medical Centre,Mon,9:00am - 1:00pm | 2:00pm - 9:00pm,,false
Bishan,Dr Panda Medical Centre,Tues,9:00am - 1:00pm | 2:00pm - 6:00pm,,false
Bishan,Dr Panda Medical Centre,Wed,9:00am - 1:00pm | 2:00pm - 9:00pm,,false
Bishan,Dr Panda Medical Centre,Thurs,9:00am - 1:00pm | 2:00pm - 6:00pm,,false
Bishan,Dr Panda Medical Centre,Fri,9:00am - 1:00pm | 2:00pm - 9:00pm,,false
Bishan,Dr Panda Medical Centre,Sat,9:00am - 12:30pm,,false
Bishan,Dr Panda Medical Centre,Sun,9:00am - 12:30pm | 6:00pm - 9:00pm,,false
Bishan,Dr Panda Medical Centre,PH,,Closed,true
Bishan,Edgedale Medical Clinic (Bishan),Mon,9:00am - 1:00pm | 6:00pm - 9:00pm,,false
Bishan,Edgedale Medical Clinic (Bishan),Tues,9:00am - 1:00pm | 6:00pm - 9:00pm,,false
Bishan,Edgedale Medical Clinic (Bishan),Wed,9:00am - 1:00pm | 6:00pm - 9:00pm,,false
Bishan,Edgedale Medical Clinic (Bishan),Thurs,9:00am - 1:00pm | 6:00pm - 9:00pm,,false
Bishan,Edgedale Medical Clinic (Bishan),Fri,9:00am - 1:00pm | 6:00pm - 9:00pm,,false
Bishan,Edgedale Medical Clinic (Bishan),Sat,9:00am - 1:00pm,,false
Bishan,Edgedale Medical Clinic (Bishan),Sun,9:00am - 1:00pm,,false
Bishan,Edgedale Medical Clinic (Bishan),PH,,Closed,true
Bishan,Goodhealth Medical & Surgery,Mon,8:30am - 12:30pm,,false
Bishan,Goodhealth Medical & Surgery,Tues,8:30am - 12:30pm,,false
Bishan,Goodhealth Medical & Surgery,Wed,8:30am - 12:30pm | 2:00pm - 4:30pm,,false
Bishan,Goodhealth Medical & Surgery,Thurs,2:00pm - 8:00pm,,false
Bishan,Goodhealth Medical & Surgery,Fri,8:30am - 12:30pm | 2:00pm - 4:30pm,,false
Bishan,Goodhealth Medical & Surgery,Sat,8:30am - 12:30pm,,false
Bishan,Goodhealth Medical & Surgery,Sun,,Closed,true
Bishan,Goodhealth Medical & Surgery,PH,,Closed,true
Bishan,Healthcare Family Clinic & Surgery,Mon,8:30am - 12:00pm | 2:30pm - 4:00pm | 7:30pm - 9:00pm,,false
Bishan,Healthcare Family Clinic & Surgery,Tues,8:30am - 12:00pm | 2:30pm - 4:00pm | 7:30pm - 9:00pm,,false
Bishan,Healthcare Family Clinic & Surgery,Wed,8:30am - 12:00pm | 2:30pm - 4:00pm | 7:30pm - 9:00pm,,false
Bishan,Healthcare Family Clinic & Surgery,Thurs,8:30am - 12:00pm | 2:30pm - 4:00pm,,false
Bishan,Healthcare Family Clinic & Surgery,Fri,8:30am - 12:00pm | 2:30pm - 4:00pm,,false
Bishan,Healthcare Family Clinic & Surgery,Sat,9:00am - 12:00pm,,false
Bishan,Healthcare Family Clinic & Surgery,Sun,,Closed,true
Bishan,Healthcare Family Clinic & Surgery,PH,,Closed,true
Bishan,Kenneth Loo Family Clinic,Mon,8:30am - 12:00pm | 2:30pm - 4:30pm,,false
Bishan,Kenneth Loo Family Clinic,Tues,8:30am - 12:00pm | 2:30pm - 4:30pm,,false
Bishan,Kenneth Loo Family Clinic,Wed,8:30am - 12:00pm | 2:30pm - 4:30pm,,false
Bishan,Kenneth Loo Family Clinic,Thurs,8:30am - 12:00pm | 2:30pm - 4:30pm,,false
Bishan,Kenneth Loo Family Clinic,Fri,8:30am - 12:00pm | 2:30pm - 4:30pm,,false
Bishan,Kenneth Loo Family Clinic,Sat,9:00am - 12:00pm,,false
Bishan,Kenneth Loo Family Clinic,Sun,9:00am - 12:00pm,,false
Bishan,Kenneth Loo Family Clinic,PH,,Closed,true
Bishan,Marymount Family Clinic,Mon,8:30am - 1:00pm | 2:00pm - 4:30pm | 6:00pm - 10:00pm,,false
Bishan,Marymount Family Clinic,Tues,8:30am - 1:00pm | 2:00pm - 4:30pm | 6:00pm - 10:00pm,,false
Bishan,Marymount Family Clinic,Wed,8:30am - 1:00pm | 2:00pm - 4:30pm | 6:00pm - 10:00pm,,false
Bishan,Marymount Family Clinic,Thurs,8:30am - 1:00pm | 2:00pm - 4:30pm | 6:00pm - 10:00pm,,false
Bishan,Marymount Family Clinic,Fri,8:30am - 1:00pm | 2:00pm - 4:30pm | 6:00pm - 10:00pm,,false
Bishan,Marymount Family Clinic,Sat,9:00am - 12:00pm,,false
Bishan,Marymount Family Clinic,Sun,,Closed,true
Bishan,Marymount Family Clinic,PH,,Closed,true
Bishan,OneCare Clinic (Bishan),Mon,8:00am - 3:00pm | 5:30pm - 9:30pm,,false
Bishan,OneCare Clinic (Bishan),Tues,8:00am - 3:00pm | 5:30pm - 9:00pm,,false
Bishan,OneCare Clinic (Bishan),Wed,8:00am - 3:00pm | 5:30pm - 9:00pm,,false
Bishan,OneCare Clinic (Bishan),Thurs,8:00am - 3:00pm | 5:30pm - 9:00pm,,false
Bishan,OneCare Clinic (Bishan),Fri,8:00am - 3:00pm | 5:30pm - 9:00pm,,false
Bishan,OneCare Clinic (Bishan),Sat,8:00am - 1:00pm,,false
Bishan,OneCare Clinic (Bishan),Sun,8:00am - 1:00pm | 6:00pm - 9:00pm,,false
Bishan,OneCare Clinic (Bishan),PH,,To call the clinic to confirm,false
Bishan,P Tan Family Medicine Clinic,Mon,9:00am - 12:30pm,,false
Bishan,P Tan Family Medicine Clinic,Tues,9:00am - 12:30pm,,false
Bishan,P Tan Family Medicine Clinic,Wed,9:00am - 12:30pm | 2:00pm - 5:30pm,,false
Bishan,P Tan Family Medicine Clinic,Thurs,2:00pm - 4:30pm | 6:00pm - 8:30pm,,false
Bishan,P Tan Family Medicine Clinic,Fri,9:00am - 12:30pm | 2:00pm - 5:30pm,,false
Bishan,P Tan Family Medicine Clinic,Sat,9:00am - 12:30pm,,false
Bishan,P Tan Family Medicine Clinic,Sun,,Closed,true
Bishan,P Tan Family Medicine Clinic,PH,,Closed,true
Bishan,Raffles Medical (Bishan),Mon,8:30am - 1:00pm | 2:00pm - 5:30pm | 6:30pm - 9:00pm,,false
Bishan,Raffles Medical (Bishan),Tues,8:30am - 1:00pm | 2:00pm - 5:30pm | 6:30pm - 9:00pm,,false
Bishan,Raffles Medical (Bishan),Wed,8:30am - 1:00pm | 2:00pm - 5:30pm | 6:30pm - 9:00pm,,false
Bishan,Raffles Medical (Bishan),Thurs,8:30am - 1:00pm | 2:00pm - 5:30pm | 6:30pm - 9:00pm,,false
Bishan,Raffles Medical (Bishan),Fri,8:30am - 1:00pm | 2:00pm - 5:30pm | 6:30pm - 9:00pm,,false
Bishan,Raffles Medical (Bishan),Sat,8:30am - 1:00pm,,false
Bishan,Raffles Medical (Bishan),Sun,8:30am - 1:00pm,,false
Bishan,Raffles Medical (Bishan),PH,,Closed,true
Boon Lay,DR+ Medical & Paincare Boon Lay,Mon,8:00am - 4:00pm | 6:00pm - 8:00pm,,false
Boon Lay,DR+ Medical & Paincare Boon Lay,Tues,8:00am - 4:00pm | 6:00pm - 8:00pm,,false
Boon Lay,DR+ Medical & Paincare Boon Lay,Wed,8:00am - 4:00pm | 6:00pm - 8:00pm,,false
Boon Lay,DR+ Medical & Paincare Boon Lay,Thurs,8:00am - 4:00pm | 6:00pm - 8:00pm,,false
Boon Lay,DR+ Medical & Paincare Boon Lay,Fri,8:00am - 4:00pm,,false
Boon Lay,DR+ Medical & Paincare Boon Lay,Sat,8:00am - 1:00pm,,false
Boon Lay,DR+ Medical & Paincare Boon Lay,Sun,8:00am - 1:00pm,,false
Boon Lay,DR+ Medical & Paincare Boon Lay,PH,,Closed,true
Boon Lay,OneCare Clinic (Boon Lay),Mon,8:00am - 4:00pm | 5:00pm - 10:00pm,,false
Boon Lay,OneCare Clinic (Boon Lay),Tues,8:00am - 4:00pm | 5:00pm - 10:00pm,,false
Boon Lay,OneCare Clinic (Boon Lay),Wed,8:00am - 4:00pm | 5:00pm - 10:00pm,,false
Boon Lay,OneCare Clinic (Boon Lay),Thurs,8:00am - 4:00pm | 5:00pm - 10:00pm,,false
Boon Lay,OneCare Clinic (Boon Lay),Fri,8:00am - 4:00pm | 5:00pm - 10:00pm,,false
Boon Lay,OneCare Clinic (Boon Lay),Sat,8:00am - 4:00pm | 5:00pm - 10:00pm,,false
Boon Lay,OneCare Clinic (Boon Lay),Sun,8:00am - 4:00pm | 5:00pm - 10:00pm,,false
Boon Lay,OneCare Clinic (Boon Lay),PH,,Open at selected timing (To call the clinic to confirm),false
Boon Lay,Our Jurong West Family Clinic,Mon,8:00am - 1:30pm | 5:30pm - 9:00pm,,false
Boon Lay,Our Jurong West Family Clinic,Tues,8:00am - 1:30pm | 5:30pm - 9:00pm,,false
Boon Lay,Our Jurong West Family Clinic,Wed,8:00am - 1:30pm | 5:30pm - 9:00pm,,false
Boon Lay,Our Jurong West Family Clinic,Thurs,8:00am - 1:30pm | 5:30pm - 9:00pm,,false
Boon Lay,Our Jurong West Family Clinic,Fri,8:00am - 1:30pm | 9:00am - 1:00pm,(WhatsApp Only) Sat:,false
Boon Lay,Our Jurong West Family Clinic,Sun,2:00pm - 5:00pm,,false
Boon Lay,Our Jurong West Family Clinic,PH,,Closed,true
Bugis,SATA CommHealth Community Clinic (Beach Road),Mon,8:30am - 12:30pm | 1:30pm - 5:00pm,,false
Bugis,SATA CommHealth Community Clinic (Beach Road),Tues,8:30am - 12:30pm | 1:30pm - 5:00pm,,false
Bugis,SATA CommHealth Community Clinic (Beach Road),Wed,8:30am - 12:30pm | 1:30pm - 5:00pm,,false
Bugis,SATA CommHealth Community Clinic (Beach Road),Thurs,8:30am - 12:30pm | 1:30pm - 5:00pm,,false
Bugis,SATA CommHealth Community Clinic (Beach Road),Fri,8:30am - 12:30pm | 1:30pm - 5:00pm,,false
Bugis,SATA CommHealth Community Clinic (Beach Road),Sat,8:30pm - 12:30pm,,false
Bugis,SATA CommHealth Community Clinic (Beach Road),Sun,,Closed,true
Bugis,SATA CommHealth Community Clinic (Beach Road),PH,,Closed,true
Bukit Batok,Ar-Raudhah Medical Clinic and Surgery,Mon,8:30am - 12:30pm | 2:00pm - 4:00pm | 6:00pm - 9:00pm,,false
Bukit Batok,Ar-Raudhah Medical Clinic and Surgery,Tues,8:30am - 12:30pm | 2:00pm - 4:00pm | 6:00pm - 9:00pm,,false
Bukit Batok,Ar-Raudhah Medical Clinic and Surgery,Wed,8:30am - 12:30pm | 2:00pm - 4:00pm | 6:00pm - 9:00pm,,false
Bukit Batok,Ar-Raudhah Medical Clinic and Surgery,Thurs,8:30am - 12:30pm | 2:00pm - 4:00pm | 6:00pm - 9:00pm,,false
Bukit Batok,Ar-Raudhah Medical Clinic and Surgery,Fri,8:30am - 12:30pm | 2:00pm - 4:00pm | 6:00pm - 9:00pm,,false
Bukit Batok,Ar-Raudhah Medical Clinic and Surgery,Sat,8:30am - 12:30pm | 6:00pm - 9:00pm,,false
Bukit Batok,Ar-Raudhah Medical Clinic and Surgery,Sun,8:30am - 12:30pm,,false
Bukit Batok,Ar-Raudhah Medical Clinic and Surgery,PH,8:30am - 12:30pm,,false
Bukit Batok,Bukit Batok Family Clinic,Mon,8:30am - 1:00pm,,false
Bukit Batok,Bukit Batok Family Clinic,Tues,8:30am - 1:00pm,,false
Bukit Batok,Bukit Batok Family Clinic,Wed,8:30am - 1:00pm,,false
Bukit Batok,Bukit Batok Family Clinic,Thurs,6:00pm - 9:00pm,,false
Bukit Batok,Bukit Batok Family Clinic,Fri,8:30am - 1:00pm,,false
Bukit Batok,Bukit Batok Family Clinic,Sat,9:00am - 12:00pm,,false
Bukit Batok,Bukit Batok Family Clinic,Sun,,Closed,true
Bukit Batok,Bukit Batok Family Clinic,PH,,Closed,true
Bukit Batok,Chua Medical Clinic and Surgery,Mon,8:30am - 4:30pm,& Sat:,false
Bukit Batok,Chua Medical Clinic and Surgery,Tues,3:00pm - 9:00pm,,false
Bukit Batok,Chua Medical Clinic and Surgery,Wed,8:30am - 4:30pm,& Sat:,false
Bukit Batok,Chua Medical Clinic and Surgery,Thurs,3:00pm - 9:00pm,,false
Bukit Batok,Chua Medical Clinic and Surgery,Fri,8:30am - 4:30pm,& Sat:,false
Bukit Batok,Chua Medical Clinic and Surgery,Sun,,Closed,true
Bukit Batok,Chua Medical Clinic and Surgery,PH,,Closed,true
Bukit Batok,DA Clinic @ Bukit Batok,Mon,8:30am - 12:00pm | 1:00pm - 4:00pm | 6:00pm - 9:00pm,,false
Bukit Batok,DA Clinic @ Bukit Batok,Tues,8:30am - 12:00pm | 1:00pm - 4:00pm | 6:00pm - 9:00pm,,false
Bukit Batok,DA Clinic @ Bukit Batok,Wed,8:30am - 12:00pm | 1:00pm - 4:00pm | 6:00pm - 9:00pm,,false
Bukit Batok,DA Clinic @ Bukit Batok,Thurs,8:30am - 12:00pm | 1:00pm - 4:00pm | 6:00pm - 9:00pm,,false
Bukit Batok,DA Clinic @ Bukit Batok,Fri,8:30am - 12:00pm | 1:00pm - 4:00pm | 6:00pm - 9:00pm,,false
Bukit Batok,DA Clinic @ Bukit Batok,Sat,8:30am - 12:00pm,,false
Bukit Batok,DA Clinic @ Bukit Batok,Sun,8:30am - 12:00pm,,false
Bukit Batok,DA Clinic @ Bukit Batok,PH,,To call clinic to confirm,false
Bukit Batok,Distinct Clinic Bukit Batok Branch,Mon,8:30am - 4:30pm,,false
Bukit Batok,Distinct Clinic Bukit Batok Branch,Tues,8:30am - 4:30pm,,false
Bukit Batok,Distinct Clinic Bukit Batok Branch,Wed,8:30am - 4:30pm,,false
Bukit Batok,Distinct Clinic Bukit Batok Branch,Thurs,8:30am - 4:30pm,,false
Bukit Batok,Distinct Clinic Bukit Batok Branch,Fri,8:30am - 12:30pm,,false
Bukit Batok,Distinct Clinic Bukit Batok Branch,Sat,8:30am - 12:30pm,,false
Bukit Batok,Distinct Clinic Bukit Batok Branch,Sun,,Closed,true
Bukit Batok,Distinct Clinic Bukit Batok Branch,PH,,Closed,true
Bukit Batok,Dr Stanley Peck Family Clinic,Mon,8:00am - 12:00pm | 6:00pm - 8:00pm,,false
Bukit Batok,Dr Stanley Peck Family Clinic,Tues,8:00am - 12:00pm,,false
Bukit Batok,Dr Stanley Peck Family Clinic,Wed,8:00am - 12:00pm | 6:00pm - 8:00pm,,false
Bukit Batok,Dr Stanley Peck Family Clinic,Thurs,8:00am - 12:00pm,,false
Bukit Batok,Dr Stanley Peck Family Clinic,Sat,8:00am - 11:30am,,false
Bukit Batok,Dr Stanley Peck Family Clinic,Sun,,Closed,true
Bukit Batok,Dr Stanley Peck Family Clinic,PH,,Closed,true
Bukit Batok,EH Medical Family Clinic (Bukit Batok),Mon,8:30am - 1:00pm | 2:00pm - 5:00pm,,false
Bukit Batok,EH Medical Family Clinic (Bukit Batok),Tues,8:30am - 1:00pm | 2:00pm - 5:00pm | 6:30pm - 9:30pm,,false
Bukit Batok,EH Medical Family Clinic (Bukit Batok),Wed,8:30am - 1:00pm | 2:00pm - 5:00pm | 6:30pm - 9:30pm,,false
Bukit Batok,EH Medical Family Clinic (Bukit Batok),Thurs,8:30am - 1:00pm | 2:00pm - 5:00pm | 6:30pm - 9:30pm,,false
Bukit Batok,EH Medical Family Clinic (Bukit Batok),Fri,8:30am - 1:00pm | 2:00pm - 5:00pm | 6:30pm - 9:30pm,,false
Bukit Batok,EH Medical Family Clinic (Bukit Batok),Sat,8:30am - 12:30pm,,false
Bukit Batok,EH Medical Family Clinic (Bukit Batok),Sun,8:30am - 12:30pm,,false
Bukit Batok,EH Medical Family Clinic (Bukit Batok),PH,,Closed,true
Bukit Batok,Erena Family Clinic,Mon,8:00am - 2:00pm,,false
Bukit Batok,Erena Family Clinic,Tues,8:00am - 2:00pm,,false
Bukit Batok,Erena Family Clinic,Wed,8:00am - 2:00pm,,false
Bukit Batok,Erena Family Clinic,Thurs,6:00pm - 9:00pm,,false
Bukit Batok,Erena Family Clinic,Fri,8:00am - 2:00pm,,false
Bukit Batok,Erena Family Clinic,Sat,8:00am - 12:00pm,,false
Bukit Batok,Erena Family Clinic,Sun,,Closed,true
Bukit Batok,Erena Family Clinic,PH,,Closed,true
Bukit Batok,Everhealth Family Clinic & Surgery,Mon,9:00am - 7:00pm,,false
Bukit Batok,Everhealth Family Clinic & Surgery,Tues,9:00am - 7:00pm,,false
Bukit Batok,Everhealth Family Clinic & Surgery,Wed,9:00am - 5:00pm,,false
Bukit Batok,Everhealth Family Clinic & Surgery,Fri,9:00am - 12:30pm | 5:00pm - 7:00pm,,false
Bukit Batok,Everhealth Family Clinic & Surgery,Sat,9:00am - 12:00pm,,false
Bukit Batok,Everhealth Family Clinic & Surgery,Sun,,Closed,true
Bukit Batok,Everhealth Family Clinic & Surgery,PH,,Closed,true
Bukit Batok,Family Care Clinic,Mon,8:30am - 1:00pm,,false
Bukit Batok,Family Care Clinic,Tues,8:30am - 1:00pm,,false
Bukit Batok,Family Care Clinic,Wed,8:30am - 1:00pm,,false
Bukit Batok,Family Care Clinic,Thurs,2:00pm - 4:30pm | 6:45pm - 9:00pm,,false
Bukit Batok,Family Care Clinic,Fri,2:00pm - 4:30pm | 6:45pm - 9:00pm,,false
Bukit Batok,Family Care Clinic,Sat,8:30am - 1:00pm,,false
Bukit Batok,Family Care Clinic,Sun,,Closed,true
Bukit Batok,Family Care Clinic,PH,,Closed,true
Bukit Batok,Frontier Medical Associates (Bukit Batok West Ridges),Mon,8:30am - 3:00pm,,false
Bukit Batok,Frontier Medical Associates (Bukit Batok West Ridges),Tues,8:30am - 3:00pm,,false
Bukit Batok,Frontier Medical Associates (Bukit Batok West Ridges),Wed,8:30am - 3:00pm,,false
Bukit Batok,Frontier Medical Associates (Bukit Batok West Ridges),Thurs,6:00pm - 9:30pm,,false
Bukit Batok,Frontier Medical Associates (Bukit Batok West Ridges),Fri,8:30am - 3:00pm,,false
Bukit Batok,Frontier Medical Associates (Bukit Batok West Ridges),Sat,8:30am - 1:00pm,,false
Bukit Batok,Frontier Medical Associates (Bukit Batok West Ridges),Sun,,Closed,true
Bukit Batok,Frontier Medical Associates (Bukit Batok West Ridges),PH,,Closed,true
Bukit Batok,Frontier Medical Associates (Bukit Batok West Terra),Mon,8:00am - 2:30pm | 6:00pm - 9:30pm,,false
Bukit Batok,Frontier Medical Associates (Bukit Batok West Terra),Tues,8:30am - 2:30pm,,false
Bukit Batok,Frontier Medical Associates (Bukit Batok West Terra),Wed,8:00am - 2:30pm | 6:00pm - 9:30pm,,false
Bukit Batok,Frontier Medical Associates (Bukit Batok West Terra),Thurs,8:30am - 2:30pm,,false
Bukit Batok,Frontier Medical Associates (Bukit Batok West Terra),Sat,8:00pm - 1:00pm,,false
Bukit Batok,Frontier Medical Associates (Bukit Batok West Terra),Sun,,Closed,true
Bukit Batok,Frontier Medical Associates (Bukit Batok West Terra),PH,,Closed,true
Bukit Batok,Healthlife Family Clinic,Thurs,8:30am - 1:00pm,,false
Bukit Batok,Healthlife Family Clinic,Fri,2:00pm - 4:00pm | 6:00pm - 9:00pm,,false
Bukit Batok,Healthlife Family Clinic,Sat,8:30am - 1:00pm,,false
Bukit Batok,Healthlife Family Clinic,Sun,6:00pm - 9:00pm,,false
Bukit Batok,Healthlife Family Clinic,PH,,Closed,true
Bukit Batok,Healthway Medical (Bukit Batok West),Mon,8:30am - 1:00pm | 2:00pm - 5:00pm | 6:00pm - 9:00pm,,false
Bukit Batok,Healthway Medical (Bukit Batok West),Tues,8:30am - 1:00pm | 2:00pm - 5:00pm,,false
Bukit Batok,Healthway Medical (Bukit Batok West),Wed,8:30am - 1:00pm,,false
Bukit Batok,Healthway Medical (Bukit Batok West),Thurs,8:30am - 1:00pm | 2:00pm - 5:00pm | 6:00pm - 9:00pm,,false
Bukit Batok,Healthway Medical (Bukit Batok West),Fri,8:30am - 1:00pm | 2:00pm - 5:00pm,,false
Bukit Batok,Healthway Medical (Bukit Batok West),Sat,9:00am - 1:00pm,,false
Bukit Batok,Healthway Medical (Bukit Batok West),Sun,,Closed,true
Bukit Batok,Healthway Medical (Bukit Batok West),PH,,Closed,true
Bukit Batok,HeartlandHealth Bukit Batok,Mon,8:00am - 1:00pm | 6:00pm - 11:00pm,,false
Bukit Batok,HeartlandHealth Bukit Batok,Tues,8:00am - 1:00pm | 6:00pm - 11:00pm,,false
Bukit Batok,HeartlandHealth Bukit Batok,Wed,8:00am - 1:00pm | 6:00pm - 11:00pm,,false
Bukit Batok,HeartlandHealth Bukit Batok,Thurs,8:00am - 1:00pm | 6:00pm - 11:00pm,,false
Bukit Batok,HeartlandHealth Bukit Batok,Fri,8:00am - 1:00pm | 6:00pm - 11:00pm,,false
Bukit Batok,HeartlandHealth Bukit Batok,Sat,8:00am - 1:00pm | 6:00pm - 11:00pm,,false
Bukit Batok,HeartlandHealth Bukit Batok,Sun,8:00am - 1:00pm | 6:00pm - 11:00pm,,false
Bukit Batok,HeartlandHealth Bukit Batok,PH,8:00am - 1:00pm | 6:00pm - 11:00pm,,false
Bukit Batok,Health Partners Family Clinic,Mon,8:30am - 12:30pm | 1:30pm - 3:30pm | 6:30pm - 9:00pm,,false
Bukit Batok,Health Partners Family Clinic,Tues,8:30am - 12:30pm | 1:30pm - 3:30pm | 6:30pm - 9:00pm,,false
Bukit Batok,Health Partners Family Clinic,Wed,8:30am - 12:30pm | 1:30pm - 3:30pm | 6:30pm - 9:00pm,,false
Bukit Batok,Health Partners Family Clinic,Thurs,8:30am - 12:30pm | 1:30pm - 3:30pm | 6:30pm - 9:00pm,,false
Bukit Batok,Health Partners Family Clinic,Fri,8:30am - 12:30pm | 1:30pm - 3:30pm | 6:30pm - 9:00pm,,false
Bukit Batok,Health Partners Family Clinic,Sat,8:30am - 12:30pm,,false
Bukit Batok,Health Partners Family Clinic,Sun,9:30pm - 1:30pm,,false
Bukit Batok,Health Partners Family Clinic,PH,,Closed,true
Bukit Batok,Island Family Clinic (Bukit Batok),Mon,9:00am - 1:00pm | 6:00pm - 10:00pm,,false
Bukit Batok,Island Family Clinic (Bukit Batok),Tues,9:00am - 1:00pm | 6:00pm - 10:00pm,,false
Bukit Batok,Island Family Clinic (Bukit Batok),Wed,9:00am - 1:00pm | 6:00pm - 10:00pm,,false
Bukit Batok,Island Family Clinic (Bukit Batok),Thurs,9:00am - 1:00pm | 6:00pm - 10:00pm,,false
Bukit Batok,Island Family Clinic (Bukit Batok),Fri,9:00am - 1:00pm | 6:00pm - 10:00pm,,false
Bukit Batok,Island Family Clinic (Bukit Batok),Sat,9:00am - 1:00pm,,false
Bukit Batok,Island Family Clinic (Bukit Batok),Sun,9:00am - 1:00pm,,false
Bukit Batok,Island Family Clinic (Bukit Batok),PH,8:00am - 1:00pm,,false
Bukit Batok,Lee & Koh Family Clinic,Mon,8:30am - 12:30pm | 2:00pm - 4:00pm | 7:00pm - 9:00pm,,false
Bukit Batok,Lee & Koh Family Clinic,Tues,8:30am - 12:30pm | 2:00pm - 4:00pm | 7:00pm - 9:00pm,,false
Bukit Batok,Lee & Koh Family Clinic,Wed,8:30am - 12:30pm | 2:00pm - 4:00pm | 7:00pm - 9:00pm,,false
Bukit Batok,Lee & Koh Family Clinic,Thurs,8:30am - 12:30pm | 2:00pm - 4:00pm | 7:00pm - 9:00pm,,false
Bukit Batok,Lee & Koh Family Clinic,Fri,8:30am - 12:30pm | 2:00pm - 4:00pm | 7:00pm - 9:00pm,,false
Bukit Batok,Lee & Koh Family Clinic,Sat,8:30am - 12:30pm,,false
Bukit Batok,Lee & Koh Family Clinic,Sun,9:00am - 12:00pm,,false
Bukit Batok,Lee & Koh Family Clinic,PH,9:00am - 12:00pm,,false
Bukit Batok,MD Family Clinic (Bukit Batok),Mon,8:00am - 1:00pm | 2:00pm - 4:00pm | 5:30pm - 8:30pm,,false
Bukit Batok,MD Family Clinic (Bukit Batok),Tues,8:00am - 1:00pm | 2:00pm - 4:00pm | 5:30pm - 8:30pm,,false
Bukit Batok,MD Family Clinic (Bukit Batok),Wed,8:00am - 1:00pm | 5:30pm - 8:30pm,,false
Bukit Batok,MD Family Clinic (Bukit Batok),Thurs,8:00am - 1:00pm | 5:30pm - 8:30pm,,false
Bukit Batok,MD Family Clinic (Bukit Batok),Fri,8:00am - 1:00pm | 2:00pm - 4:00pm,,false
Bukit Batok,MD Family Clinic (Bukit Batok),Sat,8:00am - 12:00pm,,false
Bukit Batok,MD Family Clinic (Bukit Batok),Sun,8:00am - 12:00pm,,false
Bukit Batok,MD Family Clinic (Bukit Batok),PH,9:30am - 12:30pm,(Please call clinic to confirm),false
Bukit Batok,Northeast Medical Group (Bukit Batok),Mon,8:00am - 1:00pm | 2:00pm - 10:00pm,,false
Bukit Batok,Northeast Medical Group (Bukit Batok),Tues,8:00am - 1:00pm | 2:00pm - 10:00pm,,false
Bukit Batok,Northeast Medical Group (Bukit Batok),Wed,8:00am - 1:00pm | 2:00pm - 10:00pm,,false
Bukit Batok,Northeast Medical Group (Bukit Batok),Thurs,8:00am - 1:00pm | 2:00pm - 10:00pm,,false
Bukit Batok,Northeast Medical Group (Bukit Batok),Fri,8:00am - 1:00pm | 2:00pm - 10:00pm,,false
Bukit Batok,Northeast Medical Group (Bukit Batok),Sat,8:00am - 1:00pm,,false
Bukit Batok,Northeast Medical Group (Bukit Batok),Sun,8:00am - 1:00pm,,false
Bukit Batok,Northeast Medical Group (Bukit Batok),PH,9:00am - 1:00pm,,false
Bukit Batok,OneCare Clinic (Bukit Batok West),Mon,8:00am - 2:00pm | 6:00pm - 9:00pm,,false
Bukit Batok,OneCare Clinic (Bukit Batok West),Tues,8:00am - 2:00pm | 6:00pm - 9:00pm,,false
Bukit Batok,OneCare Clinic (Bukit Batok West),Wed,8:00am - 2:00pm | 6:00pm - 9:00pm,,false
Bukit Batok,OneCare Clinic (Bukit Batok West),Thurs,8:00am - 2:00pm | 6:00pm - 9:00pm,,false
Bukit Batok,OneCare Clinic (Bukit Batok West),Fri,8:00am - 2:00pm | 6:00pm - 9:00pm,,false
Bukit Batok,OneCare Clinic (Bukit Batok West),Sat,9:00am - 12:00pm,,false
Bukit Batok,OneCare Clinic (Bukit Batok West),Sun,9:00am - 12:00pm,,false
Bukit Batok,OneCare Clinic (Bukit Batok West),PH,,Check clinic website,false
Bukit Batok,Peak Medical West Plains,Mon,8:00am - 1:00pm | 6:00pm - 10:00pm,,false
Bukit Batok,Peak Medical West Plains,Tues,8:00am - 1:00pm | 6:00pm - 10:00pm,,false
Bukit Batok,Peak Medical West Plains,Wed,8:00am - 1:00pm | 6:00pm - 10:00pm,,false
Bukit Batok,Peak Medical West Plains,Thurs,8:00am - 1:00pm | 6:00pm - 10:00pm,,false
Bukit Batok,Peak Medical West Plains,Fri,8:00am - 1:00pm | 6:00pm - 10:00pm,,false
Bukit Batok,Peak Medical West Plains,Sat,8:00am - 1:00pm,,false
Bukit Batok,Peak Medical West Plains,Sun,8:00am - 1:00pm,,false
Bukit Batok,Peak Medical West Plains,PH,8:00am - 1:00pm,(Selected dates),false
Bukit Batok,ProHealth Medical Group @ Bukit Batok,Sat,8:00am - 1:00pm,,false
Bukit Batok,ProHealth Medical Group @ Bukit Batok,Sun,6:00am - 9:00pm,,false
Bukit Batok,ProHealth Medical Group @ Bukit Batok,PH,,Same as per usual operating hours,false
Bukit Merah,Assure Family Clinic (Bukit Merah),Mon,9:00am - 5:30pm | 6:00pm - 8:30pm | 9:00am - 5:30pm,(WhatsApp Only) Tues - Thurs:,false
Bukit Merah,Assure Family Clinic (Bukit Merah),Sat,9:00am - 12:30pm,,false
Bukit Merah,Assure Family Clinic (Bukit Merah),Sun,,Closed,true
Bukit Merah,Assure Family Clinic (Bukit Merah),PH,,Closed,true
Bukit Merah,Bridgepoint Health (Jalan Bukit Merah Clinic),Mon,8:00am - 1:30pm,,false
Bukit Merah,Bridgepoint Health (Jalan Bukit Merah Clinic),Wed,8:00am - 1:30pm,,false
Bukit Merah,Bridgepoint Health (Jalan Bukit Merah Clinic),Fri,,Closed,true
Bukit Merah,Bridgepoint Health (Jalan Bukit Merah Clinic),Sat,8:00am - 9:30pm,(WhatsApp Only) Tues & Thurs:,false
Bukit Merah,Bridgepoint Health (Jalan Bukit Merah Clinic),Sun,,Closed,true
Bukit Merah,Bridgepoint Health (Jalan Bukit Merah Clinic),PH,,Closed,true
Bukit Merah,Bukit Merah,Mon,8:30am - 1:30pm,,false
Bukit Merah,Bukit Merah,Tues,8:30am - 1:30pm,,false
Bukit Merah,Bukit Merah,Wed,8:30am - 1:30pm,,false
Bukit Merah,Bukit Merah,Thurs,8:30am - 1:30pm,,false
Bukit Merah,Family Clinic,Fri,8:30am - 1:30pm | 2:00pm - 5:00pm,,false
Bukit Merah,Family Clinic,Sat,8:30am - 12:30pm,,false
Bukit Merah,Family Clinic,Sun,8:30am - 12:30pm,,false
Bukit Merah,Family Clinic,PH,,Closed,true
Bukit Merah,Chung & Ee Medical Clinic,Mon,9:00am - 1:00pm,,false
Bukit Merah,Chung & Ee Medical Clinic,Tues,9:00am - 1:00pm,,false
Bukit Merah,Chung & Ee Medical Clinic,Wed,9:00am - 1:00pm,,false
Bukit Merah,Chung & Ee Medical Clinic,Thurs,3:00pm - 5:30pm | 6:30pm - 8:00pm,,false
Bukit Merah,Chung & Ee Medical Clinic,Fri,3:00pm - 5:30pm | 6:30pm - 8:00pm,,false
Bukit Merah,Chung & Ee Medical Clinic,Sat,9:00am - 1:00pm,,false
Bukit Merah,Chung & Ee Medical Clinic,Sun,,Closed,true
Bukit Merah,Chung & Ee Medical Clinic,PH,,Closed,true
Bukit Merah,Health Partnership Medical Centre,Mon,8:30am - 11:00am | 12:30pm - 4:00pm | 6:00pm - 8:00pm,,false
Bukit Merah,Health Partnership Medical Centre,Tues,8:30am - 11:00am | 12:30pm - 4:00pm | 6:00pm - 8:00pm,,false
Bukit Merah,Health Partnership Medical Centre,Wed,8:30am - 11:00am | 12:30pm - 4:00pm | 6:00pm - 8:00pm,,false
Bukit Merah,Health Partnership Medical Centre,Thurs,8:30am - 11:00am | 12:30pm - 4:00pm | 6:00pm - 8:00pm,,false
Bukit Merah,Health Partnership Medical Centre,Fri,8:30am - 11:00am | 12:30pm - 4:00pm | 6:00pm - 8:00pm,,false
Bukit Merah,Health Partnership Medical Centre,Sat,8:30am - 12:00pm,,false
Bukit Merah,Health Partnership Medical Centre,Sun,8:30am - 12:00pm,,false
Bukit Merah,Health Partnership Medical Centre,PH,8:30am - 12:00pm,except CNY,false
Bukit Merah,Healthier GP Clinic,Mon,8:00am - 3:00pm,,false
Bukit Merah,Healthier GP Clinic,Tues,8:00am - 1:00pm | 2:00pm - 5:00pm,,false
Bukit Merah,Healthier GP Clinic,Wed,8:00am - 1:00pm | 2:00pm - 5:00pm,,false
Bukit Merah,Healthier GP Clinic,Thurs,8:00am - 1:00pm,,false
Bukit Merah,Healthier GP Clinic,Fri,8:00am - 1:00pm,,false
Bukit Merah,Healthier GP Clinic,Sat,,Closed,true
Bukit Merah,Healthier GP Clinic,Sun,,Closed,true
Bukit Merah,HeartlandHealth (Telok Blangah),Mon,8:00am - 1:00pm | 6:00pm - 11:00pm,,false
Bukit Merah,HeartlandHealth (Telok Blangah),Tues,8:00am - 1:00pm | 6:00pm - 11:00pm,,false
Bukit Merah,HeartlandHealth (Telok Blangah),Wed,8:00am - 1:00pm | 6:00pm - 11:00pm,,false
Bukit Merah,HeartlandHealth (Telok Blangah),Thurs,8:00am - 1:00pm | 6:00pm - 11:00pm,,false
Bukit Merah,HeartlandHealth (Telok Blangah),Fri,8:00am - 1:00pm | 6:00pm - 11:00pm,,false
Bukit Merah,HeartlandHealth (Telok Blangah),Sat,8:00am - 1:00pm | 6:00pm - 11:00pm,,false
Bukit Merah,HeartlandHealth (Telok Blangah),Sun,8:00am - 1:00pm | 6:00pm - 11:00pm,,false
Bukit Merah,HeartlandHealth (Telok Blangah),PH,8:00am - 1:00pm | 6:00pm - 11:00pm,,false
Bukit Merah,Keppel Medical Group,Mon,9:00am - 12:30pm,,false
Bukit Merah,Keppel Medical Group,Tues,9:00am - 12:30pm,,false
Bukit Merah,Keppel Medical Group,Wed,9:00am - 12:30pm,,false
Bukit Merah,Keppel Medical Group,Thurs,9:00am - 12:30pm,,false
Bukit Merah,Keppel Medical Group,Fri,9:00am - 12:30pm,,false
Bukit Merah,Keppel Medical Group,Sat,,Closed,true
Bukit Merah,Keppel Medical Group,Sun,,Closed,true
Bukit Merah,Keppel Medical Group,PH,,Closed,true
Bukit Merah,The Local Doctor Clinic,Mon,8:30am - 1:00pm | 6:00pm - 9:30pm,,false
Bukit Merah,The Local Doctor Clinic,Tues,8:30am - 12:30pm | 1:30pm - 5:30pm,,false
Bukit Merah,The Local Doctor Clinic,Wed,8:30am - 1:00pm | 6:00pm - 9:30pm,,false
Bukit Merah,The Local Doctor Clinic,Thurs,8:30am - 12:30pm | 1:30pm - 5:30pm,,false
Bukit Merah,The Local Doctor Clinic,Fri,8:30am - 1:00pm | 6:00pm - 9:00pm,,false
Bukit Merah,The Local Doctor Clinic,Sat,,8:30am 12:0S0pm,false
Bukit Merah,The Local Doctor Clinic,Sun,,Closed,true
Bukit Merah,The Local Doctor Clinic,PH,,Closed,true
Bukit Merah,Meridian Medical Centre,Mon,8:30am - 1:00pm | 2:00pm - 4:30pm | 6:00pm - 8:00pm,,false
Bukit Merah,Meridian Medical Centre,Tues,8:30am - 1:00pm | 2:00pm - 4:30pm | 5:00pm - 8:00pm,,false
Bukit Merah,Meridian Medical Centre,Wed,8:30am - 3:00pm,,false
Bukit Merah,Meridian Medical Centre,Thurs,8:30am - 1:00pm | 2:00pm - 4:30pm | 6:00pm - 8:00pm,,false
Bukit Merah,Meridian Medical Centre,Fri,8:30am - 1:00pm | 2:00pm - 4:30pm,,false
Bukit Merah,Meridian Medical Centre,Sat,8:30am - 1:00pm,,false
Bukit Merah,Meridian Medical Centre,Sun,9:00am - 12:30pm,,false
Bukit Merah,Meridian Medical Centre,PH,,Closed,true
Bukit Merah,New Health Family Clinic Pte Ltd,Mon,8:00am - 1:00pm | 6:00pm - 7:30pm,,false
Bukit Merah,New Health Family Clinic Pte Ltd,Tues,8:00am - 1:00pm | 6:00pm - 7:30pm,,false
Bukit Merah,New Health Family Clinic Pte Ltd,Wed,8:00am - 1:00pm | 6:00pm - 7:30pm,,false
Bukit Merah,New Health Family Clinic Pte Ltd,Thurs,8:00am - 1:00pm,,false
Bukit Merah,New Health Family Clinic Pte Ltd,Fri,8:00am - 1:00pm,,false
Bukit Merah,New Health Family Clinic Pte Ltd,Sat,8:00am - 11:30am,,false
Bukit Merah,New Health Family Clinic Pte Ltd,Sun,,Closed,true
Bukit Merah,New Health Family Clinic Pte Ltd,PH,,Closed,true
Bukit Merah,Pancare Medical Clinic (Bukit Merah),Mon,8:00am - 1:00pm | 2:00pm - 5:00pm,,false
Bukit Merah,Pancare Medical Clinic (Bukit Merah),Tues,8:00am - 1:00pm | 2:00pm - 5:00pm | 6:00pm - 9:00pm,,false
Bukit Merah,Pancare Medical Clinic (Bukit Merah),Wed,8:00am - 1:00pm,,false
Bukit Merah,Pancare Medical Clinic (Bukit Merah),Thurs,8:00am - 1:00pm | 2:00pm - 5:00pm | 6:00pm - 9:00pm,,false
Bukit Merah,Pancare Medical Clinic (Bukit Merah),Fri,8:00am - 1:00pm,,false
Bukit Merah,Pancare Medical Clinic (Bukit Merah),Sat,8:00am - 1:00pm,,false
Bukit Merah,Pancare Medical Clinic (Bukit Merah),Sun,,Closed,true
Bukit Merah,Pancare Medical Clinic (Bukit Merah),PH,,Closed,true
Bukit Panjang,Anchor Health Family Clinic,Mon,8:30am - 3:30pm | 6:30pm - 9:00pm,,false
Bukit Panjang,Anchor Health Family Clinic,Tues,8:30am - 3:30pm | 6:30pm - 9:00pm,,false
Bukit Panjang,Anchor Health Family Clinic,Wed,8:30am - 3:30pm | 6:30pm - 9:00pm,,false
Bukit Panjang,Anchor Health Family Clinic,Thurs,8:30am - 3:30pm | 6:30pm - 9:00pm,,false
Bukit Panjang,Anchor Health Family Clinic,Fri,8:30am - 3:30pm,,false
Bukit Panjang,Anchor Health Family Clinic,Sat,8:30am - 12:30pm,,false
Bukit Panjang,Anchor Health Family Clinic,Sun,8:30am - 12:30pm,,false
Bukit Panjang,Anchor Health Family Clinic,PH,8:30am - 12:30pm,,false
Bukit Panjang,HealthMed Family Clinic (Bukit Panjang),Mon,8:30am - 1:00pm | 6:30pm - 9:30pm,,false
Bukit Panjang,HealthMed Family Clinic (Bukit Panjang),Tues,8:30am - 1:00pm | 6:30pm - 9:30pm,,false
Bukit Panjang,HealthMed Family Clinic (Bukit Panjang),Wed,8:30am - 1:00pm | 6:30pm - 9:30pm,,false
Bukit Panjang,HealthMed Family Clinic (Bukit Panjang),Thurs,8:30am - 1:00pm | 6:30pm - 9:30pm,,false
Bukit Panjang,HealthMed Family Clinic (Bukit Panjang),Fri,8:30am - 1:00pm | 6:30pm - 9:30pm,,false
Bukit Panjang,HealthMed Family Clinic (Bukit Panjang),Sat,8:30am - 12:30pm,,false
Bukit Panjang,HealthMed Family Clinic (Bukit Panjang),Sun,8:30am - 12:30pm,(*) - please call clinic before you visit,false
Bukit Panjang,HealthMed Family Clinic (Bukit Panjang),PH,,Closed,true
Bukit Panjang,Healthway Medical (Bukit Panjang),Mon,8:30am - 1:00pm | 2:00pm - 5:00pm | 6:00pm - 9:00pm,,false
Bukit Panjang,Healthway Medical (Bukit Panjang),Tues,8:30am - 1:00pm | 2:00pm - 5:00pm,,false
Bukit Panjang,Healthway Medical (Bukit Panjang),Wed,8:30am - 1:00pm | 2:00pm - 5:00pm,,false
Bukit Panjang,Healthway Medical (Bukit Panjang),Thurs,8:30am - 1:00pm | 2:00pm - 5:00pm | 6:00pm - 9:00pm,,false
Bukit Panjang,Healthway Medical (Bukit Panjang),Fri,8:30am - 1:00pm,,false
Bukit Panjang,Healthway Medical (Bukit Panjang),Sat,8:30am - 1:00pm,,false
Bukit Panjang,Healthway Medical (Bukit Panjang),Sun,,Closed,true
Bukit Panjang,Healthway Medical (Fajar),Mon,8:30am - 12:30pm | 2:30pm - 4:30pm | 6:00pm - 8:00pm,,false
Bukit Panjang,Healthway Medical (Fajar),Tues,8:30am - 12:30pm,,false
Bukit Panjang,Healthway Medical (Fajar),Wed,8:30am - 12:30pm | 2:30pm - 4:30pm | 6:00pm - 8:00pm,,false
Bukit Panjang,Healthway Medical (Fajar),Thurs,8:30am - 12:30pm,,false
Bukit Panjang,Healthway Medical (Fajar),Fri,2:30pm - 4:30pm,,false
Bukit Panjang,Healthway Medical (Fajar),Sat,8:30am - 12:30pm,,false
Bukit Panjang,Healthway Medical (Fajar),Sun,,Closed,true
Bukit Panjang,Lifecare Family Clinic,Mon,8:00am - 12:00pm | 6:00pm - 9:00pm,,false
Bukit Panjang,Lifecare Family Clinic,Tues,8:00am - 12:00pm,,false
Bukit Panjang,Lifecare Family Clinic,Wed,8:00am - 12:00pm | 6:00pm - 9:00pm,,false
Bukit Panjang,Lifecare Family Clinic,Thurs,8:00am - 12:00pm,,false
Bukit Panjang,Lifecare Family Clinic,Sun,,Closed,true
Bukit Panjang,Lifecare Family Clinic,PH,,Closed,true
Bukit Panjang,OneCare Clinic (Bangkit),Mon,8:00am - 4:00pm | 5:00pm - 10:00pm,Check with clinic website for latest updates for clinic's special opening hours on PH,false
Bukit Panjang,OneCare Clinic (Bangkit),Tues,8:00am - 4:00pm | 5:00pm - 10:00pm,Check with clinic website for latest updates for clinic's special opening hours on PH,false
Bukit Panjang,OneCare Clinic (Bangkit),Wed,8:00am - 4:00pm | 5:00pm - 10:00pm,Check with clinic website for latest updates for clinic's special opening hours on PH,false
Bukit Panjang,OneCare Clinic (Bangkit),Thurs,8:00am - 4:00pm | 5:00pm - 10:00pm,Check with clinic website for latest updates for clinic's special opening hours on PH,false
Bukit Panjang,OneCare Clinic (Bangkit),Fri,8:00am - 4:00pm | 5:00pm - 10:00pm,Check with clinic website for latest updates for clinic's special opening hours on PH,false
Bukit Panjang,OneCare Clinic (Bangkit),Sat,8:00am - 4:00pm | 5:00pm - 10:00pm,Check with clinic website for latest updates for clinic's special opening hours on PH,false
Bukit Panjang,OneCare Clinic (Bangkit),Sun,8:00am - 4:00pm | 5:00pm - 10:00pm,Check with clinic website for latest updates for clinic's special opening hours on PH,false
Bukit Panjang,OneCare Clinic (Senja 642),Mon,8:00am - 3:00pm | 5:30pm - 9:30pm,,false
Bukit Panjang,OneCare Clinic (Senja 642),Tues,8:00am - 3:00pm | 5:30pm - 9:30pm,,false
Bukit Panjang,OneCare Clinic (Senja 642),Wed,8:00am - 3:00pm | 5:30pm - 9:30pm,,false
Bukit Panjang,OneCare Clinic (Senja 642),Thurs,8:00am - 3:00pm | 5:30pm - 9:30pm,,false
Bukit Panjang,OneCare Clinic (Senja 642),Fri,8:00am - 3:00pm,,false
Bukit Panjang,OneCare Clinic (Senja 642),Sat,8:00am - 1:00pm,Check with clinic website for latest updates for clinic's special opening hours on PH,false
Bukit Panjang,OneCare Clinic (Senja 642),Sun,8:00am - 1:00pm,Check with clinic website for latest updates for clinic's special opening hours on PH,false
Bukit Panjang,OneCare Clinic Senja 643,Mon,8:00am - 1:00pm,,false
Bukit Panjang,OneCare Clinic Senja 643,Tues,8:00am - 1:00pm,,false
Bukit Panjang,OneCare Clinic Senja 643,Wed,8:00am - 1:00pm,,false
Bukit Panjang,OneCare Clinic Senja 643,Thurs,6:00pm - 9:00pm,,false
Bukit Panjang,OneCare Clinic Senja 643,Fri,6:00pm - 9:00pm,,false
Bukit Panjang,OneCare Clinic Senja 643,Sat,6:00pm - 9:00pm,Check with clinic website for latest updates for clinic's special opening hours on PH,false
Bukit Panjang,OneCare Clinic Senja 643,Sun,6:00pm - 9:00pm,Check with clinic website for latest updates for clinic's special opening hours on PH,false
Bukit Panjang,OneCare Clinic Bukit Panjang Segar,Mon,8:00am - 3:00pm | 5:00pm - 10:00pm,,false
Bukit Panjang,OneCare Clinic Bukit Panjang Segar,Tues,8:00am - 3:00pm | 5:00pm - 9:30pm,,false
Bukit Panjang,OneCare Clinic Bukit Panjang Segar,Wed,8:00am - 3:00pm | 5:00pm - 9:30pm,,false
Bukit Panjang,OneCare Clinic Bukit Panjang Segar,Thurs,8:00am - 3:00pm | 5:00pm - 9:30pm,,false
Bukit Panjang,OneCare Clinic Bukit Panjang Segar,Fri,8:00am - 3:00pm | 5:00pm - 9:30pm,,false
Bukit Panjang,OneCare Clinic Bukit Panjang Segar,Sat,8:00am - 3:00pm | 6:00pm - 9:30pm,Check with clinic website for latest updates for clinic's special opening hours on PH,false
Bukit Panjang,OneCare Clinic Bukit Panjang Segar,Sun,8:00am - 3:00pm | 6:00pm - 9:30pm,Check with clinic website for latest updates for clinic's special opening hours on PH,false
Bukit Panjang,Petir Family Clinic,Mon,8:30am - 1:30pm,,false
Bukit Panjang,Petir Family Clinic,Tues,8:30am - 1:30pm,,false
Bukit Panjang,Petir Family Clinic,Wed,8:30am - 1:30pm,,false
Bukit Panjang,Petir Family Clinic,Thurs,8:30am - 1:30pm,,false
Bukit Panjang,RC’S Family Clinic,Mon,8:00am - 3:00pm,,false
Bukit Panjang,RC’S Family Clinic,Tues,8:00am - 3:00pm,,false
Bukit Panjang,RC’S Family Clinic,Wed,8:00am - 3:00pm,,false
Bukit Panjang,RC’S Family Clinic,Thurs,6:30pm - 9:30pm,,false
Bukit Panjang,RC’S Family Clinic,Fri,8:00am - 3:00pm,,false
Bukit Panjang,RC’S Family Clinic,Sat,8:00am - 1:00pm,,false
Bukit Panjang,RC’S Family Clinic,Sun,5:30pm - 9:30pm,,false
Bukit Panjang,RC’S Family Clinic,PH,,Closed,true
Bukit Panjang,Sunbeam Medical Clinic,Mon,8:30am - 2:00pm | 6:00pm - 10:00pm,,false
Bukit Panjang,Sunbeam Medical Clinic,Tues,8:30am - 2:00pm | 6:00pm - 10:00pm,,false
Bukit Panjang,Sunbeam Medical Clinic,Wed,8:30am - 2:00pm | 6:00pm - 10:00pm,,false
Bukit Panjang,Sunbeam Medical Clinic,Thurs,8:30am - 2:00pm | 6:00pm - 10:00pm,,false
Bukit Panjang,Sunbeam Medical Clinic,Fri,8:30am - 2:00pm | 6:00pm - 10:00pm,,false
Bukit Panjang,Sunbeam Medical Clinic,Sat,8:30am - 1:00pm,,false
Bukit Panjang,Sunbeam Medical Clinic,Sun,8:30am - 1:00pm,,false
Bukit Panjang,Sunbeam Medical Clinic,PH,,Closed,true
Bukit Timah,Chang Clinic,Mon,8:30am - 12:30pm,,false
Bukit Timah,Chang Clinic,Tues,8:30am - 12:30pm,,false
Bukit Timah,Chang Clinic,Wed,8:30am - 12:30pm,,false
Bukit Timah,Chang Clinic,Thurs,2:00pm - 5:30pm,,false
Bukit Timah,Chang Clinic,Fri,2:00pm - 5:30pm,,false
Bukit Timah,Chang Clinic,Sat,8:30am - 11:30am,,false
Bukit Timah,Chang Clinic,Sun,,Closed,true
Bukit Timah,Chang Clinic,PH,,Closed,true
Bukit Timah,Doctor W Clinic,Mon,8:30am - 12:00pm,,false
Bukit Timah,Doctor W Clinic,Tues,8:30am - 12:00pm,,false
Bukit Timah,Doctor W Clinic,Wed,8:30am - 12:00pm,,false
Bukit Timah,Doctor W Clinic,Thurs,8:30am - 12:00pm,,false
Bukit Timah,Doctor W Clinic,Fri,8:30am - 12:00pm,,false
Bukit Timah,Doctor W Clinic,Sat,8:30am - 12:00pm,,false
Bukit Timah,Doctor W Clinic,Sun,,Closed,true
Bukit Timah,Doctor W Clinic,PH,,Closed,true
Bukit Timah,Healthway Medical (Bukit Timah),Fri,8:30am - 1:00pm | 2:00pm - 5:00pm,,false
Bukit Timah,Healthway Medical (Bukit Timah),Sat,2:00pm - 5:00pm | 6:00pm - 9:00pm,,false
Bukit Timah,Healthway Medical (Bukit Timah),Sun,8:30am - 1:00pm | 2:00pm - 5:00pm,,false
Bukit Timah,Healthway Medical (Bukit Timah),PH,8:30am - 1:00pm | 2:00pm - 5:00pm,"(*) Clinic hours are subject to change, please call before visiting.",false
Bukit Timah,My Clinic,Mon,9:30am - 1:00pm | 2:30pm - 5:00pm,,false
Bukit Timah,My Clinic,Tues,9:30am - 1:00pm | 2:30pm - 5:00pm,,false
Bukit Timah,My Clinic,Wed,9:30am - 1:00pm | 2:30pm - 5:00pm,,false
Bukit Timah,My Clinic,Thurs,9:30am - 1:00pm | 2:30pm - 5:00pm,,false
Bukit Timah,My Clinic,Fri,9:30am - 1:00pm | 2:30pm - 5:00pm,,false
Bukit Timah,My Clinic,Sat,9:30am - 1:00pm,,false
Bukit Timah,My Clinic,Sun,,Closed,true
Bukit Timah,My Clinic,PH,,Closed,true
Bukit Timah,Our Bukit Timah,Mon,9:00am - 3:00pm,,false
Bukit Timah,Our Bukit Timah,Tues,9:00am - 3:00pm,,false
Bukit Timah,Our Bukit Timah,Wed,9:00am - 3:00pm,,false
Bukit Timah,Our Bukit Timah,Thurs,9:00am - 3:00pm,,false
Bukit Timah,Our Bukit Timah,Fri,9:00am - 3:00pm,,false
Bukit Timah,Family Clinic,Sun,5:30pm - 9:00pm,,false
Bukit Timah,Family Clinic,PH,,Closed,true
Bukit Timah,Parkway Shenton Medical Group (Toh Yi),Mon,8:30am - 1:00pm | 2:00pm - 5:30pm,,false
Bukit Timah,Parkway Shenton Medical Group (Toh Yi),Tues,8:30am - 1:00pm | 2:00pm - 5:30pm,,false
Bukit Timah,Parkway Shenton Medical Group (Toh Yi),Wed,8:30am - 1:00pm | 2:00pm - 5:30pm,,false
Bukit Timah,Parkway Shenton Medical Group (Toh Yi),Thurs,8:30am - 1:00pm | 2:00pm - 5:30pm,,false
Bukit Timah,Parkway Shenton Medical Group (Toh Yi),Fri,8:30am - 1:00pm | 2:00pm - 5:30pm,,false
Bukit Timah,Parkway Shenton Medical Group (Toh Yi),Sat,8:30am - 12:30pm,,false
Bukit Timah,Parkway Shenton Medical Group (Toh Yi),Sun,,Closed,true
Bukit Timah,Parkway Shenton Medical Group (Toh Yi),PH,,Closed,true
Bukit Timah,Phoenix Medical Group (Hillview),Mon,9:00am - 4:30pm | 6:00pm - 8:30pm,,false
Bukit Timah,Phoenix Medical Group (Hillview),Tues,9:00am - 4:30pm | 6:00pm - 8:30pm,,false
Bukit Timah,Phoenix Medical Group (Hillview),Wed,9:00am - 4:30pm | 6:00pm - 8:30pm,,false
Bukit Timah,Phoenix Medical Group (Hillview),Thurs,9:00am - 4:30pm | 6:00pm - 8:30pm,,false
Bukit Timah,Phoenix Medical Group (Hillview),Fri,9:00am - 4:30pm | 6:00pm - 8:30pm,,false
Bukit Timah,Phoenix Medical Group (Hillview),Sat,9:00am - 1:30pm,,false
Bukit Timah,Phoenix Medical Group (Hillview),Sun,2:00pm - 8:30pm,,false
Bukit Timah,Phoenix Medical Group (Hillview),PH,,Closed,true
Bukit Timah,Silver Cross Bukit Timah,Mon,8:00am - 1:00pm | 2:00pm - 9:00pm,,false
Bukit Timah,Silver Cross Bukit Timah,Tues,8:00am - 1:00pm | 2:00pm - 9:00pm,,false
Bukit Timah,Silver Cross Bukit Timah,Wed,8:00am - 1:00pm | 2:00pm - 9:00pm,,false
Bukit Timah,Silver Cross Bukit Timah,Thurs,8:00am - 1:00pm | 2:00pm - 9:00pm,,false
Bukit Timah,Silver Cross Bukit Timah,Fri,8:00am - 1:00pm | 2:00pm - 9:00pm,,false
Bukit Timah,Silver Cross Bukit Timah,Sat,8:00am - 1:00pm | 2:00pm - 9:00pm,,false
Bukit Timah,Silver Cross Bukit Timah,Sun,8:00am - 1:00pm | 2:00pm - 5:00pm,,false
Bukit Timah,Silver Cross Bukit Timah,PH,8:00am - 1:00pm | 2:00pm - 5:00pm,,false
Bukit Timah,Tang Family Clinic,Mon,9:00am - 4:00pm,,false
Bukit Timah,Tang Family Clinic,Tues,9:00am - 4:00pm,,false
Bukit Timah,Tang Family Clinic,Wed,9:00am - 4:00pm,,false
Bukit Timah,Tang Family Clinic,Thurs,9:00am - 4:00pm,,false
Bukit Timah,Tang Family Clinic,Fri,9:00am - 4:00pm,,false
Bukit Timah,Tang Family Clinic,Sat,9:00am - 2:30pm,,false
Bukit Timah,Tang Family Clinic,Sun,,Closed,true
Bukit Timah,Tang Family Clinic,PH,,Closed,true
Buona Vista,Osler Health International @ Star Vista,Mon,8:30am - 5:30pm,,false
Buona Vista,Osler Health International @ Star Vista,Tues,8:30am - 5:30pm,,false
Buona Vista,Osler Health International @ Star Vista,Wed,8:30am - 5:30pm,,false
Buona Vista,Osler Health International @ Star Vista,Thurs,8:30am - 5:30pm,,false
Buona Vista,Osler Health International @ Star Vista,Fri,8:30am - 5:30pm,,false
Buona Vista,Osler Health International @ Star Vista,Sat,8:30am - 1:00pm,,false
Buona Vista,Osler Health International @ Star Vista,Sun,,Closed,true
Buona Vista,Osler Health International @ Star Vista,PH,,Closed,true
Buona Vista,Cornerstone Medical,Mon,9:00am - 3:00pm,,false
Buona Vista,Cornerstone Medical,Tues,9:00am - 3:00pm,,false
Buona Vista,Cornerstone Medical,Wed,9:00am - 1:00pm,,false
Buona Vista,Cornerstone Medical,Fri,6:00pm - 9:00pm | 9:00am - 3:00pm | 9:00am - 1:00pm,,false
Buona Vista,Cornerstone Medical,Sat,6:00pm - 9:00pm,,false
Buona Vista,Cornerstone Medical,PH,,Closed,true
Buona Vista,Keystone Clinic &,Mon,8:00am - 8:00pm,,false
Buona Vista,Keystone Clinic &,Tues,8:00am - 8:00pm,,false
Buona Vista,Keystone Clinic &,Wed,8:00am - 8:00pm,,false
Buona Vista,Keystone Clinic &,Thurs,8:00am - 8:00pm,,false
Buona Vista,Keystone Clinic &,Fri,8:00am - 8:00pm,,false
Buona Vista,Keystone Clinic &,Sat,8:00am - 8:00pm,,false
Buona Vista,Keystone Clinic &,Sun,8:00am - 8:00pm,,false
Buona Vista,Northeast Medical Group (Buona Vista),Mon,8:00am - 1:30pm | 2:30pm - 5:30pm | 6:30pm - 9:30pm,,false
Buona Vista,Northeast Medical Group (Buona Vista),Tues,8:00am - 1:30pm | 2:30pm - 5:30pm | 6:30pm - 9:30pm,,false
Buona Vista,Northeast Medical Group (Buona Vista),Wed,8:00am - 1:30pm | 2:30pm - 5:30pm | 6:30pm - 9:30pm,,false
Buona Vista,Northeast Medical Group (Buona Vista),Thurs,8:00am - 1:30pm | 2:30pm - 5:30pm | 6:30pm - 9:30pm,,false
Buona Vista,Northeast Medical Group (Buona Vista),Fri,8:00am - 1:30pm | 2:30pm - 5:30pm,,false
Buona Vista,Northeast Medical Group (Buona Vista),Sat,8:00am - 1:30pm,,false
Buona Vista,Northeast Medical Group (Buona Vista),Sun,8:00am - 1:30pm,,false
Changi,Raffles Medical (Terminal 3),Mon,,Open 24 Hours,false
Changi,Raffles Medical (Terminal 3),Tues,,Open 24 Hours,false
Changi,Raffles Medical (Terminal 3),Wed,,Open 24 Hours,false
Changi,Raffles Medical (Terminal 3),Thurs,,Open 24 Hours,false
Changi,Raffles Medical (Terminal 3),Fri,,Open 24 Hours,false
Changi,Raffles Medical (Terminal 3),Sat,,Open 24 Hours,false
Changi,Raffles Medical (Terminal 3),Sun,,Open 24 Hours,false
Changi,Raffles Medical (Terminal 3),PH,,Open 24 hours (please call the clinic to confirm),false
Chinatown,Huan Clinic,Mon,9:00am - 1:00pm | 2:00pm - 3:00pm,,false
Chinatown,Huan Clinic,Tues,9:00am - 1:00pm | 2:00pm - 3:00pm,,false
Chinatown,Huan Clinic,Wed,9:00am - 1:00pm | 2:00pm - 3:00pm,,false
Chinatown,Huan Clinic,Thurs,9:00am - 1:00pm | 2:00pm - 3:00pm,,false
Chinatown,Huan Clinic,Fri,9:00am - 1:00pm | 2:00pm - 3:00pm,,false
Chinatown,Huan Clinic,Sat,9:00am - 11:30am,,false
Chinatown,Huan Clinic,Sun,,Closed,true
Chinatown,Huan Clinic,PH,,Closed,true
Chinatown,Chinatown Wellness Clinic,Mon,8:30am - 1:00pm | 2:00pm - 5:00pm,,false
Chinatown,Chinatown Wellness Clinic,Tues,8:30am - 1:00pm | 2:00pm - 5:00pm,,false
Chinatown,Chinatown Wellness Clinic,Wed,8:30am - 1:00pm | 2:00pm - 5:00pm,,false
Chinatown,Chinatown Wellness Clinic,Thurs,8:30am - 1:00pm | 2:00pm - 5:00pm,,false
Chinatown,Chinatown Wellness Clinic,Fri,8:30am - 1:00pm | 2:00pm - 5:00pm,,false
Chinatown,Chinatown Wellness Clinic,Sat,9:00am - 1:00pm,,false
Chinatown,Chinatown Wellness Clinic,Sun,,Closed,true
Chinatown,Chinatown Wellness Clinic,PH,,Closed,true
Choa Chu Kang,Clover Medical Clinic,Mon,8:30am - 5:00pm | 6:00pm - 9:30pm,,false
Choa Chu Kang,Clover Medical Clinic,Tues,8:30am - 5:00pm | 6:00pm - 9:30pm,,false
Choa Chu Kang,Clover Medical Clinic,Wed,8:30am - 5:00pm | 6:00pm - 9:30pm,,false
Choa Chu Kang,Clover Medical Clinic,Thurs,8:30am - 5:00pm | 6:00pm - 9:30pm,,false
Choa Chu Kang,Clover Medical Clinic,Fri,9:00am - 1:00pm,,false
Choa Chu Kang,Clover Medical Clinic,Sun,,Closed,true
Choa Chu Kang,Clover Medical Clinic,PH,,Closed,true
Choa Chu Kang,HealthLight Family Medicine Clinic,Mon,8:30am - 12:30pm,,false
Choa Chu Kang,HealthLight Family Medicine Clinic,Tues,8:30am - 12:30pm,,false
Choa Chu Kang,HealthLight Family Medicine Clinic,Wed,8:30am - 12:30pm,,false
Choa Chu Kang,HealthLight Family Medicine Clinic,Thurs,2:30pm - 5:00pm,,false
Choa Chu Kang,HealthLight Family Medicine Clinic,Fri,8:30am - 12:30pm,,false
Choa Chu Kang,HealthLight Family Medicine Clinic,Sat,8:30am - 12:30pm,,false
Choa Chu Kang,HealthLight Family Medicine Clinic,Sun,,Closed,true
Choa Chu Kang,HealthLight Family Medicine Clinic,PH,,Closed,true
Choa Chu Kang,Healthway Medical (Sunshine Place),Mon,8:30am - 12:45pm | 2:00pm - 4:45pm | 6:00pm - 8:45pm,,false
Choa Chu Kang,Healthway Medical (Sunshine Place),Tues,8:30am - 12:45pm | 2:00pm - 4:45pm | 6:00pm - 8:45pm,,false
Choa Chu Kang,Healthway Medical (Sunshine Place),Wed,8:30am - 12:45pm | 2:00pm - 4:45pm | 6:00pm - 8:45pm,,false
Choa Chu Kang,Healthway Medical (Sunshine Place),Thurs,8:30am - 12:45pm | 2:00pm - 4:45pm | 6:00pm - 8:45pm,,false
Choa Chu Kang,Healthway Medical (Sunshine Place),Fri,8:30am - 12:45pm | 2:00pm - 4:45pm,,false
Choa Chu Kang,Healthway Medical (Sunshine Place),Sat,8:30am - 12:45pm,,false
Choa Chu Kang,Healthway Medical (Sunshine Place),Sun,8:30am - 12:45pm,,false
Choa Chu Kang,Healthway Medical (Sunshine Place),PH,8:30am - 12:45pm,"(*) - Clinic hours are subject to change, please call before visiting",false
Choa Chu Kang,Healthway Medical Clinic,Mon,8:30am - 1:00pm | 2:00pm - 5:00pm | 6:00pm - 9:00pm,,false
Choa Chu Kang,Healthway Medical Clinic,Tues,8:30am - 1:00pm | 2:00pm - 5:00pm | 6:00pm - 9:00pm,,false
Choa Chu Kang,Healthway Medical Clinic,Wed,8:30am - 1:00pm | 2:00pm - 5:00pm | 6:00pm - 9:00pm,,false
Choa Chu Kang,Healthway Medical Clinic,Thurs,8:30am - 1:00pm | 2:00pm - 5:00pm | 6:00pm - 9:00pm,,false
Choa Chu Kang,Healthway Medical Clinic,Fri,8:30am - 1:00pm | 2:00pm - 5:00pm,,false
Choa Chu Kang,Healthway Medical Clinic,Sat,8:30am - 1:00pm,,false
Choa Chu Kang,Healthway Medical Clinic,Sun,8:30am - 1:00pm,,false
Choa Chu Kang,Healthway Medical Clinic,PH,8:30am - 1:00pm,,false
Choa Chu Kang,Jo-Lin Family Clinic & Surgery,Mon,8:30am - 12:30pm,,false
Choa Chu Kang,Jo-Lin Family Clinic & Surgery,Tues,8:30am - 12:30pm,,false
Choa Chu Kang,Jo-Lin Family Clinic & Surgery,Wed,8:30am - 12:30pm,,false
Choa Chu Kang,Jo-Lin Family Clinic & Surgery,Thurs,2:00pm - 4:00pm | 6:30pm - 9:30pm,,false
Choa Chu Kang,Jo-Lin Family Clinic & Surgery,Fri,6:30pm - 9:30pm | 8:30am - 12:30pm | 2:00pm - 4:00pm,,false
Choa Chu Kang,Jo-Lin Family Clinic & Surgery,Sat,8:30am - 12:30pm,,false
Choa Chu Kang,Jo-Lin Family Clinic & Surgery,Sun,6:30pm - 9:30pm,,false
Choa Chu Kang,Jo-Lin Family Clinic & Surgery,PH,,Closed,true
Choa Chu Kang,Life Vista Family Clinic Pte Ltd,Mon,8:00am - 10:00pm,,false
Choa Chu Kang,Life Vista Family Clinic Pte Ltd,Tues,8:00am - 10:00pm,,false
Choa Chu Kang,Life Vista Family Clinic Pte Ltd,Wed,8:00am - 10:00pm,,false
Choa Chu Kang,Life Vista Family Clinic Pte Ltd,Thurs,8:00am - 10:00pm,,false
Choa Chu Kang,Life Vista Family Clinic Pte Ltd,Fri,8:00am - 10:00pm,,false
Choa Chu Kang,Life Vista Family Clinic Pte Ltd,Sat,8:00am - 10:00pm,,false
Choa Chu Kang,Life Vista Family Clinic Pte Ltd,Sun,8:00am - 10:00pm,,false
Choa Chu Kang,OneCare Clinic (Keat Hong LRT),Mon,8:00am - 3:00pm | 6:00pm - 9:00pm,,false
Choa Chu Kang,OneCare Clinic (Keat Hong LRT),Tues,8:00am - 3:00pm | 6:00pm - 9:00pm,,false
Choa Chu Kang,OneCare Clinic (Keat Hong LRT),Wed,8:00am - 3:00pm | 6:00pm - 9:00pm,,false
Choa Chu Kang,OneCare Clinic (Keat Hong LRT),Thurs,8:00am - 3:00pm | 6:00pm - 9:00pm,,false
Choa Chu Kang,OneCare Clinic (Keat Hong LRT),Fri,8:00am - 3:00pm | 6:00pm - 9:00pm,,false
Choa Chu Kang,OneCare Clinic (Keat Hong LRT),Sat,8:00am - 12:00pm,,false
Choa Chu Kang,OneCare Clinic (Keat Hong LRT),Sun,6:00pm - 9:00pm,Check with clinic website for latest updates for clinic's special opening hours on PH.,false
Choa Chu Kang,Raffles Medical (Yew Tee Point),Mon,8:30am - 1:00pm | 2:00pm - 5:30pm | 6:30pm - 9:30pm,,false
Choa Chu Kang,Raffles Medical (Yew Tee Point),Tues,8:30am - 1:00pm | 2:00pm - 5:30pm | 6:30pm - 9:30pm,,false
Choa Chu Kang,Raffles Medical (Yew Tee Point),Wed,8:30am - 1:00pm | 2:00pm - 5:30pm | 6:30pm - 9:30pm,,false
Choa Chu Kang,Raffles Medical (Yew Tee Point),Thurs,8:30am - 1:00pm | 2:00pm - 5:30pm | 6:30pm - 9:30pm,,false
Choa Chu Kang,Raffles Medical (Yew Tee Point),Fri,8:30am - 1:00pm | 2:00pm - 5:30pm | 6:30pm - 9:30pm,,false
Choa Chu Kang,Raffles Medical (Yew Tee Point),Sat,8:30am - 1:00pm,,false
Choa Chu Kang,Raffles Medical (Yew Tee Point),Sun,8:30am - 1:00pm,,false
Choa Chu Kang,Raffles Medical (Yew Tee Point),PH,,Closed,true
Choa Chu Kang,The Edinburgh Clinic,Mon,8:30am - 12:30pm | 2:00pm - 4:00pm | 6:30pm - 9:30pm,,false
Choa Chu Kang,The Edinburgh Clinic,Tues,8:30am - 12:30pm,,false
Choa Chu Kang,The Edinburgh Clinic,Wed,8:30am - 12:30pm | 2:00pm - 4:00pm | 6:30pm - 9:30pm,,false
Choa Chu Kang,The Edinburgh Clinic,Thurs,8:30am - 12:30pm,,false
Choa Chu Kang,The Edinburgh Clinic,Fri,2:00pm - 4:00pm,,false
Choa Chu Kang,The Edinburgh Clinic,Sat,8:30am - 1:00pm,,false
Choa Chu Kang,The Edinburgh Clinic,Sun,,Closed,true
Choa Chu Kang,The Edinburgh Clinic,PH,,Closed,true
City Hall,Drs Singh & Partners,Mon,8:30am - 12:30pm | 2:00pm - 5:00pm,,false
City Hall,Drs Singh & Partners,Tues,8:30am - 12:30pm | 2:00pm - 5:00pm,,false
City Hall,Drs Singh & Partners,Wed,8:30am - 12:30pm | 2:00pm - 5:00pm,,false
City Hall,Drs Singh & Partners,Thurs,8:30am - 12:30pm | 2:00pm - 5:00pm,,false
City Hall,Drs Singh & Partners,Fri,8:30am - 12:30pm | 2:00pm - 5:00pm,,false
City Hall,Drs Singh & Partners,Sat,8:30am - 12:30pm,,false
City Hall,Drs Singh & Partners,Sun,,Closed,true
City Hall,Drs Singh & Partners,PH,,Closed,true
City Hall,Peninsula Medical Centre,Mon,11:00am - 7:00pm,,false
City Hall,Peninsula Medical Centre,Tues,11:00am - 7:00pm,,false
City Hall,Peninsula Medical Centre,Wed,11:00am - 7:00pm,,false
City Hall,Peninsula Medical Centre,Thurs,11:00am - 7:00pm,,false
City Hall,Peninsula Medical Centre,Fri,11:00am - 7:00pm,,false
City Hall,Peninsula Medical Centre,Sat,11:00am - 5:00pm,,false
City Hall,Peninsula Medical Centre,Sun,11:00am - 5:00pm,,false
City Hall,Peninsula Medical Centre,PH,11:00am - 5:00pm,,false
Clementi,Claremont Medical Clinic,Mon,8:30am - 8:30pm,,false
Clementi,Claremont Medical Clinic,Tues,8:30am - 8:30pm,,false
Clementi,Claremont Medical Clinic,Wed,8:30am - 5:30pm,,false
Clementi,Claremont Medical Clinic,Thurs,8:30am - 12:00pm,,false
Clementi,Claremont Medical Clinic,Fri,8:30am - 12:00pm,,false
Clementi,Claremont Medical Clinic,Sat,8:30am - 12:30pm,,false
Clementi,Claremont Medical Clinic,Sun,8:30am - 12:30pm,,false
Clementi,Claremont Medical Clinic,PH,,Closed,true
Clementi,Doctors Medical Clinic,Mon,8:30am - 3:00pm | 6:00pm - 9:00pm,,false
Clementi,Doctors Medical Clinic,Tues,8:30am - 3:00pm,,false
Clementi,Doctors Medical Clinic,Wed,8:30am - 3:00pm,,false
Clementi,Doctors Medical Clinic,Thurs,8:30am - 3:00pm,,false
Clementi,Doctors Medical Clinic,Fri,8:30am - 3:00pm,,false
Clementi,Doctors Medical Clinic,Sat,8:30am - 1:00pm,,false
Clementi,Doctors Medical Clinic,Sun,,Closed,true
Clementi,Doctors Medical Clinic,PH,,Closed,true
Clementi,E. L. Chin Family Clinic and Surgery Pte Ltd,Mon,9:00am - 12:30pm,,false
Clementi,E. L. Chin Family Clinic and Surgery Pte Ltd,Tues,9:00am - 12:30pm,,false
Clementi,E. L. Chin Family Clinic and Surgery Pte Ltd,Wed,9:00am - 12:30pm | 2:00pm - 4:30pm,,false
Clementi,E. L. Chin Family Clinic and Surgery Pte Ltd,Thurs,2:00pm - 4:30pm | 7:00pm - 9:00pm,,false
Clementi,E. L. Chin Family Clinic and Surgery Pte Ltd,Fri,2:00pm - 4:30pm | 7:00pm - 9:00pm,,false
Clementi,E. L. Chin Family Clinic and Surgery Pte Ltd,Sat,9:00am - 12:30pm,,false
Clementi,E. L. Chin Family Clinic and Surgery Pte Ltd,Sun,9:00am - 12:30pm,,false
Clementi,E. L. Chin Family Clinic and Surgery Pte Ltd,PH,,Closed,true
Clementi,FairCare Family Clinic (Clementi),Mon,8:30am - 1:00pm | 2:00pm - 4:30pm | 6:30pm - 9:30pm,,false
Clementi,FairCare Family Clinic (Clementi),Tues,8:30am - 1:00pm | 2:00pm - 4:30pm | 6:30pm - 9:30pm,,false
Clementi,FairCare Family Clinic (Clementi),Wed,8:30am - 1:00pm | 2:00pm - 4:30pm | 6:30pm - 9:30pm,,false
Clementi,FairCare Family Clinic (Clementi),Thurs,8:30am - 1:00pm | 2:00pm - 4:30pm | 6:30pm - 9:30pm,,false
Clementi,FairCare Family Clinic (Clementi),Fri,8:30am - 1:00pm | 2:00pm - 4:30pm | 6:30pm - 9:30pm,,false
Clementi,FairCare Family Clinic (Clementi),Sat,8:30am - 1:00pm,,false
Clementi,FairCare Family Clinic (Clementi),Sun,8:30am - 1:00pm,,false
Clementi,FairCare Family Clinic (Clementi),PH,,Closed,true
Clementi,Frontier Family Medicine Clinic,Mon,8:30am - 1:00pm | 2:00pm - 5:30pm,,false
Clementi,Frontier Family Medicine Clinic,Tues,8:30am - 1:00pm | 2:00pm - 5:30pm,,false
Clementi,Frontier Family Medicine Clinic,Wed,8:30am - 1:00pm | 2:00pm - 5:30pm,,false
Clementi,Frontier Family Medicine Clinic,Thurs,8:30am - 1:00pm | 2:00pm - 5:30pm,,false
Clementi,Frontier Family Medicine Clinic,Fri,8:30am - 1:00pm | 2:00pm - 5:30pm,,false
Clementi,GoClinic Commonwealth,Mon,8:30am - 3:00pm | 5:30pm - 8:00pm,,false
Clementi,GoClinic Commonwealth,Tues,8:30am - 3:00pm,,false
Clementi,GoClinic Commonwealth,Wed,8:30am - 3:00pm | 5:30pm - 8:00pm,,false
Clementi,GoClinic Commonwealth,Thurs,8:30am - 3:00pm,,false
Clementi,GoClinic Commonwealth,Sat,8:30am - 12:30pm,,false
Clementi,GoClinic Commonwealth,Sun,,Closed,true
Clementi,GoClinic Commonwealth,PH,,Closed,true
Clementi,Holistic Clinic & Surgery,Mon,9:00am - 9:00pm,,false
Clementi,Holistic Clinic & Surgery,Tues,9:00am - 9:00pm,,false
Clementi,Holistic Clinic & Surgery,Wed,9:00am - 9:00pm,,false
Clementi,Holistic Clinic & Surgery,Thurs,9:00am - 9:00pm,,false
Clementi,Holistic Clinic & Surgery,Fri,9:00am - 9:00pm,,false
Clementi,Holistic Clinic & Surgery,Sat,9:00am - 9:00pm,,false
Clementi,Holistic Clinic & Surgery,Sun,9:00am - 9:00pm,,false
Clementi,Holistic Clinic & Surgery,PH,9:00am - 9:00pm,,false
Clementi,My Family Clinic (Clementi),Mon,8:00am - 2:00pm | 6:00pm - 10:00pm,,false
Clementi,My Family Clinic (Clementi),Tues,8:00am - 2:00pm | 6:00pm - 10:00pm,,false
Clementi,My Family Clinic (Clementi),Wed,8:00am - 2:00pm | 6:00pm - 10:00pm,,false
Clementi,My Family Clinic (Clementi),Thurs,8:00am - 2:00pm | 6:00pm - 10:00pm,,false
Clementi,My Family Clinic (Clementi),Fri,8:00am - 2:00pm | 6:00pm - 10:00pm,,false
Clementi,My Family Clinic (Clementi),Sat,8:00am - 1:00pm,,false
Clementi,My Family Clinic (Clementi),Sun,8:00am - 1:00pm,,false
Clementi,My Family Clinic (Clementi),PH,,Closed,true
Clementi,My Family Clinic (Clementi 325),Mon,8:00am - 1:00pm | 2:00pm - 5:00pm | 6:00pm - 9:00pm,,false
Clementi,My Family Clinic (Clementi 325),Tues,8:00am - 1:00pm | 2:00pm - 5:00pm | 6:00pm - 9:00pm,,false
Clementi,My Family Clinic (Clementi 325),Wed,8:00am - 1:00pm | 2:00pm - 5:00pm | 6:00pm - 9:00pm,,false
Clementi,My Family Clinic (Clementi 325),Thurs,8:00am - 1:00pm | 2:00pm - 5:00pm | 6:00pm - 9:00pm,,false
Clementi,My Family Clinic (Clementi 325),Fri,8:00am - 1:00pm | 2:00pm - 5:00pm,,false
Clementi,My Family Clinic (Clementi 325),Sat,8:00am - 12:00pm,,false
Clementi,My Family Clinic (Clementi 325),Sun,,Closed,true
Clementi,My Family Clinic (Clementi 325),PH,,Closed,true
Clementi,Our West Coast Family Clinic,Mon,8:00am - 2:00pm | 6:00pm - 9:00pm,,false
Clementi,Our West Coast Family Clinic,Tues,8:00am - 2:00pm | 6:00pm - 9:00pm,,false
Clementi,Our West Coast Family Clinic,Wed,8:00am - 2:00pm | 6:00pm - 9:00pm,,false
Clementi,Our West Coast Family Clinic,Thurs,8:00am - 2:00pm | 6:00pm - 9:00pm,,false
Clementi,Our West Coast Family Clinic,Fri,8:00am - 2:00pm | 6:00pm - 9:00pm,,false
Clementi,Our West Coast Family Clinic,Sat,2:00pm - 6:00pm,,false
Clementi,Our West Coast Family Clinic,Sun,8:00am - 1:00pm | 6:00pm - 9:00pm,,false
Clementi,Our West Coast Family Clinic,PH,,Closed,true
Clementi,OneCare Clinic (Clementi),Mon,8:00am - 3:00pm | 6:00pm - 9:00pm,,false
Clementi,OneCare Clinic (Clementi),Tues,8:00am - 3:00pm | 6:00pm - 9:00pm,,false
Clementi,OneCare Clinic (Clementi),Wed,8:00am - 3:00pm | 6:00pm - 9:00pm,,false
Clementi,OneCare Clinic (Clementi),Thurs,8:00am - 3:00pm | 6:00pm - 9:00pm,,false
Clementi,OneCare Clinic (Clementi),Fri,8:00am - 3:00pm,,false
Clementi,OneCare Clinic (Clementi),Sat,8:00am - 12:00pm,,false
Clementi,OneCare Clinic (Clementi),Sun,8:00am - 12:00pm | 6:00pm - 9:00pm,,false
Clementi,Unity Medical Clinic,Mon,8:00am - 1:00pm | 2:00pm - 5:00pm | 6:00pm - 9:00pm,,false
Clementi,Unity Medical Clinic,Tues,8:00am - 1:00pm | 2:00pm - 5:00pm,,false
Clementi,Unity Medical Clinic,Wed,8:00am - 1:00pm,,false
Clementi,Unity Medical Clinic,Thurs,8:00am - 1:00pm | 2:00pm - 5:00pm | 6:00pm - 9:00pm,,false
Clementi,Unity Medical Clinic,Fri,8:00am - 1:00pm | 2:00pm - 5:00pm,,false
Clementi,Unity Medical Clinic,Sat,8:00am - 1:00pm,,false
Clementi,Unity Medical Clinic,Sun,8:00am - 1:00pm,,false
Clementi,Unity Medical Clinic,PH,8:00am - 1:00pm,,false
Clementi,LC Clinic Medical Surgery Aesthetics,Mon,8:30am - 7:30pm,,false
Clementi,LC Clinic Medical Surgery Aesthetics,Tues,8:30am - 7:00pm,,false
Clementi,LC Clinic Medical Surgery Aesthetics,Wed,8:30am - 5:30pm,,false
Clementi,LC Clinic Medical Surgery Aesthetics,Thurs,8:30am - 7:00pm,,false
Clementi,LC Clinic Medical Surgery Aesthetics,Sat,8:30am - 12:30pm,,false
Clementi,LC Clinic Medical Surgery Aesthetics,Sun,11:00am - 5:30pm,,false
Clementi,LC Clinic Medical Surgery Aesthetics,PH,,Closed,true
Clementi,Love & Joy Family Clinic,Mon,8:30am - 1:00pm | 5:30pm - 8:30pm,,false
Clementi,Love & Joy Family Clinic,Tues,8:30am - 1:00pm | 5:30pm - 8:30pm,,false
Clementi,Love & Joy Family Clinic,Wed,8:30am - 1:00pm | 5:30pm - 8:30pm,,false
Clementi,Love & Joy Family Clinic,Thurs,8:30am - 1:00pm | 5:30pm - 8:30pm,,false
Clementi,Love & Joy Family Clinic,Fri,8:30am - 1:00pm | 5:30pm - 8:30pm,,false
Clementi,Love & Joy Family Clinic,Sat,9:00am - 1:00pm,"subject to change for PH, call the clinic before visit",false
Clementi,Love & Joy Family Clinic,Sun,9:00am - 1:00pm,"subject to change for PH, call the clinic before visit",false
Clementi,Love & Joy Family Clinic,PH,9:00am - 1:00pm,"subject to change for PH, call the clinic before visit",false
Clementi,Raffles Medical (Clementi),Mon,8:30am - 1:00pm | 2:00pm - 5:30pm | 6:30pm - 9:30pm,,false
Clementi,Raffles Medical (Clementi),Tues,8:30am - 1:00pm | 2:00pm - 5:30pm | 6:30pm - 9:30pm,,false
Clementi,Raffles Medical (Clementi),Wed,8:30am - 1:00pm | 2:00pm - 5:30pm | 6:30pm - 9:30pm,,false
Clementi,Raffles Medical (Clementi),Thurs,8:30am - 1:00pm | 2:00pm - 5:30pm | 6:30pm - 9:30pm,,false
Clementi,Raffles Medical (Clementi),Fri,8:30am - 1:00pm | 2:00pm - 5:30pm | 6:30pm - 9:30pm,,false
Clementi,Raffles Medical (Clementi),Sat,8:30am - 1:00pm | 2:00pm - 5:30pm | 6:30pm - 9:30pm,,false
Clementi,Raffles Medical (Clementi),Sun,8:30am - 1:00pm,,false
Clementi,Raffles Medical (Clementi),PH,8:30am - 1:00pm,,false
Clementi,The Dublin Clinic,Mon,8:00am - 1:00pm | 5:00pm - 8:00pm,,false
Clementi,The Dublin Clinic,Tues,8:00am - 1:00pm | 5:00pm - 8:00pm,,false
Clementi,The Dublin Clinic,Wed,8:00am - 1:00pm | 5:00pm - 8:00pm,,false
Clementi,The Dublin Clinic,Thurs,8:00am - 1:00pm | 5:00pm - 8:00pm,,false
Clementi,The Dublin Clinic,Fri,8:00am - 1:00pm,,false
Clementi,The Dublin Clinic,Sat,10:00am - 1:00pm,,false
Clementi,The Dublin Clinic,Sun,5:00pm - 8:00pm,,false
Clementi,Yarra Medical Clinic,Mon,8:30am - 1:00pm | 2:00pm - 6:30pm,,false
Clementi,Yarra Medical Clinic,Tues,8:30am - 1:00pm | 2:00pm - 6:30pm,,false
Clementi,Yarra Medical Clinic,Wed,8:30am - 1:00pm | 2:00pm - 6:30pm,,false
Clementi,Yarra Medical Clinic,Thurs,8:30am - 1:00pm,,false
Clementi,Yarra Medical Clinic,Fri,8:30am - 1:00pm,,false
Clementi,Yarra Medical Clinic,Sat,8:30am - 12:30pm,,false
Clementi,Yarra Medical Clinic,Sun,,Closed,true
Clementi,Yarra Medical Clinic,PH,,Closed,true
Eunos,Caritas Clinic,Mon,8:30am - 4:00pm | 6:00pm - 7:30pm,,false
Eunos,Caritas Clinic,Tues,8:30am - 4:00pm | 6:00pm - 7:30pm,,false
Eunos,Caritas Clinic,Wed,8:30am - 4:00pm | 6:00pm - 7:30pm,,false
Eunos,Caritas Clinic,Thurs,8:30am - 4:00pm,,false
Eunos,Caritas Clinic,Fri,8:30am - 4:00pm,,false
Eunos,Caritas Clinic,Sat,9:30am - 12:00pm,,false
Eunos,Caritas Clinic,Sun,9:30am - 12:00pm,,false
Eunos,Caritas Clinic,PH,,Closed,true
Eunos,Prima Care Family Clinic,Mon,8:30am - 1:00pm,,false
Eunos,Prima Care Family Clinic,Tues,8:30am - 1:00pm | 2:00pm - 5:30pm | 6:00pm - 9:00pm,,false
Eunos,Prima Care Family Clinic,Wed,8:30am - 1:00pm | 2:00pm - 5:30pm | 6:00pm - 9:00pm,,false
Eunos,Prima Care Family Clinic,Thurs,8:30am - 1:00pm,,false
Eunos,Prima Care Family Clinic,Fri,2:00pm - 5:30pm,,false
Eunos,Prima Care Family Clinic,Sat,8:30am - 12:30pm,,false
Eunos,Prima Care Family Clinic,Sun,8:30am - 12:30pm,,false
Eunos,Prima Care Family Clinic,PH,,Closed,true
Eunos,Frontier Medical Associates (Ubi),Mon,8:30am - 9:00pm,,false
Eunos,Frontier Medical Associates (Ubi),Tues,8:30am - 5:30pm,,false
Eunos,Frontier Medical Associates (Ubi),Wed,8:30am - 9:00pm,,false
Eunos,Frontier Medical Associates (Ubi),Fri,8:30am - 1:00pm,,false
Eunos,Frontier Medical Associates (Ubi),Sat,8:30am - 1:00pm,,false
Eunos,Frontier Medical Associates (Ubi),Sun,,Closed,true
Eunos,Frontier Medical Associates (Ubi),PH,,Closed,true
Eunos,Lim Clinic,Mon,9:00am - 1:00pm,,false
Eunos,Lim Clinic,Tues,9:00am - 1:00pm,,false
Eunos,Lim Clinic,Wed,9:00am - 1:00pm,,false
Eunos,Lim Clinic,Thurs,2:00pm - 5:00pm,,false
Eunos,Lim Clinic,Fri,2:00pm - 5:00pm,,false
Eunos,Lim Clinic,Sat,9:00am - 12:00pm,,false
Eunos,Lim Clinic,Sun,,Closed,true
Eunos,Lim Clinic,PH,,Closed,true
Eunos,Neoh & Ong Medical Clinic,Mon,8:30am - 12:15pm | 2:00pm - 4:30pm,,false
Eunos,Neoh & Ong Medical Clinic,Tues,,Closed,true
Eunos,Neoh & Ong Medical Clinic,Wed,8:30am - 12:15pm | 2:00pm - 4:30pm,,false
Eunos,Neoh & Ong Medical Clinic,Thurs,,Closed,true
Eunos,Neoh & Ong Medical Clinic,Fri,8:30am - 12:15pm | 2:00pm - 4:30pm,,false
Eunos,Neoh & Ong Medical Clinic,Sat,8:30am - 12:15pm,,false
Eunos,Neoh & Ong Medical Clinic,Sun,,Closed,true
Eunos,Neoh & Ong Medical Clinic,PH,,Closed,true
Eunos,Saudara Clinic,Mon,8:45am - 12:00pm | 2:00pm - 6:00pm,,false
Eunos,Saudara Clinic,Tues,8:45am - 12:00pm | 2:00pm - 6:00pm,,false
Eunos,Saudara Clinic,Wed,8:45am - 12:00pm | 2:00pm - 6:00pm,,false
Eunos,Saudara Clinic,Thurs,8:45am - 12:00pm | 2:00pm - 6:00pm,,false
Eunos,Saudara Clinic,Fri,8:45am - 12:00pm | 2:00pm - 6:00pm,,false
Eunos,Saudara Clinic,Sat,9:00am - 12:00pm,,false
Eunos,Saudara Clinic,Sun,,Closed,true
Eunos,Saudara Clinic,PH,,Closed,true
Geylang,Anteh Dispensary Pte Ltd,Mon,9:00am - 12:00pm | 2:00pm - 5:00pm | 7:00pm - 11:00pm,,false
Geylang,Anteh Dispensary Pte Ltd,Tues,9:00am - 12:00pm | 2:00pm - 5:00pm | 7:00pm - 11:00pm,,false
Geylang,Anteh Dispensary Pte Ltd,Wed,9:00am - 12:00pm | 2:00pm - 5:00pm | 7:00pm - 11:00pm,,false
Geylang,Anteh Dispensary Pte Ltd,Thurs,9:00am - 12:00pm | 2:00pm - 5:00pm | 7:00pm - 11:00pm,,false
Geylang,Anteh Dispensary Pte Ltd,Fri,9:00am - 12:00pm | 2:00pm - 5:00pm | 7:00pm - 11:00pm,,false
Geylang,Anteh Dispensary Pte Ltd,Sat,9:00am - 12:00pm | 1:00pm - 6:00pm | 7:00pm - 11:00pm,,false
Geylang,Anteh Dispensary Pte Ltd,Sun,1:00pm - 6:00pm | 7:00pm - 11:00pm,,false
Geylang,Anteh Dispensary Pte Ltd,PH,1:00pm - 6:00pm | 7:00pm - 11:00pm,,false
Geylang,Bright View Clinic & Surgery,Mon,9:00am - 9:00pm,(WhatsApp,false
Geylang,Bright View Clinic & Surgery,Tues,9:00am - 9:00pm,(WhatsApp,false
Geylang,Bright View Clinic & Surgery,Wed,9:00am - 9:00pm,(WhatsApp,false
Geylang,Bright View Clinic & Surgery,Thurs,9:00am - 9:00pm,(WhatsApp,false
Geylang,Bright View Clinic & Surgery,Fri,9:00am - 9:00pm,(WhatsApp,false
Geylang,Bright View Clinic & Surgery,Sat,9:00am - 9:00pm,(WhatsApp,false
Geylang,Bright View Clinic & Surgery,Sun,9:00am - 9:00pm,(WhatsApp,false
Geylang,Bright View Clinic & Surgery,PH,9:00am - 9:00pm,Only) *Closed on Christmas & Chinese New Year Day 1,false
Geylang,C3 Family Clinic @ Aljunied Crescent,Mon,7:30am - 10:00pm,,false
Geylang,C3 Family Clinic @ Aljunied Crescent,Tues,7:30am - 2:00pm | 5:30pm - 9:00pm,,false
Geylang,C3 Family Clinic @ Aljunied Crescent,Wed,7:30am - 1:30pm | 5:30pm - 10:00pm,,false
Geylang,C3 Family Clinic @ Aljunied Crescent,Thurs,7:30am - 5:00pm,,false
Geylang,C3 Family Clinic @ Aljunied Crescent,Fri,7:30am - 1:30pm | 5:30pm - 10:00pm,,false
Geylang,C3 Family Clinic @ Aljunied Crescent,Sat,7:30am - 1:30pm,,false
Geylang,C3 Family Clinic @ Aljunied Crescent,Sun,7:30am - 3:00pm,,false
Geylang,C3 Family Clinic @ Aljunied Crescent,PH,7:30am - 1:30pm,,false
Geylang,Frontier Medical (Geylang),Mon,8:30am - 12:30pm | 1:30pm - 4:30pm | 5:30pm - 8:00pm,(WhatsApp Only),false
Geylang,Frontier Medical (Geylang),Tues,8:30am - 12:30pm | 1:30pm - 4:30pm | 5:30pm - 8:00pm,(WhatsApp Only),false
Geylang,Frontier Medical (Geylang),Wed,8:30am - 12:30pm | 1:30pm - 4:30pm,,false
Geylang,Frontier Medical (Geylang),Thurs,8:30am - 12:30pm | 1:30pm - 4:30pm,,false
Geylang,Frontier Medical (Geylang),Fri,8:30am - 12:30pm | 1:30pm - 4:30pm,,false
Geylang,Frontier Medical (Geylang),Sat,8:30am - 12:30pm,,false
Geylang,Frontier Medical (Geylang),Sun,,Closed,true
Geylang,Frontier Medical (Geylang),PH,,Closed,true
Geylang,Healthway Medical (Aljunied),Mon,8:30am - 1:00pm | 2:00pm - 4:30pm,,false
Geylang,Healthway Medical (Aljunied),Tues,8:30am - 1:00pm | 2:00pm - 4:30pm,,false
Geylang,Healthway Medical (Aljunied),Wed,8:30am - 1:00pm | 2:00pm - 4:30pm,,false
Geylang,Healthway Medical (Aljunied),Thurs,8:30am - 1:00pm | 2:00pm - 4:30pm,,false
Geylang,Healthway Medical (Aljunied),Fri,8:30am - 1:00pm | 2:00pm - 4:30pm,,false
Geylang,Healthway Medical (Aljunied),Sat,8:30am - 1:00pm,,false
Geylang,Healthway Medical (Aljunied),Sun,,Closed,true
Geylang,Healthway Medical (Aljunied),PH,,Closed,true
Geylang,Ko Family Clinic,Mon,9:00am - 1:00pm | 4:30pm - 6:30pm,,false
Geylang,Ko Family Clinic,Tues,9:00am - 1:00pm,,false
Geylang,Ko Family Clinic,Wed,9:00am - 1:00pm | 4:30pm - 6:30pm,,false
Geylang,Ko Family Clinic,Thurs,9:00am - 1:00pm,,false
Geylang,Ko Family Clinic,Fri,9:00am - 1:00pm | 4:30pm - 6:30pm,,false
Geylang,Ko Family Clinic,Sat,9:30am - 12:00pm,,false
Geylang,Ko Family Clinic,Sun,9:30am - 12:00pm,,false
Geylang,Ko Family Clinic,PH,,Closed,true
Geylang,Meridian Medical Centre @ Sims Place,Mon,8:30am - 1:00pm | 2:00pm - 5:00pm | 6:00pm - 8:30pm,,false
Geylang,Meridian Medical Centre @ Sims Place,Tues,8:30am - 1:00pm | 2:00pm - 5:00pm | 6:00pm - 8:30pm,,false
Geylang,Meridian Medical Centre @ Sims Place,Wed,8:30am - 1:00pm | 2:00pm - 5:00pm | 6:00pm - 8:30pm,,false
Geylang,Meridian Medical Centre @ Sims Place,Thurs,8:30am - 1:00pm | 2:00pm - 5:00pm | 6:00pm - 8:30pm,,false
Geylang,Meridian Medical Centre @ Sims Place,Fri,8:30am - 1:00pm | 2:00pm - 5:00pm,,false
Geylang,Meridian Medical Centre @ Sims Place,Sat,8:30am - 1:30pm,,false
Geylang,Meridian Medical Centre @ Sims Place,Sun,8:30am - 1:00pm,,false
Geylang,Meridian Medical Centre @ Sims Place,PH,,Closed,true
Geylang,Minmed Clinic (Haig Road),Mon,9:00am - 3:00pm | 6:00pm - 9:00pm,,false
Geylang,Minmed Clinic (Haig Road),Tues,9:00am - 3:00pm | 6:00pm - 9:00pm,,false
Geylang,Minmed Clinic (Haig Road),Wed,9:00am - 3:00pm | 6:00pm - 9:00pm,,false
Geylang,Minmed Clinic (Haig Road),Thurs,9:00am - 3:00pm | 6:00pm - 9:00pm,,false
Geylang,Minmed Clinic (Haig Road),Fri,9:00am - 3:00pm,,false
Geylang,Minmed Clinic (Haig Road),Sat,9:00am - 1:00pm,,false
Geylang,Minmed Clinic (Haig Road),Sun,6:00pm - 9:00pm,,false
Geylang,Minmed Clinic (Haig Road),PH,,Closed,true
Geylang,Minmed Clinic (Paya Lebar),Mon,9:00am - 1:00pm | 2:00pm - 5:00pm,,false
Geylang,Minmed Clinic (Paya Lebar),Tues,9:00am - 1:00pm | 2:00pm - 5:00pm,,false
Geylang,Minmed Clinic (Paya Lebar),Wed,9:00am - 1:00pm | 2:00pm - 5:00pm,,false
Geylang,Minmed Clinic (Paya Lebar),Thurs,9:00am - 1:00pm | 2:00pm - 5:00pm,,false
Geylang,Minmed Clinic (Paya Lebar),Fri,9:00am - 1:00pm | 2:00pm - 5:00pm,,false
Geylang,Minmed Clinic (Paya Lebar),Sat,9:00am - 1:00pm,,false
Geylang,Minmed Clinic (Paya Lebar),Sun,,Closed,true
Geylang,Minmed Clinic (Paya Lebar),PH,,Closed,true
Geylang,OneCare Clinic (Aljunied MRT),Mon,8:00am - 2:00pm | 5:00pm - 9:00pm,,false
Geylang,OneCare Clinic (Aljunied MRT),Tues,8:00am - 2:00pm | 5:00pm - 9:00pm,,false
Geylang,OneCare Clinic (Aljunied MRT),Wed,8:00am - 2:00pm | 5:00pm - 9:00pm,,false
Geylang,OneCare Clinic (Aljunied MRT),Thurs,8:00am - 2:00pm | 5:00pm - 9:00pm,,false
Geylang,OneCare Clinic (Aljunied MRT),Fri,8:00am - 2:00pm | 5:00pm - 9:00pm,,false
Geylang,OneCare Clinic (Aljunied MRT),Sat,8:00am - 12:00pm,,false
Geylang,OneCare Clinic (Aljunied MRT),Sun,6:00pm - 9:00pm,,false
Geylang,OneCare Clinic (Aljunied MRT),PH,,To call the clinic to confirm,false
Geylang,Sims Drive Medical Clinic,Mon,8:30am - 12:30pm | 2:00pm - 4:30pm | 7:00pm - 9:00pm,,false
Geylang,Sims Drive Medical Clinic,Tues,8:30am - 12:30pm | 2:00pm - 4:30pm | 7:00pm - 9:00pm,,false
Geylang,Sims Drive Medical Clinic,Wed,8:30am - 12:30pm | 2:00pm - 4:30pm | 7:00pm - 9:00pm,,false
Geylang,Sims Drive Medical Clinic,Thurs,8:30am - 12:30pm | 2:00pm - 4:30pm | 7:00pm - 9:00pm,,false
Geylang,Sims Drive Medical Clinic,Fri,8:30am - 12:30pm | 2:00pm - 4:30pm | 7:00pm - 9:00pm,,false
Geylang,Sims Drive Medical Clinic,Sat,8:30am - 12:30pm | 7:00pm - 9:00pm,,false
Geylang,Sims Drive Medical Clinic,Sun,8:30am - 12:30pm,,false
Geylang,Sims Drive Medical Clinic,PH,,Closed,true
Geylang,Sims Family Clinic,Mon,8:30am - 1:30pm | 6:00pm - 9:00pm,,false
Geylang,Sims Family Clinic,Tues,8:30am - 1:30pm | 6:00pm - 9:00pm,,false
Geylang,Sims Family Clinic,Wed,8:30am - 1:30pm | 6:00pm - 9:00pm,,false
Geylang,Sims Family Clinic,Thurs,8:30am - 1:30pm | 6:00pm - 9:00pm,,false
Geylang,Sims Family Clinic,Fri,8:30am - 1:30pm,,false
Geylang,Sims Family Clinic,Sat,8:30am - 12:30pm,,false
Geylang,Sims Family Clinic,Sun,8:30am - 12:30pm,,false
Geylang,Sims Family Clinic,PH,,Closed,true
Geylang,Tembusu Medical Clinic (Haig Road),Mon,8:30am - 2:00pm | 3:00pm - 5:00pm | 6:00pm - 9:00pm,,false
Geylang,Tembusu Medical Clinic (Haig Road),Tues,8:30am - 2:00pm | 6:00pm - 9:00pm,,false
Geylang,Tembusu Medical Clinic (Haig Road),Wed,8:30am - 2:00pm | 3:00pm - 5:00pm | 6:00pm - 9:00pm,,false
Geylang,Tembusu Medical Clinic (Haig Road),Thurs,8:30am - 2:00pm | 6:00pm - 9:00pm,,false
Geylang,Tembusu Medical Clinic (Haig Road),Fri,8:30am - 2:00pm,,false
Geylang,Tembusu Medical Clinic (Haig Road),Sat,8:30am - 1:00pm,,false
Geylang,Tembusu Medical Clinic (Haig Road),Sun,8:30am - 1:00pm,,false
Geylang,Tembusu Medical Clinic (Haig Road),PH,,Closed,true
Geylang,1 Aljunied Medical,Mon,8:00am - 2:00pm | 6:00am - 9:00pm,,false
Geylang,1 Aljunied Medical,Tues,8:00am - 2:00pm | 6:00am - 9:00pm,,false
Geylang,1 Aljunied Medical,Wed,8:00am - 2:00pm | 6:00am - 9:00pm,,false
Geylang,1 Aljunied Medical,Thurs,8:00am - 2:00pm | 6:00am - 9:00pm,,false
Geylang,1 Aljunied Medical,Fri,8:00am - 2:00pm | 6:00am - 9:00pm,,false
Geylang,1 Aljunied Medical,Sat,,Closed,true
Geylang,1 Aljunied Medical,Sun,8:00am - 2:00pm,,false
Geylang,1 Aljunied Medical,PH,,Closed,true
Geylang,57 Medical Clinic (Geylang Bahru),Mon,8:00am - 1:00pm,,false
Geylang,57 Medical Clinic (Geylang Bahru),Tues,8:00am - 1:00pm,,false
Geylang,57 Medical Clinic (Geylang Bahru),Wed,8:00am - 1:00pm,,false
Geylang,57 Medical Clinic (Geylang Bahru),Thurs,6:00pm - 9:00pm,,false
Geylang,57 Medical Clinic (Geylang Bahru),Fri,8:00am - 1:00pm,,false
Geylang,57 Medical Clinic (Geylang Bahru),Sat,8:00am - 1:00pm,,false
Geylang,57 Medical Clinic (Geylang Bahru),Sun,9:00am - 12:00pm,,false
Geylang,57 Medical Clinic (Geylang Bahru),PH,9:00am - 12:00pm,,false
Holland Village,Beacon Medical Clinic Jelita,Mon,9:00am - 1:00pm,,false
Holland Village,Beacon Medical Clinic Jelita,Tues,9:00am - 1:00pm,,false
Holland Village,Beacon Medical Clinic Jelita,Wed,9:00am - 1:00pm | 2:00pm - 5:00pm,,false
Holland Village,Beacon Medical Clinic Jelita,Thurs,2:00pm - 5:00pm | 6:00pm - 9:00pm,,false
Holland Village,Beacon Medical Clinic Jelita,Fri,9:00am - 1:00pm | 2:00pm - 5:00pm,,false
Holland Village,Beacon Medical Clinic Jelita,Sat,9:00am - 1:00pm,,false
Holland Village,Beacon Medical Clinic Jelita,Sun,,Closed,true
Holland Village,Beacon Medical Clinic Jelita,PH,,Closed,true
Holland Village,International Medical Clinic (Holland Village),Mon,8:00am - 5:30pm,,false
Holland Village,International Medical Clinic (Holland Village),Tues,8:00am - 5:30pm,,false
Holland Village,International Medical Clinic (Holland Village),Wed,8:00am - 5:30pm,,false
Holland Village,International Medical Clinic (Holland Village),Thurs,8:00am - 5:30pm,,false
Holland Village,International Medical Clinic (Holland Village),Fri,9:00am - 5:30pm,,false
Holland Village,International Medical Clinic (Holland Village),Sat,9:00am - 1:00pm,,false
Holland Village,International Medical Clinic (Holland Village),Sun,,Closed,true
Holland Village,International Medical Clinic (Holland Village),PH,,Closed,true
Holland Village,Minmed Clinic (Holland Village),Mon,9:00am - 9:30pm | 1:00pm - 2:00pm | 5:00pm - 6:00pm,"(Closed at , )",false
Holland Village,Minmed Clinic (Holland Village),Tues,9:00am - 9:30pm | 1:00pm - 2:00pm | 5:00pm - 6:00pm,"(Closed at , )",false
Holland Village,Minmed Clinic (Holland Village),Wed,9:00am - 9:30pm | 1:00pm - 2:00pm | 5:00pm - 6:00pm,"(Closed at , )",false
Holland Village,Minmed Clinic (Holland Village),Thurs,9:00am - 9:30pm | 1:00pm - 2:00pm | 5:00pm - 6:00pm,"(Closed at , )",false
Holland Village,Minmed Clinic (Holland Village),Fri,9:00am - 9:30pm | 1:00pm - 2:00pm | 5:00pm - 6:00pm,"(Closed at , )",false
Holland Village,Minmed Clinic (Holland Village),Sat,9:00am - 1:00pm,,false
Holland Village,Minmed Clinic (Holland Village),Sun,9:00am - 1:00pm,,false
Holland Village,Minmed Clinic (Holland Village),PH,,Closed,true
Holland Village,OneDoctors Family Clinic (HV),Mon,9:00am - 9:00pm,,false
Holland Village,OneDoctors Family Clinic (HV),Tues,9:00am - 9:00pm,,false
Holland Village,OneDoctors Family Clinic (HV),Wed,9:00am - 9:00pm,,false
Holland Village,OneDoctors Family Clinic (HV),Thurs,9:00am - 9:00pm,,false
Holland Village,OneDoctors Family Clinic (HV),Fri,9:00am - 9:00pm,,false
Holland Village,OneDoctors Family Clinic (HV),Sat,9:00am - 6:00pm,,false
Holland Village,OneDoctors Family Clinic (HV),Sun,9:00am - 6:00pm,,false
Holland Village,OneDoctors Family Clinic (HV),PH,9:00am - 6:00pm,"(on selected PH, to contact clinic)",false
Holland Village,Raffles Medical Group (HV),Mon,8:30am - 9:30pm,,false
Holland Village,Raffles Medical Group (HV),Tues,8:30am - 9:30pm,,false
Holland Village,Raffles Medical Group (HV),Wed,8:30am - 9:30pm,,false
Holland Village,Raffles Medical Group (HV),Thurs,8:30am - 9:30pm,,false
Holland Village,Raffles Medical Group (HV),Fri,8:30am - 9:30pm,,false
Holland Village,Raffles Medical Group (HV),Sat,8:30am - 1:00pm | 2:00pm - 5:30pm | 6:30pm - 9:30pm,,false
Holland Village,Raffles Medical Group (HV),Sun,8:30am - 1:00pm | 2:00pm - 5:30pm | 6:30pm - 9:30pm,,false
Holland Village,Raffles Medical Group (HV),PH,8:30am - 1:00pm | 2:00pm - 5:30pm | 6:30pm - 9:30pm,,false
Holland Village,Silver Cross Medical (Holland),Mon,8:00am - 9:00pm,,false
Holland Village,Silver Cross Medical (Holland),Tues,8:00am - 9:00pm,,false
Holland Village,Silver Cross Medical (Holland),Wed,8:00am - 9:00pm,,false
Holland Village,Silver Cross Medical (Holland),Thurs,8:00am - 9:00pm,,false
Holland Village,Silver Cross Medical (Holland),Fri,8:00am - 9:00pm,,false
Holland Village,Silver Cross Medical (Holland),Sat,8:00am - 9:00pm,,false
Holland Village,Silver Cross Medical (Holland),Sun,8:00am - 9:00pm,,false
Holland Village,Silver Cross Medical (Holland),PH,8:00am - 9:00pm,,false
Holland Village,Yap Medicare Clinic & Surgery,Mon,8:30am - 11:30am | 2:00pm - 3:30pm,,false
Holland Village,Yap Medicare Clinic & Surgery,Tues,8:30am - 11:30am | 2:00pm - 3:30pm,,false
Holland Village,Yap Medicare Clinic & Surgery,Wed,8:30am - 11:30am | 2:00pm - 3:30pm,,false
Holland Village,Yap Medicare Clinic & Surgery,Thurs,8:30am - 11:30am | 2:00pm - 3:30pm,,false
Holland Village,Yap Medicare Clinic & Surgery,Fri,8:30am - 11:30am | 2:00pm - 3:30pm,,false
Holland Village,Yap Medicare Clinic & Surgery,Sat,8:30am - 11:30am,,false
Holland Village,Yap Medicare Clinic & Surgery,Sun,8:30am - 11:30am,,false
Holland Village,Yap Medicare Clinic & Surgery,PH,,Closed,true
Hougang,Dedicare Medical Practice & Surgery,Mon,9:00am - 12:30pm | 5:30pm - 8:00pm,,false
Hougang,Dedicare Medical Practice & Surgery,Tues,5:30pm - 8:00pm,,false
Hougang,Dedicare Medical Practice & Surgery,Wed,5:30pm - 8:00pm,,false
Hougang,Dedicare Medical Practice & Surgery,Thurs,9:00am - 12:30pm | 5:30pm - 8:00pm,,false
Hougang,Dedicare Medical Practice & Surgery,Fri,9:00am - 12:30pm,,false
Hougang,Dedicare Medical Practice & Surgery,Sat,2:00pm - 5:00pm,,false
Hougang,Dedicare Medical Practice & Surgery,Sun,,Closed,true
Hougang,Dedicare Medical Practice & Surgery,PH,,Closed,true
Hougang,EH Medical Family Clinic (Hougang),Mon,8:30am - 2:00pm | 5:00pm - 9:00pm,,false
Hougang,EH Medical Family Clinic (Hougang),Tues,8:30am - 2:00pm,,false
Hougang,EH Medical Family Clinic (Hougang),Wed,8:30am - 2:00pm,,false
Hougang,EH Medical Family Clinic (Hougang),Thurs,8:30am - 2:00pm,,false
Hougang,EH Medical Family Clinic (Hougang),Fri,8:30am - 2:00pm,,false
Hougang,EH Medical Family Clinic (Hougang),Sat,8:30am - 12:30pm,,false
Hougang,EH Medical Family Clinic (Hougang),Sun,,Closed,true
Hougang,EH Medical Family Clinic (Hougang),PH,,Closed,true
Hougang,Elissa Medical Clinic,Mon,8:30am - 1:00pm | 2:00pm - 5:00pm | 6:00pm - 9:00pm,,false
Hougang,Elissa Medical Clinic,Tues,8:30am - 1:00pm | 2:00pm - 5:00pm | 6:00pm - 9:00pm,,false
Hougang,Elissa Medical Clinic,Wed,8:30am - 1:00pm | 2:00pm - 5:00pm | 6:00pm - 9:00pm,,false
Hougang,Elissa Medical Clinic,Thurs,8:30am - 1:00pm | 2:00pm - 5:00pm | 6:00pm - 9:00pm,,false
Hougang,Elissa Medical Clinic,Fri,8:30am - 1:00pm | 2:00pm - 5:00pm | 6:00pm - 9:00pm,,false
Hougang,Elissa Medical Clinic,Sat,8:30am - 1:00pm | 2:00pm - 5:00pm | 6:00pm - 9:00pm,,false
Hougang,Elissa Medical Clinic,Sun,8:30am - 1:00pm | 2:00pm - 5:00pm | 6:00pm - 9:00pm,,false
Hougang,Elissa Medical Clinic,PH,8:30am - 1:00pm | 2:00pm - 5:00pm | 6:00pm - 9:00pm,,false
Hougang,Everhealth Medical Centre,Mon,9:00am - 12:30pm | 2:00pm - 4:30pm | 6:00pm - 8:00pm,,false
Hougang,Everhealth Medical Centre,Tues,9:00am - 12:30pm | 2:00pm - 4:30pm | 6:00pm - 8:00pm,,false
Hougang,Everhealth Medical Centre,Wed,9:00am - 12:30pm,,false
Hougang,Everhealth Medical Centre,Thurs,9:00am - 12:30pm | 6:00pm - 8:00pm,,false
Hougang,Everhealth Medical Centre,Fri,9:00am - 12:30pm,,false
Hougang,Everhealth Medical Centre,Sat,9:00am - 12:00pm,,false
Hougang,Everhealth Medical Centre,Sun,,Closed,true
Hougang,Everhealth Medical Centre,PH,,Closed,true
Hougang,Excel Family Clinic,Mon,9:00am - 11:30am,,false
Hougang,Excel Family Clinic,Tues,9:00am - 11:30am,,false
Hougang,Excel Family Clinic,Wed,,Closed,true
Hougang,Excel Family Clinic,Thurs,2:00pm - 3:30pm,,false
Hougang,Excel Family Clinic,Fri,2:00pm - 3:30pm,,false
Hougang,Excel Family Clinic,Sat,,9:00am - 11:3apm,false
Hougang,Excel Family Clinic,Sun,,Closed,true
Hougang,Excel Family Clinic,PH,,Closed,true
Hougang,Family Care Medical Centre,Mon,8:30am - 12:30pm,,false
Hougang,Family Care Medical Centre,Tues,8:30am - 12:30pm,,false
Hougang,Family Care Medical Centre,Wed,8:30am - 12:30pm,,false
Hougang,Family Care Medical Centre,Thurs,2:30pm - 4:30pm,,false
Hougang,Family Care Medical Centre,Fri,2:30pm - 4:30pm,,false
Hougang,Family Care Medical Centre,Sat,8:30am - 12:30pm,,false
Hougang,Family Care Medical Centre,Sun,,Closed,true
Hougang,Family Care Medical Centre,PH,,Closed,true
Hougang,iDoc Clinic Pte Ltd (Hougang Green),Mon,8:30am - 12:00pm,,false
Hougang,iDoc Clinic Pte Ltd (Hougang Green),Tues,8:30am - 12:00pm,,false
Hougang,iDoc Clinic Pte Ltd (Hougang Green),Wed,8:30am - 12:00pm | 1:00pm - 5:00pm | 6:30pm - 9:00pm,,false
Hougang,iDoc Clinic Pte Ltd (Hougang Green),Thurs,1:00pm - 5:00pm,,false
Hougang,iDoc Clinic Pte Ltd (Hougang Green),Fri,1:00pm - 5:00pm,,false
Hougang,iDoc Clinic Pte Ltd (Hougang Green),Sat,,Closed,true
Hougang,iDoc Clinic Pte Ltd (Hougang Green),Sun,,Closed,true
Hougang,iDoc Clinic Pte Ltd (Hougang Green),PH,,Closed,true
Hougang,Intemedical Kovan,Mon,8:00am - 10:00pm,,false
Hougang,Intemedical Kovan,Tues,8:00am - 10:00pm,,false
Hougang,Intemedical Kovan,Wed,8:00am - 10:00pm,,false
Hougang,Intemedical Kovan,Thurs,8:00am - 10:00pm,,false
Hougang,Intemedical Kovan,Fri,8:00am - 10:00pm,,false
Hougang,Intemedical Kovan,Sat,8:00am - 10:00pm,,false
Hougang,Intemedical Kovan,Sun,8:00am - 10:00pm,,false
Hougang,Kindred Family Clinic (Hougang),Mon,8:30am - 12:30pm,,false
Hougang,Kindred Family Clinic (Hougang),Tues,8:30am - 12:30pm,,false
Hougang,Kindred Family Clinic (Hougang),Wed,8:30am - 12:30pm | 2:00pm - 5:00pm,,false
Hougang,Kindred Family Clinic (Hougang),Thurs,2:00pm - 5:00pm | 6:00pm - 9:00pm,,false
Hougang,Kindred Family Clinic (Hougang),Fri,8:30am - 12:30pm | 2:00pm - 5:00pm,,false
Hougang,Kindred Family Clinic (Hougang),Sat,8:30am - 12:30pm,,false
Hougang,Kindred Family Clinic (Hougang),Sun,,Closed,true
Hougang,Kindred Family Clinic (Hougang),PH,,Closed,true
Hougang,Kindred Family Clinic (Kovan),Mon,8:30am - 1:00pm | 2:00pm - 5:00pm | 6:00pm - 9:00pm,,false
Hougang,Kindred Family Clinic (Kovan),Tues,8:30am - 1:00pm | 2:00pm - 5:00pm | 6:00pm - 9:00pm,,false
Hougang,Kindred Family Clinic (Kovan),Wed,8:30am - 1:00pm | 2:00pm - 5:00pm | 6:00pm - 9:00pm,,false
Hougang,Kindred Family Clinic (Kovan),Thurs,8:30am - 1:00pm | 2:00pm - 5:00pm | 6:00pm - 9:00pm,,false
Hougang,Kindred Family Clinic (Kovan),Fri,8:30am - 1:00pm | 2:00pm - 5:00pm | 6:00pm - 9:00pm,,false
Hougang,Kindred Family Clinic (Kovan),Sat,8:30am - 1:00pm,,false
Hougang,Kindred Family Clinic (Kovan),Sun,8:30am - 1:00pm,,false
Hougang,Kindred Family Clinic (Kovan),PH,8:30am - 1:00pm,,false
Hougang,Mediversal Clinic,Mon,9:00am - 9:00pm,,false
Hougang,Mediversal Clinic,Tues,9:00am - 1:00pm | 6:00pm - 9:00pm,,false
Hougang,Mediversal Clinic,Wed,9:00am - 1:00pm | 6:00pm - 9:00pm,,false
Hougang,Mediversal Clinic,Thurs,9:00am - 1:00pm | 6:00pm - 9:00pm,,false
Hougang,Mediversal Clinic,Fri,9:00am - 1:00pm | 6:00pm - 9:00pm,,false
Hougang,Mediversal Clinic,Sat,9:00am - 1:00pm,,false
Hougang,Mediversal Clinic,Sun,9:00am - 12:00pm,,false
Hougang,Mediversal Clinic,PH,9:00am - 1:00pm,,false
Hougang,Parkway Shenton Medical Group (Kovan),Mon,9:00am - 1:00pm | 2:00pm - 6:00pm,,false
Hougang,Parkway Shenton Medical Group (Kovan),Tues,9:00am - 1:00pm | 2:00pm - 6:00pm,,false
Hougang,Parkway Shenton Medical Group (Kovan),Wed,9:00am - 1:00pm | 2:00pm - 6:00pm,,false
Hougang,Parkway Shenton Medical Group (Kovan),Thurs,9:00am - 1:00pm | 2:00pm - 6:00pm,,false
Hougang,Parkway Shenton Medical Group (Kovan),Fri,9:00am - 1:00pm | 2:00pm - 6:00pm,,false
Hougang,Parkway Shenton Medical Group (Kovan),Sat,9:00am - 1:00pm,,false
Hougang,Parkway Shenton Medical Group (Kovan),Sun,,Closed,true
Hougang,Parkway Shenton Medical Group (Kovan),PH,,Closed,true
Hougang,Pano Family Clinic,Mon,8:00am - 9:00pm,(WhatsApp,false
Hougang,Pano Family Clinic,Tues,8:00am - 9:00pm,(WhatsApp,false
Hougang,Pano Family Clinic,Wed,8:00am - 9:00pm,(WhatsApp,false
Hougang,Pano Family Clinic,Thurs,8:00am - 9:00pm,(WhatsApp,false
Hougang,Pano Family Clinic,Fri,8:00am - 9:00pm,(WhatsApp,false
Hougang,Pano Family Clinic,Sat,8:00am - 9:00pm,(WhatsApp,false
Hougang,Pano Family Clinic,Sun,,Closed,true
Hougang,Lo & Lee Clinic & Surgery,Mon,8:30am - 4:00pm,,false
Hougang,Lo & Lee Clinic & Surgery,Tues,8:30am - 4:00pm,,false
Hougang,Lo & Lee Clinic & Surgery,Wed,8:30am - 4:00pm,,false
Hougang,Lo & Lee Clinic & Surgery,Thurs,8:30am - 4:00pm,,false
Hougang,Lo & Lee Clinic & Surgery,Fri,8:30am - 4:00pm,,false
Hougang,Lo & Lee Clinic & Surgery,Sat,8:30am - 12:30pm,,false
Hougang,Lo & Lee Clinic & Surgery,Sun,8:30am - 12:30pm,,false
Hougang,Lo & Lee Clinic & Surgery,PH,,Closed,true
Hougang,Meyer Family Clinic,Mon,8:30am - 2:00pm | 5:00pm - 9:00pm,,false
Hougang,Meyer Family Clinic,Tues,8:30am - 2:00pm | 5:00pm - 9:00pm,,false
Hougang,Meyer Family Clinic,Wed,8:30am - 2:00pm | 5:00pm - 9:00pm,,false
Hougang,Meyer Family Clinic,Thurs,8:30am - 2:00pm | 5:00pm - 9:00pm,,false
Hougang,Meyer Family Clinic,Fri,8:30am - 2:00pm | 5:00pm - 9:00pm,,false
Hougang,Meyer Family Clinic,Sat,9:00am - 2:00pm | 4:00pm - 9:00pm,,false
Hougang,Meyer Family Clinic,Sun,9:00am - 2:00pm | 4:00pm - 9:00pm,,false
Hougang,Meyer Family Clinic,PH,9:00am - 2:00pm | 4:00pm - 9:00pm,,false
Hougang,Norwood Medical (Hougang),Mon,8:00am - 2:00pm,,false
Hougang,Norwood Medical (Hougang),Tues,8:00am - 5:00pm,,false
Hougang,Norwood Medical (Hougang),Wed,8:00am - 2:00pm,,false
Hougang,Norwood Medical (Hougang),Thurs,8:00am - 5:00pm,,false
Hougang,Norwood Medical (Hougang),Fri,6:00pm - 7:30pm,,false
Hougang,Norwood Medical (Hougang),Sat,8:00am - 1:00pm,,false
Hougang,Norwood Medical (Hougang),Sun,2:00pm - 6:00pm,,false
Hougang,Norwood Medical (Hougang),PH,9:00am - 1:00pm,,false
Hougang,Pancare Medical Clinic (Hougang),Mon,8:00am - 1:00pm | 2:00pm - 5:00pm | 6:00pm - 9:00pm,,false
Hougang,Pancare Medical Clinic (Hougang),Tues,8:00am - 1:00pm,,false
Hougang,Pancare Medical Clinic (Hougang),Wed,8:00am - 1:00pm | 2:00pm - 5:00pm | 6:00pm - 9:00pm,,false
Hougang,Pancare Medical Clinic (Hougang),Thurs,8:00am - 1:00pm,,false
Hougang,Pancare Medical Clinic (Hougang),Fri,2:00pm - 5:00pm,,false
Hougang,Pancare Medical Clinic (Hougang),Sat,8:00am - 1:00pm,,false
Hougang,Pancare Medical Clinic (Hougang),Sun,2:00pm - 8:00pm,,false
Hougang,Pancare Medical Clinic (Hougang),PH,8:00am - 1:00pm,,false
Hougang,PanCare Family Clinic (Lor Ah Soo),Mon,8:00am - 1:00pm | 2:00pm - 5:00pm | 6:00pm - 9:00pm,,false
Hougang,PanCare Family Clinic (Lor Ah Soo),Tues,8:00am - 1:00pm | 2:00pm - 5:00pm,,false
Hougang,PanCare Family Clinic (Lor Ah Soo),Wed,8:00am - 1:00pm | 2:00pm - 5:00pm | 6:00pm - 9:00pm,,false
Hougang,PanCare Family Clinic (Lor Ah Soo),Thurs,8:00am - 1:00pm,,false
Hougang,PanCare Family Clinic (Lor Ah Soo),Fri,8:00am - 1:00pm | 2:00pm - 5:00pm,,false
Hougang,PanCare Family Clinic (Lor Ah Soo),Sat,8:00am - 1:00pm,,false
Hougang,PanCare Family Clinic (Lor Ah Soo),Sun,,Closed,true
Hougang,PanCare Family Clinic (Lor Ah Soo),PH,,Closed,true
Hougang,Panhealth Family Clinic (Hougang),Mon,8:30am - 1:00pm | 5:00pm - 9:30pm,,false
Hougang,Panhealth Family Clinic (Hougang),Tues,8:30am - 1:00pm | 5:00pm - 9:30pm,,false
Hougang,Panhealth Family Clinic (Hougang),Wed,8:30am - 1:00pm | 5:00pm - 9:30pm,,false
Hougang,Panhealth Family Clinic (Hougang),Thurs,8:30am - 1:00pm | 5:00pm - 9:30pm,,false
Hougang,Panhealth Family Clinic (Hougang),Fri,8:30am - 1:00pm,,false
Hougang,Panhealth Family Clinic (Hougang),Sat,8:30am - 1:00pm,,false
Hougang,Panhealth Family Clinic (Hougang),Sun,,Closed,true
Hougang,Panhealth Family Clinic (Hougang),PH,,Closed,true
Hougang,Pinnacle Family Clinic (Hougang),Mon,8:00am - 12:30pm | 2:00pm - 5:00pm,,false
Hougang,Pinnacle Family Clinic (Hougang),Tues,8:00am - 12:30pm | 2:00pm - 4:30pm,,false
Hougang,Pinnacle Family Clinic (Hougang),Wed,8:00am - 12:30pm | 2:00pm - 4:30pm,,false
Hougang,Pinnacle Family Clinic (Hougang),Thurs,8:00am - 12:30pm | 2:00pm - 4:30pm,,false
Hougang,Pinnacle Family Clinic (Hougang),Fri,8:00am - 1:00pm | 2:00pm - 4:00pm,,false
Hougang,Pinnacle Family Clinic (Hougang),Sat,9:00am - 1:00pm,,false
Hougang,Pinnacle Family Clinic (Hougang),Sun,,Closed,true
Hougang,Pinnacle Family Clinic (Hougang),PH,,Closed,true
Hougang,Prestige Family Clinic,Mon,9:00am - 1:30pm | 6:00pm - 9:00pm,,false
Hougang,Prestige Family Clinic,Tues,9:00am - 1:30pm | 6:00pm - 9:00pm,,false
Hougang,Prestige Family Clinic,Wed,9:00am - 1:30pm | 6:00pm - 9:00pm,,false
Hougang,Prestige Family Clinic,Thurs,9:00am - 1:30pm | 6:00pm - 9:00pm,,false
Hougang,Prestige Family Clinic,Fri,9:00am - 1:30pm,,false
Hougang,Prestige Family Clinic,Sat,9:00am - 1:30pm,,false
Hougang,Prestige Family Clinic,Sun,,Closed,true
Hougang,Prestige Family Clinic,PH,,Closed,true
Jurong East,EJ Tan Clinic & Surgery,Mon,8:30am - 12:30pm | 2:00pm - 4:00pm | 7:00pm - 9:30pm,,false
Jurong East,EJ Tan Clinic & Surgery,Tues,8:30am - 12:30pm | 2:00pm - 4:00pm | 7:00pm - 9:30pm,,false
Jurong East,EJ Tan Clinic & Surgery,Wed,8:30am - 12:30pm | 2:00pm - 4:00pm | 7:00pm - 9:30pm,,false
Jurong East,EJ Tan Clinic & Surgery,Thurs,8:30am - 12:30pm | 2:00pm - 4:00pm | 7:00pm - 9:30pm,,false
Jurong East,EJ Tan Clinic & Surgery,Fri,8:30am - 12:30pm | 2:00pm - 4:00pm | 7:00pm - 9:30pm,,false
Jurong East,EJ Tan Clinic & Surgery,Sat,8:30am - 12:30pm | 7:00pm - 9:00pm,,false
Jurong East,EJ Tan Clinic & Surgery,Sun,7:00pm - 9:00pm,,false
Jurong East,EJ Tan Clinic & Surgery,PH,,Closed,true
Jurong East,Healthveer Medical Clinic (Jurong East),Sat,,Closed,true
Jurong East,Healthveer Medical Clinic (Jurong East),Sun,5:30am - 10:00pm,,false
Jurong East,Healthveer Medical Clinic (Jurong East),PH,,Closed,true
Jurong East,Mary Medical Clinic and Surgery,Mon,9:00am - 9:00pm,,false
Jurong East,Mary Medical Clinic and Surgery,Tues,9:00am - 5:00pm,,false
Jurong East,Mary Medical Clinic and Surgery,Wed,9:00am - 1:00pm | 5:30pm - 9:00pm,,false
Jurong East,Mary Medical Clinic and Surgery,Thurs,9:00am - 9:00pm,,false
Jurong East,Mary Medical Clinic and Surgery,Fri,9:00am - 1:00pm,,false
Jurong East,Mary Medical Clinic and Surgery,Sat,9:00am - 1:00pm,,false
Jurong East,Mary Medical Clinic and Surgery,Sun,9:00am - 1:00pm,,false
Jurong East,Mary Medical Clinic and Surgery,PH,,Closed,true
Jurong East,Medico Clinic and Surgery,Mon,9:00am - 1:00pm | 2:00pm - 4:30pm,,false
Jurong East,Medico Clinic and Surgery,Tues,9:00am - 1:00pm | 2:00pm - 4:30pm,,false
Jurong East,Medico Clinic and Surgery,Wed,9:00am - 1:00pm | 2:00pm - 4:30pm,,false
Jurong East,Medico Clinic and Surgery,Thurs,9:00am - 1:00pm | 2:00pm - 4:30pm,,false
Jurong East,Medico Clinic and Surgery,Fri,9:00am - 1:00pm | 2:00pm - 4:30pm,,false
Jurong East,Medico Clinic and Surgery,Sat,9:00am - 1:00pm,,false
Jurong East,Medico Clinic and Surgery,Sun,,Closed,true
Jurong East,Medico Clinic and Surgery,PH,,Closed,true
Jurong East,OneCare Clinic (Jurong East),Mon,8:00am - 3:00pm | 5:30pm - 9:00pm,,false
Jurong East,OneCare Clinic (Jurong East),Tues,8:00am - 3:00pm | 5:30pm - 9:00pm,,false
Jurong East,OneCare Clinic (Jurong East),Wed,8:00am - 3:00pm | 5:30pm - 9:00pm,,false
Jurong East,OneCare Clinic (Jurong East),Thurs,8:00am - 3:00pm | 5:30pm - 9:00pm,,false
Jurong East,OneCare Clinic (Jurong East),Fri,8:00am - 3:00pm | 5:30pm - 9:00pm,,false
Jurong East,OneCare Clinic (Jurong East),Sat,8:30am - 12:30pm,,false
Jurong East,OneCare Clinic (Jurong East),Sun,8:30am - 12:30pm,,false
Jurong East,OneCare Clinic (Jurong East),PH,,Check with clinic website for latest updates for clinic's special opening hours on PH,false
Jurong East,Pancare Medical Clinic (Jurong East),Mon,8:00am - 9:00pm,,false
Jurong East,Pancare Medical Clinic (Jurong East),Tues,8:00am - 1:00pm,& Sat:,false
Jurong East,Pancare Medical Clinic (Jurong East),Wed,8:00am - 1:00pm,& Sat:,false
Jurong East,Pancare Medical Clinic (Jurong East),Thurs,8:00am - 9:00pm,,false
Jurong East,Pancare Medical Clinic (Jurong East),Fri,8:00am - 1:00pm,& Sat:,false
Jurong East,Pancare Medical Clinic (Jurong East),Sun,2:00pm - 5:00pm,,false
Jurong East,Pancare Medical Clinic (Jurong East),PH,8:00am - 1:00pm,,false
Jurong East,Sata CommonHealth Medical Centre (Jurong),Mon,8:30am - 12:30pm | 1:30pm - 5:00pm,(Closed for lunch: 12:30pm 1:30pm),false
Jurong East,Sata CommonHealth Medical Centre (Jurong),Tues,8:30am - 12:30pm | 1:30pm - 5:00pm,(Closed for lunch: 12:30pm 1:30pm),false
Jurong East,Sata CommonHealth Medical Centre (Jurong),Wed,8:30am - 12:30pm | 1:30pm - 5:00pm,(Closed for lunch: 12:30pm 1:30pm),false
Jurong East,Sata CommonHealth Medical Centre (Jurong),Thurs,8:30am - 12:30pm | 1:30pm - 5:00pm,(Closed for lunch: 12:30pm 1:30pm),false
Jurong East,Sata CommonHealth Medical Centre (Jurong),Fri,8:30am - 12:30pm | 1:30pm - 5:00pm,(Closed for lunch: 12:30pm 1:30pm),false
Jurong East,Sata CommonHealth Medical Centre (Jurong),Sat,8:30am - 1:00pm,,false
Jurong East,Sata CommonHealth Medical Centre (Jurong),Sun,,Closed,true
Jurong East,Sata CommonHealth Medical Centre (Jurong),PH,,Closed,true
Jurong East,Toh Guan Family Clinic,Mon,9:00am - 12:30pm | 2:00pm - 4:30pm | 7:00pm - 9:30pm,,false
Jurong East,Toh Guan Family Clinic,Tues,9:00am - 12:30pm | 2:00pm - 4:30pm | 7:00pm - 9:30pm,,false
Jurong East,Toh Guan Family Clinic,Wed,9:00am - 12:30pm,,false
Jurong East,Toh Guan Family Clinic,Thurs,9:00am - 12:30pm | 2:00pm - 4:30pm,,false
Jurong East,Toh Guan Family Clinic,Fri,9:00am - 12:30pm | 2:00pm - 4:30pm,,false
Jurong East,Toh Guan Family Clinic,Sat,9:00am - 12:30pm,,false
Jurong East,Toh Guan Family Clinic,Sun,,Closed,true
Jurong East,Toh Guan Family Clinic,PH,,Closed,true
Jurong East,Unihealth 24-HR Clinic (Jurong East),Mon,,24 hours,false
Jurong East,Unihealth 24-HR Clinic (Jurong East),Tues,,24 hours,false
Jurong East,Unihealth 24-HR Clinic (Jurong East),Wed,,24 hours,false
Jurong East,Unihealth 24-HR Clinic (Jurong East),Thurs,,24 hours,false
Jurong East,Unihealth 24-HR Clinic (Jurong East),Fri,,24 hours,false
Jurong East,Unihealth 24-HR Clinic (Jurong East),Sat,,24 hours,false
Jurong East,Unihealth 24-HR Clinic (Jurong East),Sun,,24 hours,false
Jurong East,Unihealth 24-HR Clinic (Jurong East),PH,,24 hours,false
Jurong West,Advantage Medical Clinic (Jurong West),Mon,9:00am - 1:00pm | 2:00pm - 9:00pm,,false
Jurong West,Advantage Medical Clinic (Jurong West),Tues,9:00am - 1:00pm | 2:00pm - 9:00pm,,false
Jurong West,Advantage Medical Clinic (Jurong West),Wed,9:00am - 1:00pm | 2:00pm - 9:00pm,,false
Jurong West,Advantage Medical Clinic (Jurong West),Thurs,9:00am - 1:00pm | 2:00pm - 9:00pm,,false
Jurong West,Advantage Medical Clinic (Jurong West),Fri,9:00am - 1:00pm | 2:00pm - 9:00pm,,false
Jurong West,Advantage Medical Clinic (Jurong West),Sat,9:00am - 1:00pm,,false
Jurong West,Advantage Medical Clinic (Jurong West),Sun,9:00am - 1:00pm,,false
Jurong West,Advantage Medical Clinic (Jurong West),PH,,Closed,true
Jurong West,Banyan Clinic @ JW,Mon,10:30am - 2:30pm | 8:30pm - 10:30pm | 10:30am - 2:30pm,(Except Thurs) Call clinic to Only Thurs: make Closed on PH appointment before coming,false
Jurong West,Banyan Clinic @ JW,Tues,10:30am - 2:30pm | 8:30pm - 10:30pm | 10:30am - 2:30pm,(Except Thurs) Call clinic to Only Thurs: make Closed on PH appointment before coming,false
Jurong West,Banyan Clinic @ JW,Wed,10:30am - 2:30pm | 8:30pm - 10:30pm | 10:30am - 2:30pm,(Except Thurs) Call clinic to Only Thurs: make Closed on PH appointment before coming,false
Jurong West,Banyan Clinic @ JW,Thurs,10:30am - 2:30pm | 8:30pm - 10:30pm | 10:30am - 2:30pm,(Except Thurs) Call clinic to Only Thurs: make Closed on PH appointment before coming,false
Jurong West,Banyan Clinic @ JW,Fri,10:30am - 2:30pm | 8:30pm - 10:30pm | 10:30am - 2:30pm,(Except Thurs) Call clinic to Only Thurs: make Closed on PH appointment before coming,false
Jurong West,Banyan Clinic @ JW,Sat,10:30am - 2:30pm | 8:30pm - 10:30pm | 10:30am - 2:30pm,(Except Thurs) Call clinic to Only Thurs: make Closed on PH appointment before coming,false
Jurong West,Banyan Clinic @ JW,Sun,10:30am - 2:30pm | 8:30pm - 10:30pm | 10:30am - 2:30pm,(Except Thurs) Call clinic to Only Thurs: make Closed on PH appointment before coming,false
Jurong West,Caring Family Clinic,Mon,8:30am - 12:00pm | 1:00pm - 5:00pm,,false
Jurong West,Caring Family Clinic,Tues,8:30am - 12:00pm | 1:00pm - 5:00pm,,false
Jurong West,Caring Family Clinic,Wed,8:30am - 12:00pm | 1:00pm - 5:00pm,,false
Jurong West,Caring Family Clinic,Thurs,8:30am - 12:00pm | 1:00pm - 5:00pm,,false
Jurong West,Caring Family Clinic,Fri,8:30am - 12:00pm | 1:00pm - 5:00pm,,false
Jurong West,Caring Family Clinic,Sat,8:30am - 12:30pm,,false
Jurong West,Caring Family Clinic,Sun,,Closed,true
Jurong West,Caring Family Clinic,PH,,Closed,true
Jurong West,DA Clinic @ Taman Jurong,Mon,8:30am - 12:00pm | 1:00pm - 4:00pm | 6:00pm - 9:00pm,,false
Jurong West,DA Clinic @ Taman Jurong,Tues,8:30am - 12:00pm | 1:00pm - 4:00pm | 6:00pm - 9:00pm,,false
Jurong West,DA Clinic @ Taman Jurong,Wed,8:30am - 12:00pm | 1:00pm - 4:00pm | 6:00pm - 9:00pm,,false
Jurong West,DA Clinic @ Taman Jurong,Thurs,8:30am - 12:00pm | 1:00pm - 4:00pm | 6:00pm - 9:00pm,,false
Jurong West,DA Clinic @ Taman Jurong,Fri,8:30am - 12:00pm | 1:00pm - 4:00pm | 6:00pm - 9:00pm,,false
Jurong West,DA Clinic @ Taman Jurong,Sat,8:30am - 12:30pm,,false
Jurong West,DA Clinic @ Taman Jurong,Sun,8:30am - 12:00pm | 6:00pm - 9:00pm,,false
Jurong West,DA Clinic @ Taman Jurong,PH,,To call clinic to confirm,false
Jurong West,Healthmark Family Clinic (Pioneer),Mon,9:00am - 12:30pm,,false
Jurong West,Healthmark Family Clinic (Pioneer),Tues,9:00am - 12:30pm,,false
Jurong West,Healthmark Family Clinic (Pioneer),Wed,9:00am - 12:30pm,,false
Jurong West,Healthmark Family Clinic (Pioneer),Thurs,6:00pm - 9:30pm,,false
Jurong West,Healthmark Family Clinic (Pioneer),Fri,6:00pm - 9:30pm,,false
Jurong West,Healthmark Family Clinic (Pioneer),Sat,9:00am - 12:30pm,,false
Jurong West,Healthmark Family Clinic (Pioneer),Sun,9:00am - 12:30pm,,false
Jurong West,Healthmark Family Clinic (Pioneer),PH,,Closed,true
Jurong West,The Family Wellness Clinic,Mon,8:30am - 12:30pm | 2:00pm - 4:00pm | 6:00pm - 8:30pm,,false
Jurong West,The Family Wellness Clinic,Tues,8:30am - 12:30pm | 2:00pm - 4:00pm | 6:00pm - 8:30pm,,false
Jurong West,The Family Wellness Clinic,Wed,8:30am - 12:30pm | 2:00pm - 4:00pm | 6:00pm - 8:30pm,,false
Jurong West,The Family Wellness Clinic,Thurs,8:30am - 12:30pm | 2:00pm - 4:00pm | 6:00pm - 8:30pm,,false
Jurong West,The Family Wellness Clinic,Fri,8:30am - 12:30pm | 2:00pm - 4:00pm | 6:00pm - 8:30pm,,false
Jurong West,The Family Wellness Clinic,Sat,8:30am - 12:00pm,,false
Jurong West,The Family Wellness Clinic,Sun,8:30am - 12:00pm,,false
Jurong West,The Family Wellness Clinic,PH,,Closed,true
Jurong West,Family Doctors At 365,Mon,8:30am - 12:15pm | 2:00pm - 4:45pm | 6:30pm - 8:45pm,,false
Jurong West,Family Doctors At 365,Tues,8:30am - 12:15pm | 2:00pm - 4:45pm | 6:30pm - 8:45pm,,false
Jurong West,Family Doctors At 365,Wed,8:30am - 12:15pm | 2:00pm - 4:45pm | 6:30pm - 8:45pm,,false
Jurong West,Family Doctors At 365,Thurs,8:30am - 12:15pm | 2:00pm - 4:45pm | 6:30pm - 8:45pm,,false
Jurong West,Family Doctors At 365,Fri,8:30am - 12:15pm | 2:00pm - 4:45pm | 6:30pm - 8:45pm,,false
Jurong West,Family Doctors At 365,Sat,8:30am - 12:15pm | 6:30pm - 8:45pm,,false
Jurong West,Family Doctors At 365,Sun,8:30am - 12:00pm,,false
Jurong West,Family Doctors At 365,PH,8:30am - 12:00pm,,false
Jurong West,Faith Clinic (Jurong West),Mon,8:30am - 4:30pm | 6:30pm - 9:00pm,,false
Jurong West,Faith Clinic (Jurong West),Tues,8:30am - 4:30pm | 6:30pm - 9:00pm,,false
Jurong West,Faith Clinic (Jurong West),Wed,8:30am - 4:30pm | 6:30pm - 9:00pm,,false
Jurong West,Faith Clinic (Jurong West),Thurs,8:30am - 4:30pm | 6:30pm - 9:00pm,,false
Jurong West,Faith Clinic (Jurong West),Fri,8:30am - 4:30pm | 6:30pm - 9:00pm,,false
Jurong West,Faith Clinic (Jurong West),Sat,8:30am - 1:00pm,,false
Jurong West,Faith Clinic (Jurong West),Sun,8:30am - 1:00pm,,false
Jurong West,Faith Clinic (Jurong West),PH,8:30am - 1:00pm,,false
Jurong West,Frontier Medical Associates (Jurong West),Mon,8:30am - 3:00pm | 6:00pm - 9:30pm,,false
Jurong West,Frontier Medical Associates (Jurong West),Tues,8:30am - 3:00pm | 6:00pm - 9:30pm,,false
Jurong West,Frontier Medical Associates (Jurong West),Wed,8:30am - 3:00pm | 6:00pm - 9:30pm,,false
Jurong West,Frontier Medical Associates (Jurong West),Thurs,8:30am - 3:00pm | 6:00pm - 9:30pm,,false
Jurong West,Frontier Medical Associates (Jurong West),Fri,8:30am - 3:00pm,,false
Jurong West,Frontier Medical Associates (Jurong West),Sat,8:30am - 1:00pm,,false
Jurong West,Frontier Medical Associates (Jurong West),Sun,,Closed,true
Jurong West,Frontier Medical Associates (Jurong West),PH,,Closed,true
Jurong West,HeartlandHealth Jurong West,Mon,8:00am - 1:00pm | 6:00pm - 11:00pm,,false
Jurong West,HeartlandHealth Jurong West,Tues,8:00am - 1:00pm | 6:00pm - 11:00pm,,false
Jurong West,HeartlandHealth Jurong West,Wed,8:00am - 1:00pm | 6:00pm - 11:00pm,,false
Jurong West,HeartlandHealth Jurong West,Thurs,8:00am - 1:00pm | 6:00pm - 11:00pm,,false
Jurong West,HeartlandHealth Jurong West,Fri,8:00am - 1:00pm | 6:00pm - 11:00pm,,false
Jurong West,HeartlandHealth Jurong West,Sat,8:00am - 1:00pm | 6:00pm - 11:00pm,,false
Jurong West,HeartlandHealth Jurong West,Sun,8:00am - 1:00pm | 6:00pm - 11:00pm,,false
Jurong West,HeartlandHealth Jurong West,PH,8:00am - 1:00pm | 6:00pm - 11:00pm,,false
Jurong West,iDOC Clinic (Hong Kah),Thurs,,Closed,true
Jurong West,iDOC Clinic (Hong Kah),Sat,9:00am - 1:00pm,,false
Jurong West,iDOC Clinic (Hong Kah),Sun,6:30pm - 9:30pm,,false
Jurong West,iDOC Clinic (Hong Kah),PH,,Appointments (if open),false
Jurong West,Jurong Day & Night Clinic,Mon,9:00am - 12:30pm | 6:30pm - 9:00pm,,false
Jurong West,Jurong Day & Night Clinic,Tues,9:00am - 12:30pm,,false
Jurong West,Jurong Day & Night Clinic,Wed,9:00am - 12:30pm | 6:30pm - 9:00pm,,false
Jurong West,Jurong Day & Night Clinic,Thurs,9:00am - 12:30pm,,false
Jurong West,Jurong Day & Night Clinic,Fri,,Closed,true
Jurong West,Jurong Day & Night Clinic,Sat,,(To contact clinic before visit),false
Jurong West,Jurong Day & Night Clinic,Sun,6:30pm - 8:30pm,,false
Jurong West,Jurong Day & Night Clinic,PH,6:30pm - 8:30pm,,false
Jurong West,Lakeside Family Medicine Clinic,Mon,8:30am - 12:30pm | 1:30pm - 5:20pm,,false
Jurong West,Lakeside Family Medicine Clinic,Tues,8:30am - 12:30pm | 1:30pm - 5:20pm,,false
Jurong West,Lakeside Family Medicine Clinic,Wed,8:30am - 12:30pm | 1:30pm - 5:20pm,,false
Jurong West,Lakeside Family Medicine Clinic,Thurs,8:30am - 12:30pm | 1:30pm - 5:20pm,,false
Jurong West,Lakeside Family Medicine Clinic,Fri,8:30am - 12:30pm | 1:30pm - 5:20pm,,false
Jurong West,Lakeside Family Medicine Clinic,Sat,,Closed,true
Jurong West,Lakeside Family Medicine Clinic,Sun,,Closed,true
Jurong West,Lakeside Family Medicine Clinic,PH,,Closed,true
Jurong West,Minmed Clinic (Jurong West),PH,1:00pm - 2:00pm | 5:00pm - 6:00pm,,false
Jurong West,One Medical Clinic (Jurong West),Mon,8:30am - 2:00pm | 5:00pm - 9:00pm,,false
Jurong West,One Medical Clinic (Jurong West),Tues,8:30am - 2:00pm | 5:00pm - 9:00pm,,false
Jurong West,One Medical Clinic (Jurong West),Wed,8:30am - 2:00pm | 5:00pm - 9:00pm,,false
Jurong West,One Medical Clinic (Jurong West),Thurs,8:30am - 2:00pm | 5:00pm - 9:00pm,,false
Jurong West,One Medical Clinic (Jurong West),Fri,8:30pm - 2:00pm,,false
Jurong West,One Medical Clinic (Jurong West),Sat,9:00am - 12:30pm,,false
Jurong West,One Medical Clinic (Jurong West),Sun,9:00am - 12:30pm,,false
Jurong West,One Medical Clinic (Jurong West),PH,,Closed,true
Jurong West,Pinnacle Family Clinic (Tengah),Mon,8:00am - 1:00pm | 2:00pm - 4:00pm | 6:00pm - 9:00pm,(WhatsApp Only),false
Jurong West,Pinnacle Family Clinic (Tengah),Tues,8:00am - 1:00pm | 2:00pm - 3:30pm | 6:00pm - 9:00pm,,false
Jurong West,Pinnacle Family Clinic (Tengah),Wed,8:00am - 1:00pm | 2:00pm - 3:30pm,,false
Jurong West,Pinnacle Family Clinic (Tengah),Thurs,8:00am - 1:00pm | 2:00pm - 3:30pm | 6:00pm - 9:00pm,,false
Jurong West,Pinnacle Family Clinic (Tengah),Fri,8:00am - 1:00pm | 2:00pm - 3:30pm,,false
Jurong West,Pinnacle Family Clinic (Tengah),Sat,9:00am - 1:00pm,,false
Jurong West,Pinnacle Family Clinic (Tengah),Sun,,Closed,true
Jurong West,Pinnacle Family Clinic (Tengah),PH,,Closed,true
Jurong West,ProHealth Medical Group @ Taman Jurong,Mon,8:00am - 3:00pm | 6:00pm - 9:00pm,,false
Jurong West,ProHealth Medical Group @ Taman Jurong,Tues,8:00am - 3:00pm | 6:00pm - 9:00pm,,false
Jurong West,ProHealth Medical Group @ Taman Jurong,Wed,8:00am - 3:00pm | 6:00pm - 9:00pm,,false
Jurong West,ProHealth Medical Group @ Taman Jurong,Thurs,8:00am - 3:00pm | 6:00pm - 9:00pm,,false
Jurong West,ProHealth Medical Group @ Taman Jurong,Fri,8:00am - 3:00pm | 6:00pm - 9:00pm,,false
Jurong West,ProHealth Medical Group @ Taman Jurong,Sat,8:00am - 3:00pm,,false
Jurong West,ProHealth Medical Group @ Taman Jurong,Sun,8:00am - 3:00pm | 6:00pm - 9:00pm,,false
Jurong West,ProHealth Medical Group @ Taman Jurong,PH,,As per non-PH operating hours,false
Jurong West,Raffles Medical (Jurong Point),Mon,8:30am - 1:00pm | 2:00pm - 5:30pm | 6:30pm - 9:30pm,,false
Jurong West,Raffles Medical (Jurong Point),Tues,8:30am - 1:00pm | 2:00pm - 5:30pm | 6:30pm - 9:30pm,,false
Jurong West,Raffles Medical (Jurong Point),Wed,8:30am - 1:00pm | 2:00pm - 5:30pm | 6:30pm - 9:30pm,,false
Jurong West,Raffles Medical (Jurong Point),Thurs,8:30am - 1:00pm | 2:00pm - 5:30pm | 6:30pm - 9:30pm,,false
Jurong West,Raffles Medical (Jurong Point),Fri,8:30am - 1:00pm | 2:00pm - 5:30pm | 6:30pm - 9:30pm,,false
Jurong West,Raffles Medical (Jurong Point),Sat,8:30am - 1:00pm,,false
Jurong West,Raffles Medical (Jurong Point),Sun,8:30am - 1:00pm,,false
Jurong West,Raffles Medical (Jurong Point),PH,,Closed,true
Jurong West,Shifa Clinic (Jurong),Mon,9:00am - 4:30pm,,false
Jurong West,Shifa Clinic (Jurong),Tues,9:00am - 4:30pm,,false
Jurong West,Shifa Clinic (Jurong),Wed,9:00am - 4:30pm,,false
Jurong West,Shifa Clinic (Jurong),Thurs,9:00am - 4:30pm,,false
Jurong West,Shifa Clinic (Jurong),Fri,9:00am - 4:30pm,,false
Jurong West,Shifa Clinic (Jurong),Sat,9:00am - 12:30pm,,false
Jurong West,Shifa Clinic (Jurong),Sun,,Closed,true
Jurong West,Shifa Clinic (Jurong),PH,,Closed,true
Jurong West,Tayka Medical Family Clinic,Mon,9:00am - 12:00pm | 2:00pm - 4:00pm | 7:00pm - 9:00pm,,false
Jurong West,Tayka Medical Family Clinic,Tues,9:00am - 12:00pm | 2:00pm - 4:00pm | 7:00pm - 9:00pm,,false
Jurong West,Tayka Medical Family Clinic,Wed,9:00am - 12:00pm | 2:00pm - 4:00pm | 7:00pm - 9:00pm,,false
Jurong West,Tayka Medical Family Clinic,Thurs,9:00am - 12:00pm | 2:00pm - 4:00pm | 7:00pm - 9:00pm,,false
Jurong West,Tayka Medical Family Clinic,Fri,9:00am - 12:00pm | 2:00pm - 4:00pm | 7:00pm - 9:00pm,,false
Jurong West,Tayka Medical Family Clinic,Sat,9:00am - 12:00pm,,false
Jurong West,Tayka Medical Family Clinic,Sun,,Closed,true
Jurong West,TC Family Clinic Pte Ltd,Mon,9:00am - 12:00pm | 6:30pm - 9:00pm,,false
Jurong West,TC Family Clinic Pte Ltd,Tues,9:00am - 12:00pm,,false
Jurong West,TC Family Clinic Pte Ltd,Wed,9:00am - 12:00pm | 1:30pm - 3:30pm,,false
Jurong West,TC Family Clinic Pte Ltd,Thurs,9:00am - 12:00pm,,false
Jurong West,TC Family Clinic Pte Ltd,Fri,9:00am - 12:00pm | 1:30pm - 3:30pm,,false
Jurong West,TC Family Clinic Pte Ltd,Sun,,Closed,true
Jurong West,TC Family Clinic Pte Ltd,PH,,Closed,true
Kallang,Frontier Medical 150 Associates (Towner Road),Mon,8:30am - 3:00pm | 6:00pm - 9:00pm,,false
Kallang,Frontier Medical 150 Associates (Towner Road),Tues,8:30am - 3:00pm,,false
Kallang,Frontier Medical 150 Associates (Towner Road),Wed,8:30am - 3:00pm | 6:00pm - 9:00pm,,false
Kallang,Frontier Medical 150 Associates (Towner Road),Thurs,8:30am - 3:00pm,,false
Kallang,Frontier Medical 150 Associates (Towner Road),Fri,8:30am - 3:00pm,,false
Kallang,Frontier Medical 150 Associates (Towner Road),Sat,8:30am - 1:00pm,,false
Kallang,Frontier Medical 150 Associates (Towner Road),Sun,,Closed,true
Kallang,Frontier Medical 150 Associates (Towner Road),PH,,Closed,true
Kallang,Kindred Family 63 Clinic (Kallang Bahru),Mon,8:30am - 12:30pm | 2:00pm - 4:30pm | 6:00pm - 9:00pm,,false
Kallang,Kindred Family 63 Clinic (Kallang Bahru),Tues,8:30am - 12:30pm | 2:00pm - 4:30pm | 6:00pm - 9:00pm,,false
Kallang,Kindred Family 63 Clinic (Kallang Bahru),Wed,8:30am - 12:30pm | 2:00pm - 4:30pm | 6:00pm - 9:00pm,,false
Kallang,Kindred Family 63 Clinic (Kallang Bahru),Thurs,8:30am - 12:30pm | 2:00pm - 4:30pm | 6:00pm - 9:00pm,,false
Kallang,Kindred Family 63 Clinic (Kallang Bahru),Fri,8:30am - 12:30pm | 2:00pm - 4:30pm,,false
Kallang,Kindred Family 63 Clinic (Kallang Bahru),Sat,8:30am - 1:00pm,,false
Kallang,Kindred Family 63 Clinic (Kallang Bahru),Sun,8:30am - 1:00pm,,false
Kallang,Kindred Family 63 Clinic (Kallang Bahru),PH,,Closed,true
Kallang,Lion Health 101 Clinic & Surgery (Boon Keng),Mon,8:00am - 2:00pm | 5:00pm - 11:00pm,,false
Kallang,Lion Health 101 Clinic & Surgery (Boon Keng),Tues,8:00am - 2:00pm | 5:00pm - 11:00pm,,false
Kallang,Lion Health 101 Clinic & Surgery (Boon Keng),Wed,8:00am - 2:00pm | 5:00pm - 11:00pm,,false
Kallang,Lion Health 101 Clinic & Surgery (Boon Keng),Thurs,8:00am - 2:00pm | 5:00pm - 11:00pm,,false
Kallang,Lion Health 101 Clinic & Surgery (Boon Keng),Fri,8:00am - 2:00pm | 5:00pm - 11:00pm,,false
Kallang,Lion Health 101 Clinic & Surgery (Boon Keng),Sat,8:00am - 2:00pm | 5:00pm - 11:00pm,,false
Kallang,Lion Health 101 Clinic & Surgery (Boon Keng),Sun,8:00am - 2:00pm | 5:00pm - 11:00pm,,false
Kallang,Lion Health 101 Clinic & Surgery (Boon Keng),PH,8:00am - 2:00pm | 5:00pm - 11:00pm,,false
Kallang,Low Medical 67 Clinic,Mon,8:00am - 12:00pm | 1:00pm - 3:00pm,,false
Kallang,Low Medical 67 Clinic,Tues,8:00am - 12:00pm | 1:00pm - 3:00pm,,false
Kallang,Low Medical 67 Clinic,Wed,8:00am - 12:00pm | 1:00pm - 3:00pm,,false
Kallang,Low Medical 67 Clinic,Thurs,8:00am - 12:00pm | 1:00pm - 3:00pm,,false
Kallang,Low Medical 67 Clinic,Fri,8:00am - 12:00pm | 1:00pm - 3:00pm,,false
Kallang,Low Medical 67 Clinic,Sat,8:00am - 11:30am,,false
Kallang,Low Medical 67 Clinic,Sun,,Closed,true
Kallang,Low Medical 67 Clinic,PH,,Closed,true
Kallang,Bridgepoint 39 Health (Kallang),Mon,8:30am - 1:00pm | 2:00pm - 10:00pm,,false
Kallang,Bridgepoint 39 Health (Kallang),Tues,8:30am - 1:00pm | 2:00pm - 10:00pm,,false
Kallang,Bridgepoint 39 Health (Kallang),Wed,8:30am - 1:00pm | 2:00pm - 10:00pm,,false
Kallang,Bridgepoint 39 Health (Kallang),Thurs,8:30am - 1:00pm | 2:00pm - 10:00pm,,false
Kallang,Bridgepoint 39 Health (Kallang),Fri,8:30am - 1:00pm | 2:00pm - 10:00pm,,false
Kallang,Bridgepoint 39 Health (Kallang),Sat,8:30am - 6:00pm,,false
Kallang,Bridgepoint 39 Health (Kallang),Sun,8:30am - 6:00pm,,false
Kallang,Bridgepoint 39 Health (Kallang),PH,8:30am - 1:00pm,,false
Kallang,T Medical Clinic 5 Kallang,Mon,8:30am - 12:30pm | 6:00pm - 9:00pm,,false
Kallang,T Medical Clinic 5 Kallang,Tues,8:30am - 12:30pm | 6:00pm - 9:00pm,,false
Kallang,T Medical Clinic 5 Kallang,Wed,8:30am - 12:30pm | 6:00pm - 9:00pm,,false
Kallang,T Medical Clinic 5 Kallang,Thurs,8:30am - 12:30pm | 6:00pm - 9:00pm,,false
Kallang,T Medical Clinic 5 Kallang,Fri,8:30am - 12:30pm | 6:00pm - 9:00pm,,false
Kallang,T Medical Clinic 5 Kallang,Sat,9:00am - 12:00pm,,false
Kallang,T Medical Clinic 5 Kallang,Sun,5:00pm - 9:00pm,,false
Kallang,T Medical Clinic 5 Kallang,PH,,"Closed, unless otherwise stated (To call the clinic to confirm)",false
Kent Ridge,Kent Ridge Clinic 1,Mon,9:00am - 1:00pm | 2:00pm - 5:00pm | 6:00pm - 9:00pm,,false
Kent Ridge,Kent Ridge Clinic 1,Tues,9:00am - 1:00pm | 2:00pm - 5:00pm | 6:00pm - 9:00pm,,false
Kent Ridge,Kent Ridge Clinic 1,Wed,,Closed,true
Kent Ridge,Kent Ridge Clinic 1,Thurs,9:00am - 1:00pm,,false
Kent Ridge,Kent Ridge Clinic 1,Fri,9:00am - 1:00pm | 2:00pm - 5:00pm | 6:00pm - 9:00pm,,false
Kent Ridge,Kent Ridge Clinic 1,Sat,,Closed,true
Kent Ridge,Kent Ridge Clinic 1,Sun,,Closed,true
Kent Ridge,Kent Ridge Clinic 1,PH,,Closed,true
Kent Ridge,Normanton 63 Medical Clinic (Normanton Park) Pte Ltd,Mon,9:00am - 2:00pm | 6:00pm - 9:00pm,,false
Kent Ridge,Normanton 63 Medical Clinic (Normanton Park) Pte Ltd,Tues,9:00am - 2:00pm | 6:00pm - 9:00pm,,false
Kent Ridge,Normanton 63 Medical Clinic (Normanton Park) Pte Ltd,Wed,9:00am - 2:00pm | 6:00pm - 9:00pm,,false
Kent Ridge,Normanton 63 Medical Clinic (Normanton Park) Pte Ltd,Thurs,9:00am - 2:00pm | 6:00pm - 9:00pm,,false
Kent Ridge,Normanton 63 Medical Clinic (Normanton Park) Pte Ltd,Fri,9:00am - 2:00pm,,false
Kent Ridge,Normanton 63 Medical Clinic (Normanton Park) Pte Ltd,Sat,,Closed,true
Kent Ridge,Normanton 63 Medical Clinic (Normanton Park) Pte Ltd,Sun,9:00am - 12:30pm,,false
Kent Ridge,Normanton 63 Medical Clinic (Normanton Park) Pte Ltd,PH,,Closed,true
Kent Ridge,OneCare Clinic 1B (Kent Ridge),Mon,8:30am - 5:30pm,,false
Kent Ridge,OneCare Clinic 1B (Kent Ridge),Tues,8:30am - 5:30pm,,false
Kent Ridge,OneCare Clinic 1B (Kent Ridge),Wed,8:30am - 5:30pm,,false
Kent Ridge,OneCare Clinic 1B (Kent Ridge),Thurs,8:30am - 5:30pm,,false
Kent Ridge,OneCare Clinic 1B (Kent Ridge),Fri,8:30am - 5:30pm,,false
Kent Ridge,OneCare Clinic 1B (Kent Ridge),Sat,8:30am - 12:30pm,,false
Kent Ridge,OneCare Clinic 1B (Kent Ridge),Sun,,Closed,true
Kent Ridge,OneCare Clinic 1B (Kent Ridge),PH,,Closed,true
Lavender,Belief Family Clinic,Mon,9:00am - 1:00pm | 2:00pm - 6:00pm,,false
Lavender,Belief Family Clinic,Tues,9:00am - 1:00pm | 2:00pm - 6:00pm,,false
Lavender,Belief Family Clinic,Wed,9:00am - 1:00pm | 2:00pm - 6:00pm,,false
Lavender,Belief Family Clinic,Thurs,9:00am - 1:00pm | 2:00pm - 6:00pm,,false
Lavender,Belief Family Clinic,Fri,9:00am - 1:00pm | 2:00pm - 6:00pm,,false
Lavender,Belief Family Clinic,Sat,9:00am - 12:00pm,,false
Lavender,Belief Family Clinic,Sun,,Closed,true
Lavender,Belief Family Clinic,PH,,Closed,true
Lavender,Pancare Medical Clinic (Lavender),Mon,8:00am - 1:00pm | 2:00pm - 5:00pm | 6:00pm - 9:00pm,(WhatsApp only),false
Lavender,Pancare Medical Clinic (Lavender),Tues,8:00am - 1:00pm | 2:00pm - 5:00pm,,false
Lavender,Pancare Medical Clinic (Lavender),Wed,8:00am - 1:00pm,,false
Lavender,Pancare Medical Clinic (Lavender),Thurs,8:00am - 1:00pm,,false
Lavender,Pancare Medical Clinic (Lavender),Fri,8:00am - 1:00pm,,false
Lavender,Pancare Medical Clinic (Lavender),Sat,8:00am - 1:00pm,,false
Lavender,Pancare Medical Clinic (Lavender),Sun,,Closed,true
Lavender,Pancare Medical Clinic (Lavender),PH,,Closed,true
Lakeside,Family Point Clinic and Surgery,Mon,8:30am - 12:30pm | 2:00pm - 4:30pm,,false
Lakeside,Family Point Clinic and Surgery,Tues,8:30am - 12:30pm | 2:00pm - 4:30pm,,false
Lakeside,Family Point Clinic and Surgery,Wed,8:30am - 12:30pm | 2:00pm - 4:30pm,,false
Lakeside,Family Point Clinic and Surgery,Thurs,8:30am - 12:30pm | 2:00pm - 4:30pm,,false
Lakeside,Family Point Clinic and Surgery,Fri,8:30am - 12:30pm | 2:00pm - 4:30pm,,false
Lakeside,Family Point Clinic and Surgery,Sat,8:30am - 12:30pm,,false
Lakeside,Family Point Clinic and Surgery,Sun,8:30am - 12:30pm,,false
Lakeside,Family Point Clinic and Surgery,PH,,Closed,true
Little India,Edgedale 40 Medical Clinic (Cambridge),Mon,9:00am - 12:00pm,,false
Little India,Edgedale 40 Medical Clinic (Cambridge),Tues,9:00am - 12:00pm,,false
Little India,Edgedale 40 Medical Clinic (Cambridge),Wed,9:00am - 12:00pm,,false
Little India,Edgedale 40 Medical Clinic (Cambridge),Thurs,9:00am - 12:00pm,,false
Little India,Edgedale 40 Medical Clinic (Cambridge),Fri,9:00am - 12:00pm,,false
Little India,Edgedale 40 Medical Clinic (Cambridge),Sat,,Closed,true
Little India,Edgedale 40 Medical Clinic (Cambridge),Sun,,Closed,true
Little India,Edgedale 40 Medical Clinic (Cambridge),PH,,Closed,true
Little India,ESC 1 Cardiovascular & Medical Clinic,Mon,9:00am - 5:00pm | 9:00am - 1:00pm,(WhatsApp Sat - Sun: Only),false
Little India,ESC 1 Cardiovascular & Medical Clinic,Tues,9:00am - 5:00pm | 9:00am - 1:00pm,(WhatsApp Sat - Sun: Only),false
Little India,ESC 1 Cardiovascular & Medical Clinic,Wed,9:00am - 5:00pm | 9:00am - 1:00pm,(WhatsApp Sat - Sun: Only),false
Little India,ESC 1 Cardiovascular & Medical Clinic,Thurs,9:00am - 5:00pm | 9:00am - 1:00pm,(WhatsApp Sat - Sun: Only),false
Little India,ESC 1 Cardiovascular & Medical Clinic,Fri,9:00am - 5:00pm | 9:00am - 1:00pm,(WhatsApp Sat - Sun: Only),false
Little India,ESC 1 Cardiovascular & Medical Clinic,PH,,Closed,true
Little India,HMI Medical 12 Centre,Mon,8:00am - 12:00am | 8:00am - 12:00am,(WhatsApp PH: only),false
Little India,HMI Medical 12 Centre,Tues,8:00am - 12:00am | 8:00am - 12:00am,(WhatsApp PH: only),false
Little India,HMI Medical 12 Centre,Wed,8:00am - 12:00am | 8:00am - 12:00am,(WhatsApp PH: only),false
Little India,HMI Medical 12 Centre,Thurs,8:00am - 12:00am | 8:00am - 12:00am,(WhatsApp PH: only),false
Little India,HMI Medical 12 Centre,Fri,8:00am - 12:00am | 8:00am - 12:00am,(WhatsApp PH: only),false
Little India,HMI Medical 12 Centre,Sat,8:00am - 12:00am | 8:00am - 12:00am,(WhatsApp PH: only),false
Little India,HMI Medical 12 Centre,Sun,8:00am - 12:00am | 8:00am - 12:00am,(WhatsApp PH: only),false
Little India,Little Haven Family Clinic,Mon,8:30am - 12:30pm | 4:30pm - 7:30pm | 8:30am - 12:30pm | 1:30pm - 5:30pm,(WhatsApp only) Tues - Fri:,false
Little India,Little Haven Family Clinic,Sun,,Closed,true
Little India,Little Haven Family Clinic,PH,,Closed,true
Little India,Shifa Clinic and Surgery (Little India),Mon,9:00am - 1:00pm | 2:00pm - 9:00pm | 9:00am - 1:00pm | 2:00pm - 7:00pm,(WhatsApp Only) Sat - Sun:,false
Little India,Shifa Clinic and Surgery (Little India),Tues,9:00am - 1:00pm | 2:00pm - 9:00pm | 9:00am - 1:00pm | 2:00pm - 7:00pm,(WhatsApp Only) Sat - Sun:,false
Little India,Shifa Clinic and Surgery (Little India),Wed,9:00am - 1:00pm | 2:00pm - 9:00pm | 9:00am - 1:00pm | 2:00pm - 7:00pm,(WhatsApp Only) Sat - Sun:,false
Little India,Shifa Clinic and Surgery (Little India),Thurs,9:00am - 1:00pm | 2:00pm - 9:00pm | 9:00am - 1:00pm | 2:00pm - 7:00pm,(WhatsApp Only) Sat - Sun:,false
Little India,Shifa Clinic and Surgery (Little India),Fri,9:00am - 1:00pm | 2:00pm - 9:00pm | 9:00am - 1:00pm | 2:00pm - 7:00pm,(WhatsApp Only) Sat - Sun:,false
Little India,Shifa Clinic and Surgery (Little India),PH,9:00am - 1:00pm | 2:00pm - 7:00pm,,false
Little India,Stella Maris Family Clinic & Surgery,Mon,8:00am - 1:00pm,,false
Little India,Stella Maris Family Clinic & Surgery,Tues,8:00am - 1:00pm,,false
Little India,Stella Maris Family Clinic & Surgery,Wed,8:00am - 1:00pm | 2:00pm - 6:30pm,,false
Little India,Stella Maris Family Clinic & Surgery,Thurs,2:00pm - 5:00pm,,false
Little India,Stella Maris Family Clinic & Surgery,Fri,8:00am - 1:00pm | 2:00pm - 5:30pm,Closed,false
Little India,Stella Maris Family Clinic & Surgery,Sat,9:00am - 1:00pm | 4:00pm - 6:30pm,,false
Little India,Stella Maris Family Clinic & Surgery,Sun,1:30pm - 6:30pm,,false
Little India,Stella Maris Family Clinic & Surgery,PH,,Closed,true
Little India,57 Medical 41 Clinic (Pek Kio),Mon,8:00am - 1:00pm,,false
Little India,57 Medical 41 Clinic (Pek Kio),Tues,8:00am - 1:00pm,,false
Little India,57 Medical 41 Clinic (Pek Kio),Wed,8:00am - 1:00pm,,false
Little India,57 Medical 41 Clinic (Pek Kio),Thurs,6:00pm - 9:00pm,,false
Little India,57 Medical 41 Clinic (Pek Kio),Fri,8:00am - 1:00pm,,false
Little India,57 Medical 41 Clinic (Pek Kio),Sat,8:00am - 1:00pm,,false
Little India,57 Medical 41 Clinic (Pek Kio),Sun,9:00am - 12:00pm,,false
Little India,57 Medical 41 Clinic (Pek Kio),PH,9:00am - 12:00pm,,false
Macpherson,Bartley Clinic,Mon,8:30am - 1:00pm | 2:00pm - 5:00pm,,false
Macpherson,Bartley Clinic,Tues,8:30am - 1:00pm | 2:00pm - 5:00pm,,false
Macpherson,Bartley Clinic,Wed,8:30am - 1:00pm | 2:00pm - 5:00pm,,false
Macpherson,Bartley Clinic,Thurs,8:30am - 1:00pm | 2:00pm - 5:00pm,,false
Macpherson,Bartley Clinic,Fri,8:30am - 1:00pm | 2:00pm - 5:00pm,,false
Macpherson,Bartley Clinic,Sat,8:30am - 12:30pm,,false
Macpherson,Bartley Clinic,Sun,,Closed,true
Macpherson,Bartley Clinic,PH,,Closed,true
Macpherson,Bethesda Medical @MacPherson,Mon,8:30am - 1:00pm | 2:00pm - 5:30pm,,false
Macpherson,Bethesda Medical @MacPherson,Tues,8:30am - 1:00pm | 2:00pm - 5:30pm,,false
Macpherson,Bethesda Medical @MacPherson,Wed,8:30am - 1:00pm | 2:00pm - 5:30pm,,false
Macpherson,Bethesda Medical @MacPherson,Thurs,8:30am - 1:00pm | 2:00pm - 5:30pm,,false
Macpherson,Bethesda Medical @MacPherson,Fri,8:30am - 1:00pm | 2:00pm - 5:30pm,,false
Macpherson,Bethesda Medical @MacPherson,Sat,8:30am - 12:30pm,,false
Macpherson,Bethesda Medical @MacPherson,Sun,,Closed,true
Macpherson,Care & Cure Medical Clinic and Surgery,Mon,8:30am - 3:30pm | 4:30pm - 9:00pm | 5:00pm - 9:00pm,(WhatsApp Only) Sat & Sun:,false
Macpherson,Care & Cure Medical Clinic and Surgery,Tues,8:30am - 3:30pm | 4:30pm - 9:00pm | 5:00pm - 9:00pm,(WhatsApp Only) Sat & Sun:,false
Macpherson,Care & Cure Medical Clinic and Surgery,Wed,8:30am - 3:30pm | 4:30pm - 9:00pm | 5:00pm - 9:00pm,(WhatsApp Only) Sat & Sun:,false
Macpherson,Care & Cure Medical Clinic and Surgery,Thurs,8:30am - 3:30pm | 4:30pm - 9:00pm | 5:00pm - 9:00pm,(WhatsApp Only) Sat & Sun:,false
Macpherson,Care & Cure Medical Clinic and Surgery,Fri,8:30am - 3:30pm | 4:30pm - 9:00pm | 5:00pm - 9:00pm,(WhatsApp Only) Sat & Sun:,false
Macpherson,Care & Cure Medical Clinic and Surgery,PH,,Closed,true
Macpherson,Care For You Medical Clinic,Mon,8:00am - 1:00pm | 2:00pm - 5:00pm,,false
Macpherson,Care For You Medical Clinic,Tues,8:00am - 1:00pm | 2:00pm - 5:00pm,,false
Macpherson,Care For You Medical Clinic,Wed,8:00am - 1:00pm | 2:00pm - 5:00pm,,false
Macpherson,Care For You Medical Clinic,Thurs,8:00am - 1:00pm | 2:00pm - 5:00pm,,false
Macpherson,Care For You Medical Clinic,Fri,8:00am - 1:00pm | 2:00pm - 5:00pm,,false
Macpherson,Care For You Medical Clinic,Sat,8:00am - 12:00pm,,false
Macpherson,Care For You Medical Clinic,Sun,,Closed,true
Macpherson,Care For You Medical Clinic,PH,,Closed,true
Macpherson,FairCare Family Clinic (Macpherson),Mon,8:30am - 9:00pm,,false
Macpherson,FairCare Family Clinic (Macpherson),Tues,8:30am - 9:00pm,,false
Macpherson,FairCare Family Clinic (Macpherson),Wed,8:30am - 9:00pm,,false
Macpherson,FairCare Family Clinic (Macpherson),Thurs,8:30am - 9:00pm,,false
Macpherson,FairCare Family Clinic (Macpherson),Fri,8:30am - 9:00pm,,false
Macpherson,FairCare Family Clinic (Macpherson),Sat,8:30am - 1:00pm,,false
Macpherson,FairCare Family Clinic (Macpherson),Sun,8:30am - 1:00pm,,false
Macpherson,FairCare Family Clinic (Macpherson),PH,,Refer to google opening hours,false
Macpherson,Healthlink 5 Medical Clinic & Surgery Pte Ltd,Mon,8:30am - 12:30pm | 2:00pm - 4:30pm | 6:30pm - 9:00pm,,false
Macpherson,Healthlink 5 Medical Clinic & Surgery Pte Ltd,Tues,8:30am - 12:30pm | 2:00pm - 4:30pm | 6:30pm - 9:00pm,,false
Macpherson,Healthlink 5 Medical Clinic & Surgery Pte Ltd,Wed,8:30am - 12:30pm | 2:00pm - 4:30pm | 6:30pm - 9:00pm,,false
Macpherson,Healthlink 5 Medical Clinic & Surgery Pte Ltd,Thurs,8:30am - 12:30pm | 2:00pm - 4:30pm | 6:30pm - 9:00pm,,false
Macpherson,Healthlink 5 Medical Clinic & Surgery Pte Ltd,Fri,8:30am - 12:30pm,,false
Macpherson,Healthlink 5 Medical Clinic & Surgery Pte Ltd,Sat,8:30am - 12:30pm,,false
Macpherson,Healthlink 5 Medical Clinic & Surgery Pte Ltd,Sun,8:30am - 12:30pm,,false
Macpherson,Healthlink 5 Medical Clinic & Surgery Pte Ltd,PH,8:30am - 12:30pm,(except some PH; to call the clinic to confirm),false
Macpherson,HeartlandHealth (Circuit Road),Mon,7:00am - 11:00pm,,false
Macpherson,HeartlandHealth (Circuit Road),Tues,7:00am - 11:00pm,,false
Macpherson,HeartlandHealth (Circuit Road),Wed,7:00am - 11:00pm,,false
Macpherson,HeartlandHealth (Circuit Road),Thurs,7:00am - 1:00pm | 6:00pm - 11:00pm,,false
Macpherson,HeartlandHealth (Circuit Road),Fri,7:00am - 1:00pm | 6:00pm - 11:00pm,,false
Macpherson,HeartlandHealth (Circuit Road),Sat,7:00am - 1:00pm | 6:00pm - 11:00pm,,false
Macpherson,HeartlandHealth (Circuit Road),Sun,7:00am - 1:00pm | 6:00pm - 11:00pm,,false
Macpherson,HeartlandHealth (Circuit Road),PH,7:00am - 1:00pm | 6:00pm - 11:00pm,,false
Macpherson,Kindred Family Clinic (MacPherson),Mon,8:30am - 1:00pm | 2:00pm - 5:00pm | 6:00pm - 9:00pm,,false
Macpherson,Kindred Family Clinic (MacPherson),Tues,8:30am - 1:00pm | 2:00pm - 5:00pm | 6:00pm - 9:00pm,,false
Macpherson,Kindred Family Clinic (MacPherson),Wed,8:30am - 1:00pm | 2:00pm - 5:00pm | 6:00pm - 9:00pm,,false
Macpherson,Kindred Family Clinic (MacPherson),Thurs,8:30am - 1:00pm | 2:00pm - 5:00pm | 6:00pm - 9:00pm,,false
Macpherson,Kindred Family Clinic (MacPherson),Fri,8:30am - 1:00pm | 2:00pm - 5:00pm,,false
Macpherson,Kindred Family Clinic (MacPherson),Sat,8:30am - 1:00pm,,false
Macpherson,Kindred Family Clinic (MacPherson),Sun,8:30am - 1:00pm,,false
Macpherson,Kindred Family Clinic (MacPherson),PH,,Closed,true
Macpherson,Lee & Tan Family Clinic and Surgery,Mon,9:00am - 12:00pm | 1:00pm - 3:30pm | 7:00pm - 9:30pm,,false
Macpherson,Lee & Tan Family Clinic and Surgery,Tues,9:00am - 12:00pm | 1:00pm - 3:30pm | 7:00pm - 9:30pm,,false
Macpherson,Lee & Tan Family Clinic and Surgery,Wed,9:00am - 12:00pm | 1:00pm - 3:30pm | 7:00pm - 9:30pm,,false
Macpherson,Lee & Tan Family Clinic and Surgery,Thurs,9:00am - 12:00pm | 1:00pm - 3:30pm | 7:00pm - 9:30pm,,false
Macpherson,Lee & Tan Family Clinic and Surgery,Fri,9:00am - 12:00pm | 1:00pm - 3:30pm | 7:00pm - 9:30pm,,false
Macpherson,Lee & Tan Family Clinic and Surgery,Sat,9:00am - 12:00pm,,false
Macpherson,Lee & Tan Family Clinic and Surgery,Sun,9:00am - 12:00pm,,false
Macpherson,Lee & Tan Family Clinic and Surgery,PH,,Closed,true
Macpherson,LifeCare Medical Centre,Mon,8:30am - 3:00pm | 6:30pm - 9:00pm,,false
Macpherson,LifeCare Medical Centre,Tues,8:30am - 3:00pm | 6:30pm - 9:00pm,,false
Macpherson,LifeCare Medical Centre,Wed,8:30am - 3:00pm | 6:30pm - 9:00pm,,false
Macpherson,LifeCare Medical Centre,Thurs,8:30am - 3:00pm | 6:30pm - 9:00pm,,false
Macpherson,LifeCare Medical Centre,Fri,8:30am - 3:00pm | 6:30pm - 9:00pm,,false
Macpherson,LifeCare Medical Centre,Sat,8:30am - 12:00pm,,false
Macpherson,LifeCare Medical Centre,Sun,,Closed,true
Macpherson,LifeCare Medical Centre,PH,,Closed,true
Macpherson,YSL Aljunied 5 Clinic & Surgery,Mon,8:30am - 3:00pm | 6:30pm - 9:00pm,,false
Macpherson,YSL Aljunied 5 Clinic & Surgery,Tues,8:30am - 3:00pm | 6:30pm - 9:00pm,,false
Macpherson,YSL Aljunied 5 Clinic & Surgery,Wed,8:30am - 3:00pm | 6:30pm - 9:00pm,,false
Macpherson,YSL Aljunied 5 Clinic & Surgery,Thurs,8:30am - 3:00pm | 6:30pm - 9:00pm,,false
Macpherson,YSL Aljunied 5 Clinic & Surgery,Fri,8:30am - 3:00pm | 6:30pm - 9:00pm,,false
Macpherson,YSL Aljunied 5 Clinic & Surgery,Sat,8:30am - 12:30pm,,false
Macpherson,YSL Aljunied 5 Clinic & Surgery,Sun,8:30am - 12:30pm,,false
Macpherson,YSL Aljunied 5 Clinic & Surgery,PH,8:30am - 12:30pm,S,false
Marine Parade,Advantage 80 Medical Clinic (Parkway Parade),Mon,9:00am - 1:00pm | 2:00pm - 6:00pm,,false
Marine Parade,Advantage 80 Medical Clinic (Parkway Parade),Tues,9:00am - 1:00pm | 2:00pm - 6:00pm,,false
Marine Parade,Advantage 80 Medical Clinic (Parkway Parade),Wed,9:00am - 1:00pm | 2:00pm - 6:00pm,,false
Marine Parade,Advantage 80 Medical Clinic (Parkway Parade),Thurs,9:00am - 1:00pm | 2:00pm - 6:00pm,,false
Marine Parade,Advantage 80 Medical Clinic (Parkway Parade),Fri,9:00am - 1:00pm | 2:00pm - 6:00pm,,false
Marine Parade,Advantage 80 Medical Clinic (Parkway Parade),Sat,9:00am - 1:00pm,,false
Marine Parade,Advantage 80 Medical Clinic (Parkway Parade),Sun,,Closed,true
Marine Parade,Advantage 80 Medical Clinic (Parkway Parade),PH,,Closed,true
Marine Parade,CareHub 13 Medical Clinic,Mon,8:30am - 1:00pm | 2:00pm - 5:00pm | 6:00pm - 9:00pm,,false
Marine Parade,CareHub 13 Medical Clinic,Tues,8:30am - 1:00pm | 2:00pm - 5:00pm | 6:00pm - 9:00pm,,false
Marine Parade,CareHub 13 Medical Clinic,Wed,8:30am - 1:00pm | 2:00pm - 5:00pm | 6:00pm - 9:00pm,,false
Marine Parade,CareHub 13 Medical Clinic,Thurs,8:30am - 1:00pm | 2:00pm - 5:00pm | 6:00pm - 9:00pm,,false
Marine Parade,CareHub 13 Medical Clinic,Fri,8:30am - 1:00pm | 2:00pm - 5:00pm | 6:00pm - 9:00pm,,false
Marine Parade,CareHub 13 Medical Clinic,Sat,8:30am - 1:00pm,,false
Marine Parade,CareHub 13 Medical Clinic,Sun,,Closed,true
Marine Parade,CareHub 13 Medical Clinic,PH,,Closed,true
Marine Parade,Central [Clinic + 81 Surgery] Marine Parade,Mon,8:00am - 6:00pm,,false
Marine Parade,Central [Clinic + 81 Surgery] Marine Parade,Tues,8:00am - 6:00pm,,false
Marine Parade,Central [Clinic + 81 Surgery] Marine Parade,Wed,8:00am - 6:00pm,,false
Marine Parade,Central [Clinic + 81 Surgery] Marine Parade,Thurs,8:00am - 6:00pm,,false
Marine Parade,Central [Clinic + 81 Surgery] Marine Parade,Fri,8:00am - 6:00pm,,false
Marine Parade,Central [Clinic + 81 Surgery] Marine Parade,Sat,8:00am - 6:00pm,,false
Marine Parade,Central [Clinic + 81 Surgery] Marine Parade,Sun,8:00am - 1:00pm,,false
Marine Parade,Central [Clinic + 81 Surgery] Marine Parade,PH,,Closed,true
Marine Parade,DR+ Medical & Paincare East Coast,Mon,8:00am - 2:00pm,,false
Marine Parade,DR+ Medical & Paincare East Coast,Tues,8:00am - 2:00pm,,false
Marine Parade,DR+ Medical & Paincare East Coast,Wed,8:00am - 2:00pm,,false
Marine Parade,DR+ Medical & Paincare East Coast,Thurs,6:00pm - 9:00pm,,false
Marine Parade,DR+ Medical & Paincare East Coast,Fri,8:00am - 2:00pm,,false
Marine Parade,DR+ Medical & Paincare East Coast,Sat,8:00am - 12:00pm,,false
Marine Parade,DR+ Medical & Paincare East Coast,Sun,10:00am - 1:00pm,,false
Marine Parade,DR+ Medical & Paincare East Coast,PH,,Closed,true
Marine Parade,East Coast Family Clinic,Mon,8:30am - 3:00pm,,false
Marine Parade,East Coast Family Clinic,Tues,8:30am - 3:00pm,,false
Marine Parade,East Coast Family Clinic,Wed,8:30am - 12:30pm,,false
Marine Parade,East Coast Family Clinic,Thurs,6:30pm - 8:30pm,,false
Marine Parade,East Coast Family Clinic,Fri,8:30am - 3:00pm,,false
Marine Parade,East Coast Family Clinic,Sat,9:00am - 12:30pm,,false
Marine Parade,East Coast Family Clinic,Sun,9:00am - 12:30pm,,false
Marine Parade,East Coast Family Clinic,PH,,On selected PH (To call the clinic to confirm),false
Marine Parade,Inspire Medical 8 Clinic (Jalan Batu),Mon,9:00am - 7:00pm,,false
Marine Parade,Inspire Medical 8 Clinic (Jalan Batu),Tues,9:00am - 7:00pm,,false
Marine Parade,Inspire Medical 8 Clinic (Jalan Batu),Wed,9:00am - 7:00pm,,false
Marine Parade,Inspire Medical 8 Clinic (Jalan Batu),Thurs,9:00am - 7:00pm,,false
Marine Parade,Inspire Medical 8 Clinic (Jalan Batu),Fri,9:00am - 7:00pm,,false
Marine Parade,Inspire Medical 8 Clinic (Jalan Batu),Sat,9:00am - 3:00pm,,false
Marine Parade,Inspire Medical 8 Clinic (Jalan Batu),Sun,9:00am - 3:00pm,,false
Marine Parade,Inspire Medical 8 Clinic (Jalan Batu),PH,9:00am - 3:00pm,(To call the clinic to confirm),false
Marine Parade,International 88 Medical Clinic (Katong),Mon,9:00am - 5:30pm,,false
Marine Parade,International 88 Medical Clinic (Katong),Tues,9:00am - 5:30pm,,false
Marine Parade,International 88 Medical Clinic (Katong),Wed,9:00am - 5:30pm,,false
Marine Parade,International 88 Medical Clinic (Katong),Thurs,9:00am - 5:30pm,,false
Marine Parade,International 88 Medical Clinic (Katong),Fri,9:00am - 5:30pm,,false
Marine Parade,International 88 Medical Clinic (Katong),Sat,9:00am - 1:00pm,,false
Marine Parade,International 88 Medical Clinic (Katong),Sun,,Closed,true
Marine Parade,International 88 Medical Clinic (Katong),PH,,Closed,true
Marine Parade,Kenneth Tan Medical Clinic (Joo Chiat),Mon,,By Appointment Only,false
Marine Parade,Kenneth Tan Medical Clinic (Joo Chiat),Tues,,By Appointment Only,false
Marine Parade,Kenneth Tan Medical Clinic (Joo Chiat),Wed,,By Appointment Only,false
Marine Parade,Kenneth Tan Medical Clinic (Joo Chiat),Thurs,,By Appointment Only,false
Marine Parade,Kenneth Tan Medical Clinic (Joo Chiat),Fri,,By Appointment Only,false
Marine Parade,Kenneth Tan Medical Clinic (Joo Chiat),Sat,,Closed,true
Marine Parade,Kenneth Tan Medical Clinic (Joo Chiat),Sun,,Closed,true
Marine Parade,Kenneth Tan Medical Clinic (Joo Chiat),PH,,Closed,true
Marine Parade,Marine Parade 59 Clinic,Mon,8:30am - 9:00pm,,false
Marine Parade,Marine Parade 59 Clinic,Tues,8:30am - 6:00pm,,false
Marine Parade,Marine Parade 59 Clinic,Wed,8:30am - 6:00pm,,false
Marine Parade,Marine Parade 59 Clinic,Thurs,8:30am - 6:00pm,,false
Marine Parade,Marine Parade 59 Clinic,Fri,8:30am - 6:00pm,,false
Marine Parade,Marine Parade 59 Clinic,Sat,8:30am - 12:30pm,,false
Marine Parade,Marine Parade 59 Clinic,Sun,8:30am - 12:30pm,,false
Marine Parade,Marine Parade 59 Clinic,PH,,Closed,true
Marine Parade,Marine Terrace 57 Family Clinic,Mon,7:30am - 10:00am | 3:30pm - 8:00pm,,false
Marine Parade,Marine Terrace 57 Family Clinic,Tues,7:30am - 10:00am | 3:30pm - 8:00pm,,false
Marine Parade,Marine Terrace 57 Family Clinic,Wed,7:30am - 10:00am | 3:30pm - 8:00pm,,false
Marine Parade,Marine Terrace 57 Family Clinic,Thurs,7:30am - 10:00am | 3:30pm - 8:00pm,,false
Marine Parade,Marine Terrace 57 Family Clinic,Fri,7:30am - 10:00am,,false
Marine Parade,Marine Terrace 57 Family Clinic,Sat,7:30am - 8:30am,,false
Marine Parade,Marine Terrace 57 Family Clinic,Sun,7:30am - 12:00pm,,false
Marine Parade,Marine Terrace 57 Family Clinic,PH,,Closed,true
Marine Parade,Mediline Wei 81 Min Clinic (Marine Parade),Mon,8:00am - 2:00pm | 3:00pm - 8:00pm,,false
Marine Parade,Mediline Wei 81 Min Clinic (Marine Parade),Tues,8:00am - 2:00pm | 3:00pm - 8:00pm,,false
Marine Parade,Mediline Wei 81 Min Clinic (Marine Parade),Wed,8:00am - 2:00pm | 3:00pm - 8:00pm,,false
Marine Parade,Mediline Wei 81 Min Clinic (Marine Parade),Thurs,8:00am - 2:00pm | 3:00pm - 8:00pm,,false
Marine Parade,Mediline Wei 81 Min Clinic (Marine Parade),Fri,8:00am - 2:00pm | 3:00pm - 6:00pm,,false
Marine Parade,Mediline Wei 81 Min Clinic (Marine Parade),Sat,8:00am - 1:00pm | 2:00pm - 6:00pm,,false
Marine Parade,Mediline Wei 81 Min Clinic (Marine Parade),Sun,8:00am - 2:00pm | 3:00pm - 6:00pm,,false
Marine Parade,Mediline Wei 81 Min Clinic (Marine Parade),PH,8:00am - 2:00pm | 3:00pm - 6:00pm,,false
Marine Parade,57 Medical 1 Clinic (Parkway Centre),Mon,8:00am - 1:00pm,,false
Marine Parade,57 Medical 1 Clinic (Parkway Centre),Tues,8:00am - 1:00pm,,false
Marine Parade,57 Medical 1 Clinic (Parkway Centre),Wed,8:00am - 1:00pm,,false
Marine Parade,57 Medical 1 Clinic (Parkway Centre),Thurs,2:00pm - 5:00pm | 6:00pm - 9:00pm,,false
Marine Parade,57 Medical 1 Clinic (Parkway Centre),Fri,8:00am - 1:00pm,,false
Marine Parade,57 Medical 1 Clinic (Parkway Centre),Sat,8:00am - 1:00pm,,false
Marine Parade,57 Medical 1 Clinic (Parkway Centre),Sun,9:00am - 12:00pm,,false
Marine Parade,57 Medical 1 Clinic (Parkway Centre),PH,9:00am - 12:00pm,,false
Newton,Babysteps & Beyond Family & Child Clinic,Mon,9:00am - 1:00pm | 2:00pm - 5:30pm | 6:30pm - 9:00pm,,false
Newton,Babysteps & Beyond Family & Child Clinic,Tues,9:00am - 1:00pm | 2:00pm - 5:30pm | 6:30pm - 9:00pm,,false
Newton,Babysteps & Beyond Family & Child Clinic,Wed,9:00am - 1:00pm | 2:00pm - 5:30pm | 6:30pm - 9:00pm,,false
Newton,Babysteps & Beyond Family & Child Clinic,Thurs,9:00am - 1:00pm | 2:00pm - 5:30pm | 6:30pm - 9:00pm,,false
Newton,Babysteps & Beyond Family & Child Clinic,Fri,9:00am - 1:00pm | 2:00pm - 5:30pm,,false
Newton,Babysteps & Beyond Family & Child Clinic,Sat,8:30am - 12:30pm,,false
Newton,Babysteps & Beyond Family & Child Clinic,Sun,8:30am - 12:30pm,,false
Newton,Babysteps & Beyond Family & Child Clinic,PH,8:30am - 12:30pm,,false
Novena,Dr Lim Lean Huat & Associates,Mon,8:30am - 12:30pm | 2:30pm - 5:30pm,,false
Novena,Dr Lim Lean Huat & Associates,Tues,8:30am - 12:30pm | 2:30pm - 5:30pm,,false
Novena,Dr Lim Lean Huat & Associates,Wed,8:30am - 12:30pm | 2:30pm - 5:30pm,,false
Novena,Dr Lim Lean Huat & Associates,Thurs,8:30am - 12:30pm | 2:30pm - 5:30pm,,false
Novena,Dr Lim Lean Huat & Associates,Fri,8:30am - 12:30pm | 2:30pm - 5:30pm,,false
Novena,Dr Lim Lean Huat & Associates,Sat,8:30am - 12:30pm,,false
Novena,Dr Lim Lean Huat & Associates,Sun,,Closed,true
Novena,Dr Lim Lean Huat & Associates,PH,,Closed,true
Novena,HeartlandHealth (Whampoa),Mon,7:00am - 11:00pm,,false
Novena,HeartlandHealth (Whampoa),Tues,7:00am - 11:00pm,,false
Novena,HeartlandHealth (Whampoa),Wed,7:00am - 11:00pm,,false
Novena,HeartlandHealth (Whampoa),Thurs,7:00am - 11:00pm,,false
Novena,HeartlandHealth (Whampoa),Fri,7:00am - 11:00pm,,false
Novena,HeartlandHealth (Whampoa),Sat,7:00am - 1:00pm | 6:00pm - 11:00pm,,false
Novena,HeartlandHealth (Whampoa),Sun,7:00am - 1:00pm | 6:00pm - 11:00pm,,false
Novena,HeartlandHealth (Whampoa),PH,7:00am - 11:00pm,,false
Novena,Phoenix Medical Group (Novena),Thurs,9:00am - 3:00pm,*,false
Novena,Phoenix Medical Group (Novena),Fri,6:00pm - 9:00pm,*,false
Novena,Phoenix Medical Group (Novena),Sat,9:00am - 1:00pm,*,false
Novena,Phoenix Medical Group (Novena),Sun,2:00pm - 9:00pm,* (*) Last registration 15 minutes before closing,false
Novena,Phoenix Medical Group (Novena),PH,,Closed,true
Novena,The Tenteram Clinic,Mon,9:00am - 12:00pm | 7:00pm - 9:00pm,,false
Novena,The Tenteram Clinic,Tues,9:00am - 12:00pm | 7:00pm - 9:00pm,,false
Novena,The Tenteram Clinic,Wed,9:00am - 12:00pm | 7:00pm - 9:00pm,,false
Novena,The Tenteram Clinic,Thurs,9:00am - 12:00pm | 7:00pm - 9:00pm,,false
Novena,The Tenteram Clinic,Fri,9:00am - 12:00pm,,false
Novena,The Tenteram Clinic,Sat,9:00am - 12:00pm,,false
Novena,The Tenteram Clinic,Sun,,Closed,true
Novena,The Tenteram Clinic,PH,,Closed,true
Novena,"24-Hr Family Clinic, Thomson Medical Centre",Mon,12:00am - 12:00am,,false
Novena,"24-Hr Family Clinic, Thomson Medical Centre",Tues,12:00am - 12:00am,,false
Novena,"24-Hr Family Clinic, Thomson Medical Centre",Wed,12:00am - 12:00am,,false
Novena,"24-Hr Family Clinic, Thomson Medical Centre",Thurs,12:00am - 12:00am,,false
Novena,"24-Hr Family Clinic, Thomson Medical Centre",Fri,12:00am - 12:00am,,false
Novena,"24-Hr Family Clinic, Thomson Medical Centre",Sat,12:00am - 12:00am,,false
Novena,"24-Hr Family Clinic, Thomson Medical Centre",Sun,12:00am - 12:00am,,false
Novena,"24-Hr Family Clinic, Thomson Medical Centre",PH,12:00am - 12:00am,,false
One-north,Carelite Medical 1 Clinic (Dover Medical Centre),Mon,8:30am - 12:30pm | 1:30pm - 5:45pm,,false
One-north,Carelite Medical 1 Clinic (Dover Medical Centre),Tues,8:30am - 12:30pm | 1:30pm - 5:45pm,,false
One-north,Carelite Medical 1 Clinic (Dover Medical Centre),Wed,8:30am - 12:30pm | 1:30pm - 5:45pm,,false
One-north,Carelite Medical 1 Clinic (Dover Medical Centre),Thurs,8:30am - 12:30pm | 1:30pm - 5:45pm,,false
One-north,Carelite Medical 1 Clinic (Dover Medical Centre),Fri,8:30am - 12:30pm | 1:30pm - 5:45pm,,false
One-north,Carelite Medical 1 Clinic (Dover Medical Centre),Sat,,Closed,true
One-north,Carelite Medical 1 Clinic (Dover Medical Centre),Sun,,Closed,true
One-north,Carelite Medical 1 Clinic (Dover Medical Centre),PH,,Closed,true
Orchard,Asia Health Partners,Mon,8:30am - 5:30pm,,false
Orchard,Asia Health Partners,Tues,8:30am - 5:30pm,,false
Orchard,Asia Health Partners,Wed,8:30am - 5:30pm,,false
Orchard,Asia Health Partners,Thurs,8:30am - 5:30pm,,false
Orchard,Asia Health Partners,Fri,8:30am - 5:30pm,,false
Orchard,Asia Health Partners,Sat,8:30am - 12:30pm,,false
Orchard,Asia Health Partners,Sun,,Closed,true
Orchard,Asia Health Partners,PH,,Closed,true
Orchard,Forum Medical Clinic,Mon,9:00am - 6:00pm,,false
Orchard,Forum Medical Clinic,Tues,9:00am - 6:00pm,,false
Orchard,Forum Medical Clinic,Wed,9:00am - 6:00pm,,false
Orchard,Forum Medical Clinic,Thurs,9:00am - 6:00pm,,false
Orchard,Forum Medical Clinic,Fri,9:00am - 6:00pm,,false
Orchard,Forum Medical Clinic,Sat,9:00am - 1:00pm,,false
Orchard,Forum Medical Clinic,Sun,,Closed,true
Orchard,Forum Medical Clinic,PH,,Closed,true
Orchard,Healthway Japanese Medical,Mon,9:00am - 1:00pm | 2:00pm - 6:00pm,,false
Orchard,Healthway Japanese Medical,Tues,9:00am - 1:00pm | 2:00pm - 6:00pm,,false
Orchard,Healthway Japanese Medical,Wed,9:00am - 1:00pm | 2:00pm - 6:00pm,,false
Orchard,Healthway Japanese Medical,Thurs,9:00am - 1:00pm | 2:00pm - 6:00pm,,false
Orchard,Healthway Japanese Medical,Fri,9:00am - 1:00pm | 2:00pm - 6:00pm,,false
Orchard,Healthway Japanese Medical,Sat,9:00am - 1:00pm,,false
Orchard,Healthway Japanese Medical,Sun,,Closed,true
Orchard,Healthway Japanese Medical,PH,,Closed,true
Orchard,International 1 Medical Clinic (Orchard),Mon,8:00am - 5:30pm,,false
Orchard,International 1 Medical Clinic (Orchard),Tues,8:00am - 5:30pm,,false
Orchard,International 1 Medical Clinic (Orchard),Wed,8:00am - 5:30pm,,false
Orchard,International 1 Medical Clinic (Orchard),Thurs,8:00am - 5:30pm,,false
Orchard,International 1 Medical Clinic (Orchard),Fri,8:00am - 5:30pm,,false
Orchard,International 1 Medical Clinic (Orchard),Sat,9:00am - 1:00pm,,false
Orchard,International 1 Medical Clinic (Orchard),Sun,,Closed,true
Orchard,International 1 Medical Clinic (Orchard),PH,,Closed,true
Orchard,MSC Clinic 1,Mon,9:30am - 6:00pm,,false
Orchard,MSC Clinic 1,Tues,9:30am - 6:00pm,,false
Orchard,MSC Clinic 1,Wed,9:30am - 6:00pm,,false
Orchard,MSC Clinic 1,Thurs,9:30am - 6:00pm,,false
Orchard,MSC Clinic 1,Fri,9:30am - 6:00pm,,false
Orchard,MSC Clinic 1,Sat,9:30am - 4:00pm,,false
Orchard,MSC Clinic 1,Sun,,Closed,true
Orchard,MSC Clinic 1,PH,,Closed,true
Pasir Ris,BCH Clinic @ 21 Pasir Ris,Mon,8:30am - 1:30pm | 6:00pm - 8:30pm,,false
Pasir Ris,BCH Clinic @ 21 Pasir Ris,Tues,8:30am - 1:30pm | 6:00pm - 8:30pm,,false
Pasir Ris,BCH Clinic @ 21 Pasir Ris,Wed,8:30am - 1:30pm | 6:00pm - 8:30pm,,false
Pasir Ris,BCH Clinic @ 21 Pasir Ris,Thurs,8:30am - 1:30pm | 6:00pm - 8:30pm,,false
Pasir Ris,BCH Clinic @ 21 Pasir Ris,Fri,8:30am - 1:30pm | 6:00pm - 8:30pm,,false
Pasir Ris,BCH Clinic @ 21 Pasir Ris,Sat,,Closed,true
Pasir Ris,BCH Clinic @ 21 Pasir Ris,Sun,8:30am - 12:30pm,,false
Pasir Ris,BCH Clinic @ 21 Pasir Ris,PH,,Closed,true
Pasir Ris,Bond Family Clinic,Mon,8:30am - 1:00pm | 6:30pm - 9:30pm,,false
Pasir Ris,Bond Family Clinic,Tues,8:30am - 1:30pm | 6:30pm - 9:30pm,,false
Pasir Ris,Bond Family Clinic,Wed,8:30am - 1:30pm | 6:30pm - 9:30pm,,false
Pasir Ris,Bond Family Clinic,Thurs,8:30am - 1:30pm | 6:30pm - 9:30pm,,false
Pasir Ris,Bond Family Clinic,Fri,8:30am - 1:30pm | 6:30pm - 9:30pm,,false
Pasir Ris,Bond Family Clinic,Sat,9:00am - 1:00pm,,false
Pasir Ris,Bond Family Clinic,Sun,,6:00pm - 9:0pm,false
Pasir Ris,Bond Family Clinic,PH,9:00am - 1:00pm,,false
Pasir Ris,Caring Medical Clinic,Mon,8:30am - 2:00pm | 3:00pm - 9:00pm,,false
Pasir Ris,Caring Medical Clinic,Tues,8:30am - 2:00pm | 6:00pm - 9:00pm,,false
Pasir Ris,Caring Medical Clinic,Wed,8:30am - 2:00pm | 6:00pm - 9:00pm,,false
Pasir Ris,Caring Medical Clinic,Thurs,8:30am - 2:00pm | 6:00pm - 9:00pm,,false
Pasir Ris,Caring Medical Clinic,Fri,8:30am - 2:00pm | 6:00pm - 9:00pm,,false
Pasir Ris,Caring Medical Clinic,Sat,8:30am - 12:30pm,,false
Pasir Ris,Caring Medical Clinic,Sun,8:30am - 2:00pm | 6:00pm - 9:00pm,,false
Pasir Ris,Caring Medical Clinic,PH,,Closed,true
Pasir Ris,Clinic10,Mon,8:30am - 4:15pm,,false
Pasir Ris,Clinic10,Tues,8:30am - 4:15pm,,false
Pasir Ris,Clinic10,Wed,8:30am - 4:15pm,,false
Pasir Ris,Clinic10,Thurs,8:30am - 4:15pm,,false
Pasir Ris,Clinic10,Fri,8:30am - 4:15pm,,false
Pasir Ris,Clinic10,Sat,,Closed,true
Pasir Ris,Clinic10,Sun,9:00am - 12:00pm,,false
Pasir Ris,Clinic10,PH,,Closed,true
Pasir Ris,Fullerton Health 7 Hub @ Pasir Ris,Mon,8:30am - 12:30pm | 1:30pm - 5:30pm | 6:30pm - 8:30pm,,false
Pasir Ris,Fullerton Health 7 Hub @ Pasir Ris,Tues,8:30am - 12:30pm | 1:30pm - 5:30pm | 6:30pm - 8:30pm,,false
Pasir Ris,Fullerton Health 7 Hub @ Pasir Ris,Wed,8:30am - 12:30pm | 1:30pm - 5:30pm | 6:30pm - 8:30pm,,false
Pasir Ris,Fullerton Health 7 Hub @ Pasir Ris,Thurs,8:30am - 12:30pm | 1:30pm - 5:30pm | 6:30pm - 8:30pm,,false
Pasir Ris,Fullerton Health 7 Hub @ Pasir Ris,Fri,8:30am - 12:30pm | 1:30pm - 5:30pm | 6:30pm - 8:30pm,,false
Pasir Ris,Fullerton Health 7 Hub @ Pasir Ris,Sat,8:30am - 12:30pm | 1:30pm - 5:30pm | 6:30pm - 8:30pm,,false
Pasir Ris,Fullerton Health 7 Hub @ Pasir Ris,Sun,8:30am - 12:30pm | 1:30pm - 5:30pm | 6:30pm - 8:30pm,,false
Pasir Ris,Fullerton Health 7 Hub @ Pasir Ris,PH,8:30am - 12:30pm | 1:30pm - 5:30pm | 6:30pm - 8:30pm,,false
Pasir Ris,Hamid Family Clinic & Surgery,Mon,9:00am - 12:00pm | 1:30pm - 3:30pm | 7:00pm - 9:00pm,,false
Pasir Ris,Hamid Family Clinic & Surgery,Tues,9:00am - 12:00pm | 1:30pm - 3:30pm,,false
Pasir Ris,Hamid Family Clinic & Surgery,Wed,9:00am - 12:00pm | 1:30pm - 3:30pm | 7:00pm - 9:00pm,,false
Pasir Ris,Hamid Family Clinic & Surgery,Thurs,9:00am - 12:00pm | 1:30pm - 3:30pm,,false
Pasir Ris,Hamid Family Clinic & Surgery,Fri,9:00am - 12:00pm | 1:30pm - 3:30pm | 7:00pm - 9:00pm,,false
Pasir Ris,Hamid Family Clinic & Surgery,Sat,9:00am - 12:00pm,,false
Pasir Ris,Hamid Family Clinic & Surgery,Sun,,Closed,true
Pasir Ris,Hamid Family Clinic & Surgery,PH,,Closed,true
Pasir Ris,HealthMatters - 1 The Family Practices,Mon,8:30am - 1:00pm | 3:00pm - 7:00pm | 8:30am - 12:30pm,(WhatsApp Only) Sat:,false
Pasir Ris,HealthMatters - 1 The Family Practices,Tues,8:30am - 1:00pm | 3:00pm - 7:00pm | 8:30am - 12:30pm,(WhatsApp Only) Sat:,false
Pasir Ris,HealthMatters - 1 The Family Practices,Wed,8:30am - 1:00pm | 3:00pm - 7:00pm | 8:30am - 12:30pm,(WhatsApp Only) Sat:,false
Pasir Ris,HealthMatters - 1 The Family Practices,Thurs,8:30am - 1:00pm | 3:00pm - 7:00pm | 8:30am - 12:30pm,(WhatsApp Only) Sat:,false
Pasir Ris,HealthMatters - 1 The Family Practices,Fri,8:30am - 1:00pm | 3:00pm - 7:00pm | 8:30am - 12:30pm,(WhatsApp Only) Sat:,false
Pasir Ris,HealthMatters - 1 The Family Practices,Sun,,Closed,true
Pasir Ris,HealthMatters - 1 The Family Practices,PH,,Closed,true
Pasir Ris,Lily Aw Pasir Ris Family Clinic & Surgery,Mon,8:30am - 1:00pm | 2:00pm - 5:00pm | 6:00pm - 9:00pm,,false
Pasir Ris,Lily Aw Pasir Ris Family Clinic & Surgery,Tues,8:30am - 1:00pm | 2:00pm - 5:00pm | 6:00pm - 9:00pm,,false
Pasir Ris,Lily Aw Pasir Ris Family Clinic & Surgery,Wed,8:30am - 1:00pm | 2:00pm - 5:00pm | 6:00pm - 9:00pm,,false
Pasir Ris,Lily Aw Pasir Ris Family Clinic & Surgery,Thurs,8:30am - 1:00pm | 2:00pm - 5:00pm | 6:00pm - 9:00pm,,false
Pasir Ris,Lily Aw Pasir Ris Family Clinic & Surgery,Fri,8:30am - 1:00pm | 2:00pm - 5:00pm | 6:00pm - 9:00pm,,false
Pasir Ris,Lily Aw Pasir Ris Family Clinic & Surgery,Sat,8:30am - 12:30pm,,false
Pasir Ris,Lily Aw Pasir Ris Family Clinic & Surgery,Sun,8:30am - 12:30pm,,false
Pasir Ris,Lily Aw Pasir Ris Family Clinic & Surgery,PH,8:30am - 12:30pm,,false
Pasir Ris,Minmed Clinic 1 (Pasir Ris),Mon,8:30am - 1:00pm | 2:00pm - 9:00pm,,false
Pasir Ris,Minmed Clinic 1 (Pasir Ris),Tues,8:30am - 1:00pm | 2:00pm - 9:00pm,,false
Pasir Ris,Minmed Clinic 1 (Pasir Ris),Wed,8:30am - 1:00pm | 2:00pm - 9:00pm,,false
Pasir Ris,Minmed Clinic 1 (Pasir Ris),Thurs,8:30am - 1:00pm | 2:00pm - 9:00pm,,false
Pasir Ris,Minmed Clinic 1 (Pasir Ris),Fri,8:30am - 1:00pm | 2:00pm - 9:00pm,,false
Pasir Ris,Minmed Clinic 1 (Pasir Ris),Sat,9:00am - 5:00pm,,false
Pasir Ris,Minmed Clinic 1 (Pasir Ris),Sun,9:00am - 5:00pm,,false
Pasir Ris,Minmed Clinic 1 (Pasir Ris),PH,8:30am - 9:00pm,,false
Pasir Ris,Parkway 7 Shenton Medical Clinic (Pasir Ris Mall),Mon,8:30am - 1:00pm,,false
Pasir Ris,Parkway 7 Shenton Medical Clinic (Pasir Ris Mall),Tues,8:30am - 1:00pm | 2:00pm - 5:30pm,,false
Pasir Ris,Parkway 7 Shenton Medical Clinic (Pasir Ris Mall),Wed,8:30am - 1:00pm,,false
Pasir Ris,Parkway 7 Shenton Medical Clinic (Pasir Ris Mall),Thurs,8:30am - 1:00pm | 2:00pm - 5:30pm,,false
Pasir Ris,Parkway 7 Shenton Medical Clinic (Pasir Ris Mall),Fri,8:30am - 1:00pm,,false
Pasir Ris,Parkway 7 Shenton Medical Clinic (Pasir Ris Mall),Sat,2:00pm - 5:30pm | 6:30pm - 10:00pm,,false
Pasir Ris,Parkway 7 Shenton Medical Clinic (Pasir Ris Mall),Sun,2:00pm - 5:30pm | 6:30pm - 10:00pm,,false
Pasir Ris,Parkway 7 Shenton Medical Clinic (Pasir Ris Mall),PH,8:30am - 1:00pm | 2:00pm - 5:30pm | 6:30pm - 10:00pm,,false
Pasir Ris,Pinnacle Family Clinic (Pasir Ris),Mon,8:00am - 1:00pm | 2:00pm - 4:00pm | 6:00pm - 9:00pm,(WhatsApp Only),false
Pasir Ris,Pinnacle Family Clinic (Pasir Ris),Tues,8:00am - 1:00pm | 2:00pm - 4:00pm | 6:00pm - 9:00pm,(WhatsApp Only),false
Pasir Ris,Pinnacle Family Clinic (Pasir Ris),Wed,8:00am - 1:00pm | 2:00pm - 4:00pm | 6:00pm - 9:00pm,(WhatsApp Only),false
Pasir Ris,Pinnacle Family Clinic (Pasir Ris),Thurs,8:00am - 1:00pm | 2:00pm - 4:00pm | 6:00pm - 9:00pm,(WhatsApp Only),false
Pasir Ris,Pinnacle Family Clinic (Pasir Ris),Fri,8:00am - 1:00pm | 2:00pm - 4:00pm,,false
Pasir Ris,Pinnacle Family Clinic (Pasir Ris),Sat,9:00am - 1:00pm,,false
Pasir Ris,Pinnacle Family Clinic (Pasir Ris),Sun,9:00am - 12:00pm,,false
Pasir Ris,Pinnacle Family Clinic (Pasir Ris),PH,,Closed,true
Pasir Ris,Our Family Clinic + Surgery,Mon,8:30am - 12:00pm | 1:00pm - 3:00pm | 6:00pm - 9:00pm,,false
Pasir Ris,Our Family Clinic + Surgery,Tues,8:30am - 12:00pm | 1:00pm - 3:00pm | 6:00pm - 9:00pm,,false
Pasir Ris,Our Family Clinic + Surgery,Wed,8:30am - 12:00pm | 1:00pm - 3:00pm,,false
Pasir Ris,Our Family Clinic + Surgery,Thurs,8:30am - 12:00pm | 1:00pm - 3:00pm,,false
Pasir Ris,Our Family Clinic + Surgery,Fri,8:30am - 12:00pm | 1:00pm - 3:00pm,,false
Pasir Ris,Our Family Clinic + Surgery,Sat,9:00am - 12:00pm,,false
Pasir Ris,Our Family Clinic + Surgery,Sun,,Closed,true
Pasir Ris,Our Family Clinic + Surgery,PH,,Closed,true
Pasir Ris,O2 Medical Clinic,Mon,8:30am - 2:00pm,,false
Pasir Ris,O2 Medical Clinic,Tues,8:30am - 2:00pm,,false
Pasir Ris,O2 Medical Clinic,Wed,8:30am - 2:00pm,,false
Pasir Ris,O2 Medical Clinic,Thurs,6:00pm - 9:00pm,,false
Pasir Ris,O2 Medical Clinic,Fri,8:30am - 2:00pm,,false
Pasir Ris,O2 Medical Clinic,Sat,9:00am - 1:00pm,,false
Pasir Ris,O2 Medical Clinic,Sun,9:00am - 1:00pm,,false
Pasir Ris,O2 Medical Clinic,PH,,Closed,true
Pasir Ris,Pasir Ris Clinic and Surgery,Mon,8:30am - 12:30pm,,false
Pasir Ris,Pasir Ris Clinic and Surgery,Tues,8:30am - 12:30pm,,false
Pasir Ris,Pasir Ris Clinic and Surgery,Wed,8:30am - 12:30pm,,false
Pasir Ris,Pasir Ris Clinic and Surgery,Thurs,2:00pm - 4:30pm | 7:00pm - 9:00pm,,false
Pasir Ris,Pasir Ris Clinic and Surgery,Fri,2:00pm - 4:30pm | 7:00pm - 9:00pm,,false
Pasir Ris,Pasir Ris Clinic and Surgery,Sat,8:30am - 12:30pm,,false
Pasir Ris,Pasir Ris Clinic and Surgery,Sun,,Closed,true
Pasir Ris,Pasir Ris Clinic and Surgery,PH,,Closed,true
Pasir Ris,Uniq Medical Clinic,Mon,9:00am - 1:00pm | 6:00pm - 9:00pm,,false
Pasir Ris,Uniq Medical Clinic,Tues,9:00am - 1:00pm | 6:00pm - 9:00pm,,false
Pasir Ris,Uniq Medical Clinic,Wed,9:00am - 1:00pm | 6:00pm - 9:00pm,,false
Pasir Ris,Uniq Medical Clinic,Thurs,9:00am - 1:00pm | 6:00pm - 9:00pm,,false
Pasir Ris,Uniq Medical Clinic,Fri,9:00am - 1:00pm | 6:00pm - 9:00pm,,false
Pasir Ris,Uniq Medical Clinic,Sat,9:00am - 1:00pm,,false
Pasir Ris,Uniq Medical Clinic,Sun,,Closed,true
Pasir Ris,Uniq Medical Clinic,PH,9:00am - 1:00pm,,false
Punggol,Calrose Medical Family Clinic,Mon,8:30am - 1:00pm,,false
Punggol,Calrose Medical Family Clinic,Tues,8:30am - 1:00pm,,false
Punggol,Calrose Medical Family Clinic,Wed,8:30am - 1:00pm | 2:30pm - 7:30pm,,false
Punggol,Calrose Medical Family Clinic,Thurs,6:00pm - 9:30pm,,false
Punggol,Calrose Medical Family Clinic,Fri,6:00pm - 9:30pm,,false
Punggol,Calrose Medical Family Clinic,Sat,8:30am - 1:00pm,,false
Punggol,Calrose Medical Family Clinic,Sun,6:00pm - 9:30pm,,false
Punggol,Calrose Medical Family Clinic,PH,,Closed,true
Punggol,Edgedale Medical Clinic (Punggol),Mon,9:00am - 4:00pm | 6:00pm - 10:00pm,,false
Punggol,Edgedale Medical Clinic (Punggol),Tues,9:00am - 4:00pm | 6:00pm - 10:00pm,,false
Punggol,Edgedale Medical Clinic (Punggol),Wed,9:00am - 4:00pm | 6:00pm - 10:00pm,,false
Punggol,Edgedale Medical Clinic (Punggol),Thurs,9:00am - 4:00pm | 6:00pm - 10:00pm,,false
Punggol,Edgedale Medical Clinic (Punggol),Fri,9:00am - 4:00pm | 6:00pm - 10:00pm,,false
Punggol,Edgedale Medical Clinic (Punggol),Sat,9:00am - 1:00pm | 6:00pm - 10:00pm,,false
Punggol,Edgedale Medical Clinic (Punggol),Sun,9:00am - 1:00pm | 6:00pm - 10:00pm,,false
Punggol,Edgedale Medical Clinic (Punggol),PH,9:00am - 12:00pm,,false
Punggol,Etern Medical 70 Clinic,Mon,8:30am - 1:00pm | 2:00pm - 5:00pm | 6:30pm - 9:30pm,(WhatsApp Only),false
Punggol,Etern Medical 70 Clinic,Tues,8:30am - 1:00pm | 2:00pm - 5:00pm | 6:30pm - 9:30pm,(WhatsApp Only),false
Punggol,Etern Medical 70 Clinic,Wed,8:30am - 1:00pm | 2:00pm - 5:00pm | 6:30pm - 9:30pm,(WhatsApp Only),false
Punggol,Etern Medical 70 Clinic,Thurs,8:30am - 1:00pm | 2:00pm - 5:00pm | 6:30pm - 9:30pm,(WhatsApp Only),false
Punggol,Etern Medical 70 Clinic,Fri,8:30am - 1:00pm | 2:00pm - 5:00pm | 6:30pm - 9:30pm,(WhatsApp Only),false
Punggol,Etern Medical 70 Clinic,Sat,8:30am - 1:00pm,,false
Punggol,Etern Medical 70 Clinic,Sun,8:30am - 1:00pm,,false
Punggol,Etern Medical 70 Clinic,PH,8:30am - 1:00pm,,false
Punggol,Healthmark Family Clinic (Punggol),Mon,8:30am - 2:00pm | 6:00pm - 9:00pm,,false
Punggol,Healthmark Family Clinic (Punggol),Tues,8:30am - 2:00pm | 6:00pm - 9:00pm,,false
Punggol,Healthmark Family Clinic (Punggol),Wed,8:30am - 2:00pm | 6:00pm - 9:00pm,,false
Punggol,Healthmark Family Clinic (Punggol),Thurs,8:30am - 2:00pm | 6:00pm - 9:00pm,,false
Punggol,Healthmark Family Clinic (Punggol),Fri,8:30am - 2:00pm,,false
Punggol,Healthmark Family Clinic (Punggol),Sat,8:30am - 1:00pm,,false
Punggol,Healthmark Family Clinic (Punggol),Sun,,Closed,true
Punggol,Healthmark Family Clinic (Punggol),PH,,Closed,true
Punggol,Kenneth Tan Medical Clinic Northeast Medical Group (Punggol),Mon,9:00am - 1:00pm | 9:00am - 1:00pm | 2:00pm - 6:00pm,,false
Punggol,Kenneth Tan Medical Clinic Northeast Medical Group (Punggol),Tues,9:00am - 1:00pm | 9:00am - 1:00pm | 2:00pm - 6:00pm,,false
Punggol,Kenneth Tan Medical Clinic Northeast Medical Group (Punggol),Wed,9:00am - 1:00pm | 3:00pm - 6:00pm | 9:00am - 1:00pm | 2:00pm - 6:00pm,,false
Punggol,Kenneth Tan Medical Clinic Northeast Medical Group (Punggol),Thurs,9:00am - 1:00pm | 3:00pm - 6:00pm | 9:00am - 1:00pm | 2:00pm - 6:00pm,,false
Punggol,Kenneth Tan Medical Clinic Northeast Medical Group (Punggol),Fri,3:00pm - 8:00pm | 9:00am - 1:00pm | 2:00pm - 6:00pm,,false
Punggol,Kenneth Tan Medical Clinic Northeast Medical Group (Punggol),Sat,9:00am - 1:00pm | 9:00am - 1:00pm,,false
Punggol,Kenneth Tan Medical Clinic Northeast Medical Group (Punggol),Sun,,Closed,true
Punggol,Kenneth Tan Medical Clinic Northeast Medical Group (Punggol),PH,,Closed,true
Punggol,Northshore Family Clinic,Mon,8:30am - 2:30pm | 5:30pm - 9:00pm,,false
Punggol,Northshore Family Clinic,Tues,8:30am - 2:30pm | 5:30pm - 9:00pm,,false
Punggol,Northshore Family Clinic,Wed,8:30am - 2:30pm | 5:30pm - 9:00pm,,false
Punggol,Northshore Family Clinic,Thurs,8:30am - 2:30pm | 5:30pm - 9:00pm,,false
Punggol,Northshore Family Clinic,Fri,8:30am - 2:30pm | 5:30pm - 9:00pm,,false
Punggol,Northshore Family Clinic,Sat,9:00am - 9:00pm,,false
Punggol,Northshore Family Clinic,Sun,9:00am - 9:00pm,,false
Punggol,Northshore Family Clinic,PH,9:00am - 9:00pm,,false
Punggol,Northshore Family Clinic (Punggol Point),Mon,8:30am - 9:00pm,,false
Punggol,Northshore Family Clinic (Punggol Point),Tues,8:30am - 9:00pm,,false
Punggol,Northshore Family Clinic (Punggol Point),Wed,8:30am - 9:00pm,,false
Punggol,Northshore Family Clinic (Punggol Point),Thurs,8:30am - 9:00pm,,false
Punggol,Northshore Family Clinic (Punggol Point),Fri,8:30am - 9:00pm,,false
Punggol,Northshore Family Clinic (Punggol Point),Sat,9:00am - 9:00pm,,false
Punggol,Northshore Family Clinic (Punggol Point),Sun,9:00am - 9:00pm,,false
Punggol,Northshore Family Clinic (Punggol Point),PH,9:00am - 9:00pm,,false
Punggol,OneCare Clinic (Punggol Plaza),Mon,8:00am - 3:00pm | 5:00pm - 9:30pm,,false
Punggol,OneCare Clinic (Punggol Plaza),Tues,8:00am - 3:00pm | 5:00pm - 9:30pm,,false
Punggol,OneCare Clinic (Punggol Plaza),Wed,8:00am - 3:00pm | 5:00pm - 9:30pm,,false
Punggol,OneCare Clinic (Punggol Plaza),Thurs,8:00am - 3:00pm | 5:00pm - 9:30pm,,false
Punggol,OneCare Clinic (Punggol Plaza),Fri,8:00am - 3:00pm | 5:00pm - 9:30pm,,false
Punggol,OneCare Clinic (Punggol Plaza),Sat,8:00am - 1:00pm | 6:00pm - 9:30pm,,false
Punggol,OneCare Clinic (Punggol Plaza),Sun,8:00am - 1:00pm | 6:00pm - 9:30pm,,false
Punggol,OneCare Clinic (Punggol Plaza),PH,,To call the clinic to confirm,false
Punggol,OneCare Clinic (Punggol Sumang),Mon,8:00am - 2:00pm | 6:00pm - 9:00pm,,false
Punggol,OneCare Clinic (Punggol Sumang),Tues,8:00am - 2:00pm | 6:00pm - 9:00pm,,false
Punggol,OneCare Clinic (Punggol Sumang),Wed,8:00am - 2:00pm | 6:00pm - 9:00pm,,false
Punggol,OneCare Clinic (Punggol Sumang),Thurs,8:00am - 2:00pm | 6:00pm - 9:00pm,,false
Punggol,OneCare Clinic (Punggol Sumang),Fri,8:00am - 2:00pm | 6:00pm - 9:00pm,,false
Punggol,OneCare Clinic (Punggol Sumang),Sat,8:00am - 12:00pm,,false
Punggol,OneCare Clinic (Punggol Sumang),Sun,8:00am - 12:00pm,,false
Punggol,OneCare Clinic (Punggol Sumang),PH,,To call the clinic to confirm,false
Punggol,OneDoctors 83 Family Clinic (Punggol),Mon,9:00am - 9:00pm,,false
Punggol,OneDoctors 83 Family Clinic (Punggol),Tues,9:00am - 9:00pm,,false
Punggol,OneDoctors 83 Family Clinic (Punggol),Wed,9:00am - 9:00pm,,false
Punggol,OneDoctors 83 Family Clinic (Punggol),Thurs,9:00am - 9:00pm,,false
Punggol,OneDoctors 83 Family Clinic (Punggol),Fri,9:00am - 9:00pm,,false
Punggol,OneDoctors 83 Family Clinic (Punggol),Sat,9:00am - 3:00pm | 5:00pm - 9:00pm,,false
Punggol,OneDoctors 83 Family Clinic (Punggol),Sun,9:00am - 3:00pm,,false
Punggol,OneDoctors 83 Family Clinic (Punggol),PH,9:00am - 3:00pm,,false
Punggol,Panhealth Family Clinic,Mon,8:30am - 12:15pm | 2:30pm - 4:15pm | 6:30pm - 9:15pm,,false
Punggol,Panhealth Family Clinic,Tues,8:30am - 12:15pm | 2:30pm - 4:15pm | 6:30pm - 9:15pm,,false
Punggol,Panhealth Family Clinic,Wed,8:30am - 12:15pm | 2:30pm - 4:15pm | 6:30pm - 9:15pm,,false
Punggol,Panhealth Family Clinic,Thurs,8:30am - 12:15pm | 2:30pm - 4:15pm | 6:30pm - 9:15pm,,false
Punggol,Panhealth Family Clinic,Fri,8:30am - 12:15pm | 2:30pm - 4:15pm | 6:30pm - 9:15pm,,false
Punggol,Panhealth Family Clinic,Sat,8:30 am - 12:15pm,,false
Punggol,Panhealth Family Clinic,Sun,8:30 am - 12:15pm,,false
Punggol,Panhealth Family Clinic,PH,,Closed,true
Punggol,Parkway Shenton Medical Clinic (Punggol Oasis),Mon,8:00am - 1:00pm | 2:00pm - 5:00pm | 7:00pm - 10:00pm,,false
Punggol,Parkway Shenton Medical Clinic (Punggol Oasis),Tues,8:00am - 1:00pm | 2:00pm - 5:00pm | 7:00pm - 10:00pm,,false
Punggol,Parkway Shenton Medical Clinic (Punggol Oasis),Wed,8:00am - 1:00pm | 2:00pm - 5:00pm | 7:00pm - 10:00pm,,false
Punggol,Parkway Shenton Medical Clinic (Punggol Oasis),Thurs,8:00am - 1:00pm | 2:00pm - 5:00pm | 7:00pm - 10:00pm,,false
Punggol,Parkway Shenton Medical Clinic (Punggol Oasis),Fri,8:00am - 1:00pm | 2:00pm - 5:00pm | 7:00pm - 10:00pm,,false
Punggol,Parkway Shenton Medical Clinic (Punggol Oasis),Sat,8:00am - 1:00pm | 2:00pm - 5:00pm | 7:00pm - 10:00pm,,false
Punggol,Parkway Shenton Medical Clinic (Punggol Oasis),Sun,8:00am - 1:00pm | 2:00pm - 5:00pm | 7:00pm - 10:00pm,,false
Punggol,Parkway Shenton Medical Clinic (Punggol Oasis),PH,8:00am - 1:00pm | 2:00pm - 5:00pm | 7:00pm - 10:00pm,,false
Punggol,Pinnacle Family Clinic (Northshore Plaza 1),Mon,8:00am - 2:00pm | 3:00pm - 5:00pm | 6:00pm - 9:00pm,(WhatsApp Only),false
Punggol,Pinnacle Family Clinic (Northshore Plaza 1),Tues,8:00am - 2:00pm | 3:00pm - 5:00pm | 6:00pm - 9:00pm,(WhatsApp Only),false
Punggol,Pinnacle Family Clinic (Northshore Plaza 1),Wed,8:00am - 2:00pm | 3:00pm - 5:00pm | 6:00pm - 9:00pm,(WhatsApp Only),false
Punggol,Pinnacle Family Clinic (Northshore Plaza 1),Thurs,8:00am - 2:00pm | 3:00pm - 5:00pm | 6:00pm - 9:00pm,(WhatsApp Only),false
Punggol,Pinnacle Family Clinic (Northshore Plaza 1),Fri,8:00am - 2:00pm | 6:00pm - 9:00pm,,false
Punggol,Pinnacle Family Clinic (Northshore Plaza 1),Sat,9:00am - 1:00pm,,false
Punggol,Pinnacle Family Clinic (Northshore Plaza 1),Sun,9:00am - 12:00pm,,false
Punggol,Pinnacle Family Clinic (Northshore Plaza 1),PH,,Closed,true
Punggol,Punggol Ripples Family Clinic,Mon,9:00am - 4:00pm | 9:00am - 12:00pm,(WhatsApp Sat: Only) Closed on Sun & PH,false
Punggol,Punggol Ripples Family Clinic,Tues,9:00am - 4:00pm | 9:00am - 12:00pm,(WhatsApp Sat: Only) Closed on Sun & PH,false
Punggol,Punggol Ripples Family Clinic,Wed,9:00am - 4:00pm | 9:00am - 12:00pm,(WhatsApp Sat: Only) Closed on Sun & PH,false
Punggol,Punggol Ripples Family Clinic,Thurs,9:00am - 4:00pm | 9:00am - 12:00pm,(WhatsApp Sat: Only) Closed on Sun & PH,false
Punggol,Punggol Ripples Family Clinic,Fri,9:00am - 4:00pm | 9:00am - 12:00pm,(WhatsApp Sat: Only) Closed on Sun & PH,false
Punggol,ProHealth Medical Group @ Punggol Damai,Mon,8:00am - 3:00pm | 6:00pm - 9:00pm,,false
Punggol,ProHealth Medical Group @ Punggol Damai,Tues,8:00am - 3:00pm | 6:00pm - 9:00pm,,false
Punggol,ProHealth Medical Group @ Punggol Damai,Wed,8:00am - 3:00pm | 6:00pm - 9:00pm,,false
Punggol,ProHealth Medical Group @ Punggol Damai,Thurs,8:00am - 3:00pm | 6:00pm - 9:00pm,,false
Punggol,ProHealth Medical Group @ Punggol Damai,Fri,8:00am - 3:00pm | 6:00pm - 9:00pm,,false
Punggol,ProHealth Medical Group @ Punggol Damai,Sat,8:00am - 3:00pm | 6:00pm - 9:00pm,,false
Punggol,ProHealth Medical Group @ Punggol Damai,Sun,8:00am - 3:00pm | 6:00pm - 9:00pm,,false
Punggol,ProHealth Medical Group @ Punggol Damai,PH,8:00am - 3:00pm | 6:00pm - 9:00pm,,false
Punggol,Unihealth 24-Hrs 88 Clinic (Punggol),Mon,,24 hours,false
Punggol,Unihealth 24-Hrs 88 Clinic (Punggol),Tues,,24 hours,false
Punggol,Unihealth 24-Hrs 88 Clinic (Punggol),Wed,,24 hours,false
Punggol,Unihealth 24-Hrs 88 Clinic (Punggol),Thurs,,24 hours,false
Punggol,Unihealth 24-Hrs 88 Clinic (Punggol),Fri,,24 hours,false
Punggol,Unihealth 24-Hrs 88 Clinic (Punggol),Sat,,24 hours,false
Punggol,Unihealth 24-Hrs 88 Clinic (Punggol),Sun,,24 hours,false
Punggol,Unihealth 24-Hrs 88 Clinic (Punggol),PH,,24 hours,false
Punggol,Virtue Family Clinic,Mon,8:30am - 8:30pm,,false
Punggol,Virtue Family Clinic,Tues,8:30am - 8:30pm,,false
Punggol,Virtue Family Clinic,Wed,8:30am - 8:30pm,,false
Punggol,Virtue Family Clinic,Thurs,8:30am - 8:30pm,,false
Punggol,Virtue Family Clinic,Fri,8:30am - 8:30pm,,false
Punggol,Virtue Family Clinic,Sat,8:30am - 8:30pm,,false
Punggol,Virtue Family Clinic,Sun,8:30am - 8:30pm,,false
Punggol,Virtue Family Clinic,PH,9:00am - 1:00pm,(Please call clinic to confirm - subject to changes),false
Punggol,Vitacare Family Clinic (Punggol Central),Mon,8:00am - 1:00pm,,false
Punggol,Vitacare Family Clinic (Punggol Central),Tues,8:00am - 1:00pm,,false
Punggol,Vitacare Family Clinic (Punggol Central),Thurs,6:00pm - 10:00pm | 8:00am - 1:00pm,(WhatsApp only) Wed:,false
Punggol,Vitacare Family Clinic (Punggol Central),Fri,6:00pm - 10:00pm | 8:00am - 1:00pm,(WhatsApp only) Wed:,false
Punggol,Vitacare Family Clinic (Punggol Central),Sat,8:00am - 12:00pm,,false
Punggol,Vitacare Family Clinic (Punggol Central),Sun,8:00am - 3:00pm,,false
Punggol,Vitacare Family Clinic (Punggol Central),PH,,Closed,true
Punggol,Zenith Medical Clinic,Mon,8:00am - 1:00pm | 6:00pm - 9:30pm,,false
Punggol,Zenith Medical Clinic,Tues,8:00am - 1:00pm | 6:00pm - 9:30pm,,false
Punggol,Zenith Medical Clinic,Wed,8:00am - 1:00pm | 6:00pm - 9:30pm,,false
Punggol,Zenith Medical Clinic,Thurs,8:00am - 1:00pm | 6:00pm - 9:30pm,,false
Punggol,Zenith Medical Clinic,Fri,8:00am - 1:00pm | 6:00pm - 9:30pm,,false
Punggol,Zenith Medical Clinic,Sat,8:00am - 1:00pm,,false
Punggol,Zenith Medical Clinic,Sun,6:00pm - 9:30pm,,false
Punggol,Zenith Medical Clinic,PH,,Closed,true
Queenstown,94 Dawson 94 Family Clinic,Mon,8:30am - 1:00pm | 2:00pm - 4:30pm | 6:00pm - 10:00pm,,false
Queenstown,94 Dawson 94 Family Clinic,Tues,8:30am - 1:00pm | 2:00pm - 4:30pm | 6:00pm - 10:00pm,,false
Queenstown,94 Dawson 94 Family Clinic,Wed,8:30am - 1:00pm | 2:00pm - 4:30pm | 6:00pm - 10:00pm,,false
Queenstown,94 Dawson 94 Family Clinic,Thurs,8:30am - 1:00pm | 6:00pm - 10:00pm,,false
Queenstown,94 Dawson 94 Family Clinic,Fri,8:30am - 1:00pm | 6:00pm - 10:00pm,,false
Queenstown,94 Dawson 94 Family Clinic,Sat,9:00am - 12:00pm,,false
Queenstown,94 Dawson 94 Family Clinic,Sun,6:00pm - 10:00pm,,false
Queenstown,94 Dawson 94 Family Clinic,PH,,Closed,true
Queenstown,171 Stirling Family Clinic,Mon,8:30am - 12:30pm | 6:00pm - 9:00pm,,false
Queenstown,171 Stirling Family Clinic,Tues,8:30am - 12:30pm | 6:00pm - 9:00pm,,false
Queenstown,171 Stirling Family Clinic,Wed,8:30am - 12:30pm | 6:00pm - 9:00pm,,false
Queenstown,171 Stirling Family Clinic,Thurs,8:30am - 12:30pm | 6:00pm - 9:00pm,,false
Queenstown,171 Stirling Family Clinic,Fri,8:30am - 12:30pm | 6:00pm - 9:00pm,,false
Queenstown,171 Stirling Family Clinic,Sat,8:30am - 12:30pm,,false
Queenstown,171 Stirling Family Clinic,Sun,6:00pm - 9:00pm,,false
Queenstown,171 Stirling Family Clinic,PH,,Closed,true
Queenstown,Mei Ling Clinic Queenstown,Mon,8:30am - 12:30pm | 6:00pm - 8:30pm,,false
Queenstown,Mei Ling Clinic Queenstown,Tues,8:30am - 12:30pm | 6:00pm - 8:30pm,,false
Queenstown,Mei Ling Clinic Queenstown,Wed,8:30am - 12:30pm | 6:00pm - 8:30pm,,false
Queenstown,Mei Ling Clinic Queenstown,Thurs,8:30am - 12:30pm | 6:00pm - 8:30pm,,false
Queenstown,Mei Ling Clinic Queenstown,Fri,8:30am - 12:30pm | 6:00pm - 8:30pm,,false
Queenstown,Mei Ling Clinic Queenstown,Sat,8:30am - 11:30am,,false
Queenstown,Mei Ling Clinic Queenstown,Sun,8:30am - 11:30am,,false
Queenstown,Mei Ling Clinic Queenstown,PH,,Closed,true
Queenstown,Straits Clinic,Mon,9:00am - 2:45pm | 5:30pm - 9:15pm,,false
Queenstown,Straits Clinic,Tues,9:00am - 2:45pm | 5:30pm - 9:15pm,,false
Queenstown,Straits Clinic,Wed,9:00am - 2:45pm | 5:30pm - 9:15pm,,false
Queenstown,Straits Clinic,Thurs,9:00am - 2:45pm | 5:30pm - 9:15pm,,false
Queenstown,Straits Clinic,Fri,9:00am - 2:45pm,,false
Queenstown,Straits Clinic,Sat,9:00am - 12:45pm,,false
Queenstown,Straits Clinic,Sun,9:00am - 12:45pm,,false
Queenstown,Straits Clinic,PH,9:00am - 12:45pm,(*) Registration closes 15 mins before end of session,false
Queenstown,Virtue Medical Clinic (Mei Ling),Mon,8:00am - 1:00pm | 5:30pm - 9:00pm,,false
Queenstown,Virtue Medical Clinic (Mei Ling),Tues,8:00am - 1:00pm | 5:30pm - 9:00pm,,false
Queenstown,Virtue Medical Clinic (Mei Ling),Wed,8:00am - 1:00pm | 5:30pm - 9:00pm,,false
Queenstown,Virtue Medical Clinic (Mei Ling),Thurs,8:00am - 1:00pm | 5:30pm - 9:00pm,,false
Queenstown,Virtue Medical Clinic (Mei Ling),Fri,8:00am - 1:00pm | 5:30pm - 9:00pm,,false
Queenstown,Virtue Medical Clinic (Mei Ling),Sat,9:00am - 1:00pm,,false
Queenstown,Virtue Medical Clinic (Mei Ling),Sun,9:00am - 1:00pm | 6:00pm - 9:00pm,,false
Raffles Place,Crawfurd Medical 3 Centre &,Mon,8:30am - 12:30pm | 2:00pm - 5:30pm,,false
Raffles Place,Crawfurd Medical 3 Centre &,Tues,8:30am - 12:30pm | 2:00pm - 5:30pm,,false
Raffles Place,Crawfurd Medical 3 Centre &,Wed,8:30am - 12:30pm | 2:00pm - 5:30pm,,false
Raffles Place,Crawfurd Medical 3 Centre &,Thurs,8:30am - 12:30pm | 2:00pm - 5:30pm,,false
Raffles Place,Crawfurd Medical 3 Centre &,Fri,8:30am - 12:30pm | 2:00pm - 5:30pm,,false
Raffles Place,Crawfurd Medical 3 Centre &,Sat,8:30am - 12:30pm,,false
Raffles Place,Crawfurd Medical 3 Centre &,Sun,,Closed,true
Raffles Place,Crawfurd Medical 3 Centre &,PH,,Closed,true
Raffles Place,Clinic @ The Sail 2,Mon,8:15am - 12:30pm | 2:00pm - 4:30pm,,false
Raffles Place,Clinic @ The Sail 2,Tues,8:15am - 12:30pm | 2:00pm - 4:30pm,,false
Raffles Place,Clinic @ The Sail 2,Wed,8:15am - 12:30pm | 2:00pm - 4:30pm,,false
Raffles Place,Clinic @ The Sail 2,Thurs,8:15am - 12:30pm | 2:00pm - 4:30pm,,false
Raffles Place,Clinic @ The Sail 2,Fri,8:15am - 12:30pm | 2:00pm - 4:30pm,,false
Raffles Place,Clinic @ The Sail 2,Sat,,Closed,true
Raffles Place,Clinic @ The Sail 2,Sun,,Closed,true
Raffles Place,Clinic @ The Sail 2,PH,,Closed,true
Raffles Place,Pinnacle Medical Centre (Raffles Place),Mon,8:30am - 1:00pm | 2:00pm - 6:00pm,(WhatsApp,false
Raffles Place,Pinnacle Medical Centre (Raffles Place),Tues,8:30am - 1:00pm | 2:00pm - 6:00pm,(WhatsApp,false
Raffles Place,Pinnacle Medical Centre (Raffles Place),Wed,8:30am - 1:00pm | 2:00pm - 6:00pm,(WhatsApp,false
Raffles Place,Pinnacle Medical Centre (Raffles Place),Thurs,8:30am - 1:00pm | 2:00pm - 6:00pm,(WhatsApp,false
Raffles Place,Pinnacle Medical Centre (Raffles Place),Fri,8:30am - 1:00pm | 2:00pm - 6:00pm,(WhatsApp,false
Raffles Place,Pinnacle Medical Centre (Raffles Place),Sat,,Closed,true
Raffles Place,Pinnacle Medical Centre (Raffles Place),Sun,,Closed,true
Redhill,HeartlandHealth (Redhill),Mon,8:00am - 1:00pm | 6:00pm - 11:00pm,,false
Redhill,HeartlandHealth (Redhill),Tues,8:00am - 1:00pm | 6:00pm - 11:00pm,,false
Redhill,HeartlandHealth (Redhill),Wed,8:00am - 1:00pm | 6:00pm - 11:00pm,,false
Redhill,HeartlandHealth (Redhill),Thurs,8:00am - 1:00pm | 6:00pm - 11:00pm,,false
Redhill,HeartlandHealth (Redhill),Fri,8:00am - 1:00pm | 6:00pm - 11:00pm,,false
Redhill,HeartlandHealth (Redhill),Sat,8:00am - 1:00pm | 6:00pm - 11:00pm,,false
Redhill,HeartlandHealth (Redhill),Sun,8:00am - 1:00pm | 6:00pm - 11:00pm,,false
Redhill,HeartlandHealth (Redhill),PH,8:00am - 1:00pm | 6:00pm - 11:00pm,,false
Redhill,Pacific Family Clinic,Mon,8:00am - 12:00pm | 1:00pm - 3:30pm | 6:00pm - 9:00pm,,false
Redhill,Pacific Family Clinic,Tues,8:00am - 12:00pm | 1:00pm - 3:30pm | 6:00pm - 9:00pm,,false
Redhill,Pacific Family Clinic,Wed,8:00am - 12:00pm | 1:00pm - 3:30pm | 6:00pm - 9:00pm,,false
Redhill,Pacific Family Clinic,Thurs,8:00am - 12:00pm | 1:00pm - 3:30pm | 6:00pm - 9:00pm,,false
Redhill,Pacific Family Clinic,Fri,8:00am - 12:00pm | 1:00pm - 3:30pm | 6:00pm - 9:00pm,,false
Redhill,Pacific Family Clinic,Sat,8:00am - 1:00pm,,false
Redhill,Pacific Family Clinic,Sun,9:00am - 1:00pm,,false
Redhill,Pacific Family Clinic,PH,,Closed,true
Redhill,Phoenix Medical Group (Redhill),Mon,9:00am - 4:00pm | 6:00pm - 9:00pm,,false
Redhill,Phoenix Medical Group (Redhill),Tues,9:00am - 4:00pm,,false
Redhill,Phoenix Medical Group (Redhill),Wed,9:00am - 4:00pm | 6:00pm - 9:00pm,,false
Redhill,Phoenix Medical Group (Redhill),Thurs,9:00am - 4:00pm,,false
Redhill,Phoenix Medical Group (Redhill),Fri,9:00am - 4:00pm | 6:00pm - 9:00pm,,false
Redhill,Phoenix Medical Group (Redhill),Sat,9:00am - 2:00pm,,false
Redhill,Phoenix Medical Group (Redhill),Sun,,Closed,true
Redhill,Phoenix Medical Group (Redhill),PH,,Closed,true
Sembawang,Bestmed Family Clinic and Home Care,Mon,8:30am - 12:30pm,,false
Sembawang,Bestmed Family Clinic and Home Care,Tues,8:30am - 12:30pm | 2:30pm - 4:30pm,,false
Sembawang,Bestmed Family Clinic and Home Care,Wed,8:30am - 12:30pm,,false
Sembawang,Bestmed Family Clinic and Home Care,Thurs,8:30am - 12:30pm | 2:30pm - 4:30pm,,false
Sembawang,Bestmed Family Clinic and Home Care,Fri,2:30pm - 4:30pm | 6:00pm - 9:00pm,,false
Sembawang,Bestmed Family Clinic and Home Care,Sat,,Closed,true
Sembawang,Bestmed Family Clinic and Home Care,Sun,6:00pm - 9:00pm,,false
Sembawang,Bestmed Family Clinic and Home Care,PH,,Closed,true
Sembawang,Canberra Care Medical Clinic,Mon,8:30am - 1:00pm,,false
Sembawang,Canberra Care Medical Clinic,Tues,8:30am - 1:00pm,,false
Sembawang,Canberra Care Medical Clinic,Wed,8:30am - 1:00pm | 2:00pm - 4:00pm,,false
Sembawang,Canberra Care Medical Clinic,Thurs,2:00pm - 4:00pm | 6:30pm - 9:00pm,,false
Sembawang,Canberra Care Medical Clinic,Fri,8:30am - 1:00pm | 2:00pm - 4:00pm,,false
Sembawang,Canberra Care Medical Clinic,Sat,8:30am - 1:00pm,,false
Sembawang,Canberra Care Medical Clinic,Sun,,Closed,true
Sembawang,Canberra Care Medical Clinic,PH,,Closed,true
Sembawang,Frontier Medical Associates (Canberra),Mon,8:00am - 2:00pm | 6:00pm - 9:00pm,,false
Sembawang,Frontier Medical Associates (Canberra),Tues,8:00am - 2:00pm | 6:00pm - 9:00pm,,false
Sembawang,Frontier Medical Associates (Canberra),Wed,8:00am - 2:00pm | 6:00pm - 9:00pm,,false
Sembawang,Frontier Medical Associates (Canberra),Thurs,8:00am - 2:00pm | 6:00pm - 9:00pm,,false
Sembawang,Frontier Medical Associates (Canberra),Fri,8:00am - 3:00pm,,false
Sembawang,Frontier Medical Associates (Canberra),Sat,8:00am - 1:00pm,,false
Sembawang,Frontier Medical Associates (Canberra),Sun,,Closed,true
Sembawang,Frontier Medical Associates (Canberra),PH,,Closed,true
Sembawang,Healthwerkz Medical Centre (Sembawang),Mon,8:00am - 10:00pm,,false
Sembawang,Healthwerkz Medical Centre (Sembawang),Tues,8:00am - 10:00pm,,false
Sembawang,Healthwerkz Medical Centre (Sembawang),Wed,8:00am - 10:00pm,,false
Sembawang,Healthwerkz Medical Centre (Sembawang),Thurs,8:00am - 10:00pm,,false
Sembawang,Healthwerkz Medical Centre (Sembawang),Fri,8:00am - 10:00pm,,false
Sembawang,Healthwerkz Medical Centre (Sembawang),Sat,8:00am - 10:00pm,,false
Sembawang,Healthwerkz Medical Centre (Sembawang),Sun,8:00am - 10:00pm,,false
Sembawang,Healthwerkz Medical Centre (Sembawang),PH,8:00am - 10:00pm,(To call clinic to confirm) | Open at selected timing (To call the clinic to confirm),false
Sembawang,OneCare Clinic (Canberra),Mon,8:00am - 2:00pm | 5:00pm - 9:00pm,,false
Sembawang,OneCare Clinic (Canberra),Tues,8:00am - 2:00pm | 5:00pm - 9:00pm,,false
Sembawang,OneCare Clinic (Canberra),Wed,8:00am - 2:00pm | 5:00pm - 9:00pm,,false
Sembawang,OneCare Clinic (Canberra),Thurs,8:00am - 2:00pm | 5:00pm - 9:00pm,,false
Sembawang,OneCare Clinic (Canberra),Fri,8:00am - 2:00pm | 5:00pm - 9:00pm,,false
Sembawang,OneCare Clinic (Canberra),Sat,8:00am - 12:00pm,,false
Sembawang,OneCare Clinic (Canberra),Sun,8:00am - 12:00pm | 6:00pm - 9:00pm,,false
Sembawang,OneCare Clinic (Canberra),PH,,Open at selected timing (To call the clinic to confirm),false
Sembawang,Pinnacle Family Clinic (Sembawang),Mon,9:00am - 3:30pm | 5:30pm - 8:30pm | 9:00am - 12:00pm | 2:00pm - 4:00pm,(WhatsApp Only) Fri:,false
Sembawang,Pinnacle Family Clinic (Sembawang),Tues,9:00am - 3:30pm | 5:30pm - 8:30pm | 9:00am - 12:00pm | 2:00pm - 4:00pm,(WhatsApp Only) Fri:,false
Sembawang,Pinnacle Family Clinic (Sembawang),Wed,9:00am - 3:30pm | 5:30pm - 8:30pm | 9:00am - 12:00pm | 2:00pm - 4:00pm,(WhatsApp Only) Fri:,false
Sembawang,Pinnacle Family Clinic (Sembawang),Thurs,9:00am - 3:30pm | 5:30pm - 8:30pm | 9:00am - 12:00pm | 2:00pm - 4:00pm,(WhatsApp Only) Fri:,false
Sembawang,Pinnacle Family Clinic (Sembawang),Sat,9:00am - 1:00pm,,false
Sembawang,Pinnacle Family Clinic (Sembawang),Sun,,Closed,true
Sembawang,Pinnacle Family Clinic (Sembawang),PH,,Closed,true
Sembawang,Medical Clinic Canberra,Mon,8:30am - 1:00pm | 2:00pm - 4:30pm | 6:00pm - 9:30pm,,false
Sembawang,Medical Clinic Canberra,Tues,8:30am - 1:00pm | 2:00pm - 4:30pm | 6:00pm - 9:30pm,,false
Sembawang,Medical Clinic Canberra,Wed,8:30am - 1:00pm | 2:00pm - 4:30pm | 6:00pm - 9:30pm,,false
Sembawang,Medical Clinic Canberra,Thurs,8:30am - 1:00pm | 2:00pm - 4:30pm | 6:00pm - 9:30pm,,false
Sembawang,Medical Clinic Canberra,Fri,8:30am - 1:00pm | 2:00pm - 4:30pm | 6:00pm - 9:30pm,,false
Sembawang,Medical Clinic Canberra,Sat,9:00am - 12:00pm,,false
Sembawang,Medical Clinic Canberra,Sun,9:00am - 12:00pm,,false
Sembawang,Medical Clinic Canberra,PH,,Open at selected timing (To call the clinic to confirm),false
Sengkang,Acumed Medical Group (Sengkang),Mon,8:30am - 1:00pm | 2:00pm - 8:00pm,,false
Sengkang,Acumed Medical Group (Sengkang),Tues,8:30am - 1:00pm,,false
Sengkang,Acumed Medical Group (Sengkang),Wed,8:30am - 1:00pm | 2:00pm - 8:00pm,,false
Sengkang,Acumed Medical Group (Sengkang),Thurs,8:30am - 1:00pm,,false
Sengkang,Acumed Medical Group (Sengkang),Fri,8:30am - 1:00pm,,false
Sengkang,Acumed Medical Group (Sengkang),Sat,8:30am - 1:00pm,,false
Sengkang,Acumed Medical Group (Sengkang),Sun,9:00am - 12:00pm,,false
Sengkang,Acumed Medical Group (Sengkang),PH,9:00am - 12:00pm,,false
Sengkang,AE Medical Clinic ”*previously known as DR+ Medical & Paincare (Fernvale),Mon,8:00am - 12:30pm | 2:00pm - 4:30pm | 5:30pm - 9:30pm,,false
Sengkang,AE Medical Clinic ”*previously known as DR+ Medical & Paincare (Fernvale),Tues,8:00am - 12:30pm | 2:00pm - 4:30pm | 5:30pm - 9:30pm,,false
Sengkang,AE Medical Clinic ”*previously known as DR+ Medical & Paincare (Fernvale),Wed,8:00am - 12:30pm | 2:00pm - 4:30pm | 5:30pm - 9:30pm,,false
Sengkang,AE Medical Clinic ”*previously known as DR+ Medical & Paincare (Fernvale),Thurs,8:00am - 12:30pm | 2:00pm - 4:30pm | 5:30pm - 9:30pm,,false
Sengkang,AE Medical Clinic ”*previously known as DR+ Medical & Paincare (Fernvale),Fri,8:00am - 12:30pm | 2:00pm - 4:30pm | 5:30pm - 9:30pm,,false
Sengkang,AE Medical Clinic ”*previously known as DR+ Medical & Paincare (Fernvale),Sat,8:30am - 12:30pm,,false
Sengkang,AE Medical Clinic ”*previously known as DR+ Medical & Paincare (Fernvale),Sun,8:30am - 12:30pm,,false
Sengkang,AE Medical Clinic ”*previously known as DR+ Medical & Paincare (Fernvale),PH,,Closed,true
Sengkang,DA Clinic @ Anchorvale,Mon,8:30am - 12:00pm | 1:00pm - 9:00pm,,false
Sengkang,DA Clinic @ Anchorvale,Tues,8:30am - 12:00pm | 1:00pm - 9:00pm,,false
Sengkang,DA Clinic @ Anchorvale,Wed,8:30am - 12:00pm | 1:00pm - 9:00pm,,false
Sengkang,DA Clinic @ Anchorvale,Thurs,8:30am - 12:00pm | 1:00pm - 9:00pm,,false
Sengkang,DA Clinic @ Anchorvale,Fri,8:30am - 12:00pm | 1:00pm - 9:00pm,,false
Sengkang,DA Clinic @ Anchorvale,Sat,8:30am - 12:00pm,,false
Sengkang,DA Clinic @ Anchorvale,Sun,8:30am - 12:00pm,,false
Sengkang,DA Clinic @ Anchorvale,PH,,Please call the clinic to confirm,false
Sengkang,Etern Medical Clinic (Seletar Mall),Mon,8:30am - 1:00pm | 2:00pm - 5:00pm | 6:30pm - 9:30pm,(WhatsApp Only),false
Sengkang,Etern Medical Clinic (Seletar Mall),Tues,8:30am - 1:00pm | 2:00pm - 5:00pm | 6:30pm - 9:30pm,(WhatsApp Only),false
Sengkang,Etern Medical Clinic (Seletar Mall),Wed,8:30am - 1:00pm | 2:00pm - 5:00pm | 6:30pm - 9:30pm,(WhatsApp Only),false
Sengkang,Etern Medical Clinic (Seletar Mall),Thurs,8:30am - 1:00pm | 2:00pm - 5:00pm | 6:30pm - 9:30pm,(WhatsApp Only),false
Sengkang,Etern Medical Clinic (Seletar Mall),Fri,8:30am - 1:00pm | 2:00pm - 5:00pm | 6:30pm - 9:30pm,(WhatsApp Only),false
Sengkang,Etern Medical Clinic (Seletar Mall),Sat,9:00am - 3:00pm | 6:30pm - 9:30pm,,false
Sengkang,Etern Medical Clinic (Seletar Mall),Sun,9:00am - 3:00pm | 6:30pm - 9:30pm,,false
Sengkang,Etern Medical Clinic (Seletar Mall),PH,9:00am - 3:00pm | 6:30pm - 9:30pm,,false
Sengkang,Fernvale Family Clinic,Mon,8:30am - 12:30pm | 2:00pm - 4:30pm | 6:00pm - 9:00pm,,false
Sengkang,Fernvale Family Clinic,Tues,8:30am - 12:30pm | 2:00pm - 4:30pm | 6:00pm - 9:00pm,,false
Sengkang,Fernvale Family Clinic,Wed,8:30am - 12:30pm | 2:00pm - 4:30pm,,false
Sengkang,Fernvale Family Clinic,Thurs,8:30am - 12:30pm | 2:00pm - 4:30pm,,false
Sengkang,Fernvale Family Clinic,Fri,8:30am - 12:30pm | 2:00pm - 4:30pm,,false
Sengkang,Fernvale Family Clinic,Sat,8:30am - 12:30pm,,false
Sengkang,Fernvale Family Clinic,Sun,,Closed,true
Sengkang,Fernvale Family Clinic,PH,,Closed,true
Sengkang,Healthmark Family Clinic (Compassvale),Mon,8:30am - 12:30pm | 1:30pm - 4:30pm | 6:00pm - 9:00pm,,false
Sengkang,Healthmark Family Clinic (Compassvale),Tues,8:30am - 12:30pm | 1:30pm - 4:30pm | 6:00pm - 9:00pm,,false
Sengkang,Healthmark Family Clinic (Compassvale),Wed,8:30am - 12:30pm | 1:30pm - 4:30pm | 6:00pm - 9:00pm,,false
Sengkang,Healthmark Family Clinic (Compassvale),Thurs,8:30am - 12:30pm,,false
Sengkang,Healthmark Family Clinic (Compassvale),Fri,8:30am - 12:30pm | 1:30pm - 4:30pm,,false
Sengkang,Healthmark Family Clinic (Compassvale),Sat,8:30am - 12:30pm,,false
Sengkang,Healthmark Family Clinic (Compassvale),Sun,,Closed,true
Sengkang,Healthmark Family Clinic (Compassvale),PH,,Closed,true
Sengkang,Healthway Medical (Anchorvale),Mon,8:30am - 1:00pm | 2:00pm - 5:00pm | 6:00pm - 9:00pm,,false
Sengkang,Healthway Medical (Anchorvale),Tues,8:30am - 1:00pm | 2:00pm - 5:00pm,,false
Sengkang,Healthway Medical (Anchorvale),Wed,8:30am - 1:00pm | 2:00pm - 5:00pm,,false
Sengkang,Healthway Medical (Anchorvale),Thurs,8:30am - 1:00pm | 2:00pm - 5:00pm | 6:00pm - 9:00pm,,false
Sengkang,Healthway Medical (Anchorvale),Fri,8:30am - 1:00pm | 2:00pm - 5:00pm,,false
Sengkang,Healthway Medical (Anchorvale),Sat,8:30am - 1:00pm,,false
Sengkang,Healthway Medical (Anchorvale),Sun,,Closed,true
Sengkang,Healthway Medical (Compassvale),Mon,8:30am - 1:30pm | 2:00pm - 5:00pm | 6:00pm - 9:00pm,,false
Sengkang,Healthway Medical (Compassvale),Tues,8:30am - 1:00pm | 2:00pm - 5:00pm,,false
Sengkang,Healthway Medical (Compassvale),Wed,8:30am - 1:30pm | 2:00pm - 5:00pm | 6:00pm - 9:00pm,,false
Sengkang,Healthway Medical (Compassvale),Thurs,8:30am - 1:00pm | 2:00pm - 5:00pm,,false
Sengkang,Healthway Medical (Compassvale),Fri,8:30am - 1:00pm | 2:00pm - 5:00pm,,false
Sengkang,Healthway Medical (Compassvale),Sat,8:30am - 1:00pm,,false
Sengkang,Healthway Medical (Compassvale),Sun,,Closed,true
Sengkang,Healthway Medical (Compassvale),PH,8:30am - 1:00pm,,false
Sengkang,Healthway Medical (Rivervale),Mon,8:00am - 1:00pm | 2:00pm - 5:00pm | 6:00pm - 10:00pm,,false
Sengkang,Healthway Medical (Rivervale),Tues,8:00am - 1:00pm | 2:00pm - 5:00pm | 6:00pm - 10:00pm,,false
Sengkang,Healthway Medical (Rivervale),Wed,8:00am - 1:00pm | 2:00pm - 5:00pm | 6:00pm - 10:00pm,,false
Sengkang,Healthway Medical (Rivervale),Thurs,8:00am - 1:00pm | 2:00pm - 5:00pm | 6:00pm - 10:00pm,,false
Sengkang,Healthway Medical (Rivervale),Fri,8:00am - 1:00pm | 2:00pm - 5:00pm | 6:00pm - 10:00pm,,false
Sengkang,Healthway Medical (Rivervale),Sat,8:00am - 1:00pm | 2:00pm - 5:00pm | 6:00pm - 10:00pm,,false
Sengkang,Healthway Medical (Rivervale),Sun,8:00am - 1:00pm | 6:00pm - 10:00pm,,false
Sengkang,Healthway Medical (Rivervale),PH,8:00am - 1:00pm | 6:00pm - 10:00pm,,false
Sengkang,Holistic Care Family Clinic,Mon,9:00am - 1:00pm | 2:30pm - 4:30pm | 6:30pm - 8:30pm,,false
Sengkang,Holistic Care Family Clinic,Tues,9:00am - 1:00pm,,false
Sengkang,Holistic Care Family Clinic,Wed,9:00am - 1:00pm,,false
Sengkang,Holistic Care Family Clinic,Thurs,2:30pm - 6:30pm,,false
Sengkang,Holistic Care Family Clinic,Fri,9:00am - 1:00pm | 2:30pm - 4:30pm,,false
Sengkang,Holistic Care Family Clinic,Sat,9:00am - 3:00pm,,false
Sengkang,Holistic Care Family Clinic,Sun,,Closed,true
Sengkang,Holistic Care Family Clinic,PH,,Closed,true
Sengkang,Island Family Clinic (Seletar),Mon,9:00am - 1:00pm | 6:00pm - 10:00pm,,false
Sengkang,Island Family Clinic (Seletar),Tues,9:00am - 1:00pm | 6:00pm - 10:00pm,,false
Sengkang,Island Family Clinic (Seletar),Wed,9:00am - 1:00pm | 6:00pm - 10:00pm,,false
Sengkang,Island Family Clinic (Seletar),Thurs,9:00am - 1:00pm | 6:00pm - 10:00pm,,false
Sengkang,Island Family Clinic (Seletar),Fri,9:00am - 1:00pm | 6:00pm - 10:00pm,,false
Sengkang,Island Family Clinic (Seletar),Sat,9:00am - 1:00pm,,false
Sengkang,Island Family Clinic (Seletar),Sun,9:00am - 1:00pm,,false
Sengkang,Island Family Clinic (Seletar),PH,,Please call the clinic to confirm,false
Sengkang,Island Family Clinic (Sengkang),Mon,9:00am - 1:00pm | 6:00pm - 10:00pm,,false
Sengkang,Island Family Clinic (Sengkang),Tues,9:00am - 1:00pm | 6:00pm - 10:00pm,,false
Sengkang,Island Family Clinic (Sengkang),Wed,9:00am - 1:00pm | 6:00pm - 10:00pm,,false
Sengkang,Island Family Clinic (Sengkang),Thurs,9:00am - 1:00pm | 6:00pm - 10:00pm,,false
Sengkang,Island Family Clinic (Sengkang),Fri,9:00am - 1:00pm | 6:00pm - 10:00pm,,false
Sengkang,Island Family Clinic (Sengkang),Sat,9:00am - 1:00pm,,false
Sengkang,Island Family Clinic (Sengkang),Sun,9:00am - 1:00pm,,false
Sengkang,Island Family Clinic (Sengkang),PH,,Closed,true
Sengkang,Medivene Clinic & Surgery,Mon,8:30am - 2:00pm | 6:30pm - 8:30pm,,false
Sengkang,Medivene Clinic & Surgery,Tues,8:30am - 2:00pm | 6:30pm - 8:30pm,,false
Sengkang,Medivene Clinic & Surgery,Wed,8:30am - 2:00pm | 6:30pm - 8:30pm,,false
Sengkang,Medivene Clinic & Surgery,Thurs,8:30am - 2:00pm | 6:30pm - 8:30pm,,false
Sengkang,Medivene Clinic & Surgery,Fri,8:30am - 2:00pm,,false
Sengkang,Medivene Clinic & Surgery,Sat,9:00am - 1:00pm,,false
Sengkang,Medivene Clinic & Surgery,Sun,,Closed,true
Sengkang,Medivene Clinic & Surgery,PH,,Closed,true
Sengkang,Minmed Clinic (Anchorvale),Mon,9:00am - 1:00pm | 2:00pm - 4:00pm | 5:00pm - 9:00pm,(WhatsApp Only),false
Sengkang,Minmed Clinic (Anchorvale),Tues,9:00am - 1:00pm | 2:00pm - 4:00pm | 5:00pm - 9:00pm,(WhatsApp Only),false
Sengkang,Minmed Clinic (Anchorvale),Wed,9:00am - 1:00pm | 2:00pm - 4:00pm | 5:00pm - 9:00pm,(WhatsApp Only),false
Sengkang,Minmed Clinic (Anchorvale),Thurs,9:00am - 1:00pm | 2:00pm - 4:00pm | 5:00pm - 9:00pm,(WhatsApp Only),false
Sengkang,Minmed Clinic (Anchorvale),Fri,9:00am - 1:00pm | 2:00pm - 4:00pm | 5:00pm - 9:00pm,(WhatsApp Only),false
Sengkang,Minmed Clinic (Anchorvale),Sat,9:00am - 1:00pm,,false
Sengkang,Minmed Clinic (Anchorvale),Sun,9:00am - 1:00pm,,false
Sengkang,Minmed Clinic (Anchorvale),PH,9:00am - 1:00pm,,false
Sengkang,My Family Clinic (Anchorvale),Mon,8:00am - 2:00pm,,false
Sengkang,My Family Clinic (Anchorvale),Tues,8:00am - 2:00pm,,false
Sengkang,My Family Clinic (Anchorvale),Wed,8:00am - 2:00pm,,false
Sengkang,My Family Clinic (Anchorvale),Thurs,6:00pm - 9:00pm,,false
Sengkang,My Family Clinic (Anchorvale),Fri,8:00am - 2:00pm,,false
Sengkang,My Family Clinic (Anchorvale),Sat,8:00am - 2:00pm,,false
Sengkang,My Family Clinic (Anchorvale),Sun,,Closed,true
Sengkang,My Family Clinic (Anchorvale),PH,,Closed,true
Sengkang,Northeast Medical Group (Sengkang),Mon,8:00am - 10:00pm,,false
Sengkang,Northeast Medical Group (Sengkang),Tues,8:00am - 10:00pm,,false
Sengkang,Northeast Medical Group (Sengkang),Wed,8:00am - 10:00pm,,false
Sengkang,Northeast Medical Group (Sengkang),Thurs,8:00am - 10:00pm,,false
Sengkang,Northeast Medical Group (Sengkang),Fri,8:00am - 10:00pm,,false
Sengkang,Northeast Medical Group (Sengkang),Sat,8:00am - 10:00pm,,false
Sengkang,Northeast Medical Group (Sengkang),Sun,8:00am - 10:00pm,,false
Sengkang,Northeast Medical Group (Sengkang),PH,10:00am - 6:00pm,,false
Sengkang,OneCare Clinic (Fernvale),Mon,8:00am - 3:00pm | 5:30pm - 9:30pm,,false
Sengkang,OneCare Clinic (Fernvale),Tues,8:00am - 3:00pm | 5:30pm - 9:30pm,,false
Sengkang,OneCare Clinic (Fernvale),Wed,8:00am - 3:00pm | 5:30pm - 9:30pm,,false
Sengkang,OneCare Clinic (Fernvale),Thurs,8:00am - 3:00pm | 5:30pm - 9:30pm,,false
Sengkang,OneCare Clinic (Fernvale),Fri,8:00am - 3:00pm | 5:30pm - 9:30pm,,false
Sengkang,OneCare Clinic (Fernvale),Sat,8:00am - 1:00pm,,false
Sengkang,OneCare Clinic (Fernvale),Sun,8:00am - 1:00pm | 6:00pm - 9:30pm,,false
Sengkang,OneCare Clinic (Fernvale),PH,,To call the clinic to confirm,false
Sengkang,Our Fernvale Family Clinic,Mon,8:00am - 1:00pm | 5:30pm - 9:00pm,,false
Sengkang,Our Fernvale Family Clinic,Tues,8:00am - 1:00pm | 5:30pm - 9:00pm,,false
Sengkang,Our Fernvale Family Clinic,Wed,8:00am - 1:00pm | 5:30pm - 9:00pm,,false
Sengkang,Our Fernvale Family Clinic,Thurs,8:00am - 1:00pm | 5:30pm - 9:00pm,,false
Sengkang,Our Fernvale Family Clinic,Fri,8:00am - 1:00pm | 5:30pm - 9:00pm,,false
Sengkang,Our Fernvale Family Clinic,Sat,3:00pm - 6:00pm,,false
Sengkang,Our Fernvale Family Clinic,Sun,8:00am - 1:00pm | 5:30pm - 9:00pm,,false
Sengkang,Our Fernvale Family Clinic,PH,,Closed,true
Sengkang,Pinnacle Family,Mon,8:00am - 1:00pm,,false
Sengkang,Clinic (Sengkang),Tues,8:00am - 1:00pm | 2:00pm - 4:30pm | 6:00pm - 9:00pm,,false
Sengkang,Clinic (Sengkang),Wed,8:00am - 1:00pm | 2:00pm - 4:30pm | 6:00pm - 9:00pm,,false
Sengkang,Clinic (Sengkang),Thurs,8:00am - 1:00pm | 2:00pm - 4:30pm | 6:00pm - 9:00pm,,false
Sengkang,Clinic (Sengkang),Fri,8:00am - 1:00pm | 2:00pm - 4:30pm,,false
Sengkang,Clinic (Sengkang),Sat,9:00am - 1:00pm,,false
Sengkang,Clinic (Sengkang),Sun,9:00am - 1:00pm,,false
Sengkang,Clinic (Sengkang),PH,,Closed,true
Sengkang,ProHealth Medical Group @ Buangkok,Mon,8:00am - 10:00pm,,false
Sengkang,ProHealth Medical Group @ Buangkok,Tues,8:00am - 10:00pm,,false
Sengkang,ProHealth Medical Group @ Buangkok,Wed,8:00am - 10:00pm,,false
Sengkang,ProHealth Medical Group @ Buangkok,Thurs,8:00am - 10:00pm,,false
Sengkang,ProHealth Medical Group @ Buangkok,Fri,8:00am - 10:00pm,,false
Sengkang,ProHealth Medical Group @ Buangkok,Sat,8:00am - 10:00pm,,false
Sengkang,ProHealth Medical Group @ Buangkok,Sun,8:00am - 10:00pm,,false
Sengkang,ProHealth Medical Group @ Buangkok,PH,9:00am - 10:00pm,,false
Sengkang,ProHealth Medical Group @ Fernvale,Mon,8:00am - 10:00pm,,false
Sengkang,ProHealth Medical Group @ Fernvale,Tues,8:00am - 10:00pm,,false
Sengkang,ProHealth Medical Group @ Fernvale,Wed,8:00am - 10:00pm,,false
Sengkang,ProHealth Medical Group @ Fernvale,Thurs,8:00am - 10:00pm,,false
Sengkang,ProHealth Medical Group @ Fernvale,Fri,8:00am - 10:00pm,,false
Sengkang,ProHealth Medical Group @ Fernvale,Sat,8:00am - 10:00pm,,false
Sengkang,ProHealth Medical Group @ Fernvale,Sun,8:00am - 10:00pm,,false
Sengkang,ProHealth Medical Group @ Fernvale,PH,9:00am - 10:00pm,,false
Sengkang,ProHealth Medical Group @ LRT Fernvale,Sat,8:00am - 3:00pm,,false
Sengkang,ProHealth Medical Group @ LRT Fernvale,Sun,8:00am - 10:00pm,,false
Sengkang,RCMC Rivervale Crescent Medical Centre,Mon,9:00am - 2:00pm | 6:30pm - 9:30pm,,false
Sengkang,RCMC Rivervale Crescent Medical Centre,Tues,9:00am - 2:00pm | 6:30pm - 9:30pm,,false
Sengkang,RCMC Rivervale Crescent Medical Centre,Wed,9:00am - 2:00pm | 6:30pm - 9:30pm,,false
Sengkang,RCMC Rivervale Crescent Medical Centre,Thurs,9:00am - 2:00pm | 6:30pm - 9:30pm,,false
Sengkang,RCMC Rivervale Crescent Medical Centre,Fri,9:00am - 2:00pm,,false
Sengkang,RCMC Rivervale Crescent Medical Centre,Sat,9:00am - 1:00pm,,false
Sengkang,RCMC Rivervale Crescent Medical Centre,Sun,9:00am - 12:00pm,,false
Sengkang,RCMC Rivervale Crescent Medical Centre,PH,,Closed,true
Sengkang,SATA CommHealth Community Hub (Sengkang),Mon,8:30am - 12:30pm | 1:30pm - 5:00pm,,false
Sengkang,SATA CommHealth Community Hub (Sengkang),Tues,8:30am - 12:30pm | 1:30pm - 5:00pm,,false
Sengkang,SATA CommHealth Community Hub (Sengkang),Wed,8:30am - 12:30pm | 1:30pm - 5:00pm,,false
Sengkang,SATA CommHealth Community Hub (Sengkang),Thurs,8:30am - 12:30pm | 1:30pm - 5:00pm,,false
Sengkang,SATA CommHealth Community Hub (Sengkang),Fri,8:30am - 12:30pm | 1:30pm - 5:00pm,,false
Sengkang,SATA CommHealth Community Hub (Sengkang),Sat,8:30am - 1:00pm,,false
Sengkang,SATA CommHealth Community Hub (Sengkang),Sun,,Closed,true
Sengkang,SATA CommHealth Community Hub (Sengkang),PH,,Closed,true
Sengkang,Shenton Medical (Buangkok),Mon,8:30am - 1:00pm | 2:00pm - 5:30pm | 6:30pm - 9:00pm,,false
Sengkang,Shenton Medical (Buangkok),Tues,8:30am - 1:00pm | 2:00pm - 5:30pm | 6:30pm - 9:00pm,,false
Sengkang,Shenton Medical (Buangkok),Wed,8:30am - 1:00pm | 2:00pm - 5:30pm | 6:30pm - 9:00pm,,false
Sengkang,Shenton Medical (Buangkok),Thurs,8:30am - 1:00pm | 2:00pm - 5:30pm | 6:30pm - 9:00pm,,false
Sengkang,Shenton Medical (Buangkok),Fri,8:30am - 1:00pm | 2:00pm - 5:30pm,,false
Sengkang,Shenton Medical (Buangkok),Sat,8:30am - 12:30pm,,false
Sengkang,Shenton Medical (Buangkok),Sun,8:30am - 12:30pm,,false
Sengkang,Shenton Medical (Buangkok),PH,,Closed,true
Sengkang,Sunbeam Medical Clinic,Mon,8:30am - 1:00pm | 6:30pm - 9:30pm,,false
Sengkang,Sunbeam Medical Clinic,Tues,8:30am - 1:00pm | 6:30pm - 9:30pm,,false
Sengkang,Sunbeam Medical Clinic,Wed,8:30am - 1:00pm | 6:30pm - 9:30pm,,false
Sengkang,Sunbeam Medical Clinic,Thurs,8:30am - 1:00pm | 6:30pm - 9:30pm,,false
Sengkang,Sunbeam Medical Clinic,Fri,8:30am - 1:00pm | 6:30pm - 9:30pm,,false
Sengkang,Sunbeam Medical Clinic,Sat,8:30am - 12:30pm,,false
Sengkang,Sunbeam Medical Clinic,Sun,8:30am - 12:30pm,,false
Sengkang,Sunbeam Medical Clinic,PH,,Closed,true
Sengkang,Suncare Medical Clinic (Sengkang West),Mon,8:30am - 1:30pm | 4:30pm - 7:30pm,,false
Sengkang,Suncare Medical Clinic (Sengkang West),Tues,8:30am - 1:30pm | 4:30pm - 7:30pm,,false
Sengkang,Suncare Medical Clinic (Sengkang West),Wed,8:30am - 1:30pm | 4:30pm - 7:30pm,,false
Sengkang,Suncare Medical Clinic (Sengkang West),Thurs,8:30am - 1:30pm | 4:30pm - 7:30pm,,false
Sengkang,Suncare Medical Clinic (Sengkang West),Fri,8:30am - 1:30pm,,false
Sengkang,Suncare Medical Clinic (Sengkang West),Sat,9:00am - 12:00pm,,false
Sengkang,Suncare Medical Clinic (Sengkang West),Sun,9:00am - 12:00pm,(closed on last Sun of the month),false
Sengkang,Suncare Medical Clinic (Sengkang West),PH,,Closed,true
Serangoon,Claremont Medical Clinic @ Serangoon,Mon,8:30am - 8:30pm | 8:30am - 5:30pm,(WhatsApp Tues & Fri: Only),false
Serangoon,Claremont Medical Clinic @ Serangoon,Wed,8:30am - 12:30pm,,false
Serangoon,Claremont Medical Clinic @ Serangoon,Thurs,8:30am - 12:30pm,,false
Serangoon,Claremont Medical Clinic @ Serangoon,Sat,,Closed,true
Serangoon,Claremont Medical Clinic @ Serangoon,Sun,,Closed,true
Serangoon,Claremont Medical Clinic @ Serangoon,PH,,Closed,true
Serangoon,Cornerstone Medical Bidadari,Mon,9:00am - 3:00pm,,false
Serangoon,Cornerstone Medical Bidadari,Tues,9:00am - 3:00pm,,false
Serangoon,Cornerstone Medical Bidadari,Wed,9:00am - 3:00pm,,false
Serangoon,Cornerstone Medical Bidadari,Thurs,9:00am - 3:00pm,,false
Serangoon,Cornerstone Medical Bidadari,Fri,9:00am - 3:00pm,,false
Serangoon,Cornerstone Medical Bidadari,Sat,9:00am - 1:00pm,,false
Serangoon,Cornerstone Medical Bidadari,Sun,,Closed,true
Serangoon,Cornerstone Medical Bidadari,PH,,Closed,true
Serangoon,DA Clinic @ Potong Pasir,Mon,8:30am - 12:00pm | 1:00pm - 4:00pm | 6:00pm - 9:00pm,,false
Serangoon,DA Clinic @ Potong Pasir,Tues,8:30am - 12:00pm | 1:00pm - 4:00pm | 6:00pm - 9:00pm,,false
Serangoon,DA Clinic @ Potong Pasir,Wed,8:30am - 12:00pm | 1:00pm - 4:00pm | 6:00pm - 9:00pm,,false
Serangoon,DA Clinic @ Potong Pasir,Thurs,8:30am - 12:00pm | 1:00pm - 4:00pm | 6:00pm - 9:00pm,,false
Serangoon,DA Clinic @ Potong Pasir,Fri,8:30am - 12:00pm | 1:00pm - 4:00pm | 6:00pm - 9:00pm,,false
Serangoon,DA Clinic @ Potong Pasir,Sat,8:30am - 12:00pm,,false
Serangoon,DA Clinic @ Potong Pasir,Sun,8:30am - 12:00pm,,false
Serangoon,DA Clinic @ Potong Pasir,PH,,To call the clinic to confirm,false
Serangoon,GoClinic Serangoon,Mon,8:30am - 3:00pm,,false
Serangoon,GoClinic Serangoon,Tues,8:30am - 3:00pm,,false
Serangoon,GoClinic Serangoon,Wed,8:30am - 3:00pm,,false
Serangoon,GoClinic Serangoon,Thurs,6:00pm - 9:00pm,,false
Serangoon,GoClinic Serangoon,Fri,8:30am - 3:00pm,,false
Serangoon,GoClinic Serangoon,Sat,8:30am - 12:30pm,,false
Serangoon,GoClinic Serangoon,Sun,,Closed,true
Serangoon,GoClinic Serangoon,PH,,Closed,true
Serangoon,Healthwerkz Medical Center @ Centrium,Mon,9:00am - 6:00pm,,false
Serangoon,Healthwerkz Medical Center @ Centrium,Tues,9:00am - 6:00pm,,false
Serangoon,Healthwerkz Medical Center @ Centrium,Wed,9:00am - 6:00pm,,false
Serangoon,Healthwerkz Medical Center @ Centrium,Thurs,9:00am - 6:00pm,,false
Serangoon,Healthwerkz Medical Center @ Centrium,Fri,9:00am - 6:00pm,,false
Serangoon,Healthwerkz Medical Center @ Centrium,Sat,9:00am - 1:00pm,,false
Serangoon,Healthwerkz Medical Center @ Centrium,Sun,,Closed,true
Serangoon,Healthwerkz Medical Center @ Centrium,PH,,Closed,true
Serangoon,Intemedical,Mon,8:00am - 10:00pm,,false
Serangoon,Intemedical,Tues,8:00am - 10:00pm,,false
Serangoon,Intemedical,Wed,8:00am - 10:00pm,,false
Serangoon,Intemedical,Thurs,8:00am - 10:00pm,,false
Serangoon,Intemedical,Fri,8:00am - 10:00pm,,false
Serangoon,Intemedical,Sat,8:00am - 10:00pm,,false
Serangoon,Intemedical,Sun,8:00am - 10:00pm,,false
Serangoon,Potong Pasir,PH,8:00am - 10:00pm,,false
Serangoon,International Medical Clinic (Serangoon Garden),Mon,9:00am - 5:30pm,,false
Serangoon,International Medical Clinic (Serangoon Garden),Tues,9:00am - 5:30pm,,false
Serangoon,International Medical Clinic (Serangoon Garden),Wed,9:00am - 5:30pm,,false
Serangoon,International Medical Clinic (Serangoon Garden),Thurs,9:00am - 5:30pm,,false
Serangoon,International Medical Clinic (Serangoon Garden),Fri,9:00am - 5:30pm,,false
Serangoon,International Medical Clinic (Serangoon Garden),Sat,9:00am - 1:00pm,,false
Serangoon,International Medical Clinic (Serangoon Garden),Sun,,Closed,true
Serangoon,International Medical Clinic (Serangoon Garden),PH,,Closed,true
Serangoon,Medical,Mon,9:00am - 9:00pm,,false
Serangoon,Keystone Clinic & Surgery (Serangoon),Mon,8:00am - 8:00pm,(WhatsApp Only),false
Serangoon,Keystone Clinic & Surgery (Serangoon),Tues,8:00am - 8:00pm,(WhatsApp Only),false
Serangoon,Keystone Clinic & Surgery (Serangoon),Wed,8:00am - 8:00pm,(WhatsApp Only),false
Serangoon,Keystone Clinic & Surgery (Serangoon),Thurs,8:00am - 8:00pm,(WhatsApp Only),false
Serangoon,Keystone Clinic & Surgery (Serangoon),Fri,8:00am - 8:00pm,(WhatsApp Only),false
Serangoon,Keystone Clinic & Surgery (Serangoon),Sat,8:00am - 8:00pm,(WhatsApp Only),false
Serangoon,Keystone Clinic & Surgery (Serangoon),Sun,8:00am - 8:00pm,(WhatsApp Only),false
Serangoon,Keystone Clinic & Surgery (Serangoon),PH,8:00am - 8:00pm,,false
Serangoon,Mediline Wei Min Clinic (Serangoon Gardens),Mon,8:00am - 2:00pm | 3:00pm - 7:00pm,,false
Serangoon,Mediline Wei Min Clinic (Serangoon Gardens),Tues,8:00am - 2:00pm | 3:00pm - 7:00pm,,false
Serangoon,Mediline Wei Min Clinic (Serangoon Gardens),Wed,8:00am - 2:00pm | 3:00pm - 7:00pm,,false
Serangoon,Mediline Wei Min Clinic (Serangoon Gardens),Thurs,8:00am - 2:00pm | 3:00pm - 7:00pm,,false
Serangoon,Mediline Wei Min Clinic (Serangoon Gardens),Fri,8:00am - 2:00pm | 3:00pm - 6:00pm,,false
Serangoon,Mediline Wei Min Clinic (Serangoon Gardens),Sat,8:00am - 2:00pm | 3:00pm - 6:00pm,,false
Serangoon,Mediline Wei Min Clinic (Serangoon Gardens),Sun,8:00am - 2:00pm | 3:00pm - 6:00pm,,false
Serangoon,Mediline Wei Min Clinic (Serangoon Gardens),PH,8:00am - 2:00pm | 3:00pm - 6:00pm,,false
Serangoon,Medivine Family Clinic,Mon,8:30am - 1:00pm | 2:00pm - 4:30pm | 7:00pm - 9:00pm,,false
Serangoon,Medivine Family Clinic,Tues,8:30am - 1:00pm | 2:00pm - 4:30pm | 7:00pm - 9:00pm,,false
Serangoon,Medivine Family Clinic,Wed,8:30am - 1:00pm | 2:00pm - 4:30pm | 7:00pm - 9:00pm,,false
Serangoon,Medivine Family Clinic,Thurs,8:30am - 1:00pm | 2:00pm - 4:30pm | 7:00pm - 9:00pm,,false
Serangoon,Medivine Family Clinic,Fri,8:30am - 1:00pm | 2:00pm - 4:30pm | 7:00pm - 9:00pm,,false
Serangoon,Medivine Family Clinic,Sat,8:30am - 1:00pm,,false
Serangoon,Medivine Family Clinic,Sun,2:00pm - 4:00pm,,false
Serangoon,Medivine Family Clinic,PH,,Closed,true
Serangoon,OneDoctors Medical Centre (Serangoon Nex),Mon,9:00am - 9:00pm,,false
Serangoon,OneDoctors Medical Centre (Serangoon Nex),Tues,9:00am - 9:00pm,,false
Serangoon,OneDoctors Medical Centre (Serangoon Nex),Wed,9:00am - 9:00pm,,false
Serangoon,OneDoctors Medical Centre (Serangoon Nex),Thurs,9:00am - 6:00pm,,false
Serangoon,OneDoctors Medical Centre (Serangoon Nex),Fri,9:00am - 6:00pm,,false
Serangoon,OneDoctors Medical Centre (Serangoon Nex),Sat,9:00am - 9:00pm,,false
Serangoon,OneDoctors Medical Centre (Serangoon Nex),Sun,9:00am - 6:00pm,,false
Serangoon,OneDoctors Medical Centre (Serangoon Nex),PH,1:00pm - 6:00pm,,false
Serangoon,Pancare Medical (Serangoon),Mon,8:00am - 1:00pm | 2:00pm - 5:00pm | 6:00pm - 9:00pm,,false
Serangoon,Pancare Medical (Serangoon),Tues,8:00am - 1:00pm,,false
Serangoon,Pancare Medical (Serangoon),Wed,8:00am - 1:00pm,,false
Serangoon,Pancare Medical (Serangoon),Thurs,8:00am - 1:00pm | 2:00pm - 5:00pm | 6:00pm - 9:00pm,,false
Serangoon,Pancare Medical (Serangoon),Fri,2:00pm - 5:00pm,,false
Serangoon,Pancare Medical (Serangoon),Sat,8:00am - 1:00pm,,false
Serangoon,Pancare Medical (Serangoon),Sun,2:00pm - 8:00pm,,false
Serangoon,Pancare Medical (Serangoon),PH,,To call the clinic to confirm,false
Serangoon,Parkway MediCentre (The Woodleigh Mall),Mon,8:00am - 12:00pm | 1:00pm - 5:00pm | 6:00pm - 9:30pm,(WhatsApp Only),false
Serangoon,Parkway MediCentre (The Woodleigh Mall),Tues,8:00am - 12:00pm | 1:00pm - 5:00pm | 6:00pm - 9:30pm,(WhatsApp Only),false
Serangoon,Parkway MediCentre (The Woodleigh Mall),Wed,8:00am - 12:00pm | 1:00pm - 5:00pm | 6:00pm - 9:30pm,(WhatsApp Only),false
Serangoon,Parkway MediCentre (The Woodleigh Mall),Thurs,8:00am - 12:00pm | 1:00pm - 5:00pm | 6:00pm - 9:30pm,(WhatsApp Only),false
Serangoon,Parkway MediCentre (The Woodleigh Mall),Fri,8:00am - 12:00pm | 1:00pm - 5:00pm | 6:00pm - 9:30pm,(WhatsApp Only),false
Serangoon,Parkway MediCentre (The Woodleigh Mall),Sat,8:00am - 12:30pm | 2:00pm - 5:00pm,,false
Serangoon,Parkway MediCentre (The Woodleigh Mall),Sun,,Closed,true
Serangoon,Parkway MediCentre (The Woodleigh Mall),PH,,Closed,true
Serangoon,Phoenix Medical Group (Potong Pasir),Mon,9:00am - 3:00pm,,false
Serangoon,Phoenix Medical Group (Potong Pasir),Tues,9:00am - 3:00pm,,false
Serangoon,Phoenix Medical Group (Potong Pasir),Wed,9:00am - 3:00pm,,false
Serangoon,Phoenix Medical Group (Potong Pasir),Thurs,6:00pm - 9:00pm,,false
Serangoon,Phoenix Medical Group (Potong Pasir),Fri,9:00am - 3:00pm,,false
Serangoon,Phoenix Medical Group (Potong Pasir),Sat,9:00am - 1:00pm,,false
Serangoon,Phoenix Medical Group (Potong Pasir),Sun,,Closed,true
Serangoon,Phoenix Medical Group (Potong Pasir),PH,,Closed,true
Serangoon,Phoenix Medical Group (Seletar),Mon,9:00am - 8:30pm,,false
Serangoon,Phoenix Medical Group (Seletar),Tues,9:00am - 8:30pm,,false
Serangoon,Phoenix Medical Group (Seletar),Wed,9:00am - 8:30pm,,false
Serangoon,Phoenix Medical Group (Seletar),Thurs,9:00am - 8:30pm,,false
Serangoon,Phoenix Medical Group (Seletar),Fri,9:00am - 8:30pm,,false
Serangoon,Phoenix Medical Group (Seletar),Sat,9:00am - 8:30pm,,false
Serangoon,Phoenix Medical Group (Seletar),Sun,9:00am - 8:30pm,,false
Serangoon,Phoenix Medical Group (Seletar),PH,,Closed,true
Serangoon,Q & M Medical Family Clinic,Mon,8:00am - 1:00pm | 2:00pm - 5:00pm,,false
Serangoon,Q & M Medical Family Clinic,Tues,8:00am - 1:00pm | 2:00pm - 5:00pm | 6:00pm - 9:30pm,,false
Serangoon,Q & M Medical Family Clinic,Wed,8:00am - 1:00pm | 2:00pm - 5:00pm,,false
Serangoon,Q & M Medical Family Clinic,Thurs,8:00am - 1:00pm | 2:00pm - 5:00pm | 6:00pm - 9:30pm,,false
Serangoon,Q & M Medical Family Clinic,Fri,8:00am - 1:00pm | 2:00pm - 5:00pm,,false
Serangoon,Q & M Medical Family Clinic,Sat,8:00am - 1:00pm,,false
Serangoon,Q & M Medical Family Clinic,Sun,,Closed,true
Serangoon,Q & M Medical Family Clinic,PH,,Closed,true
Serangoon,Redwood @ TPY Clinic and Surgery Pte Ltd,Mon,8:00am - 8:30pm,,false
Serangoon,Redwood @ TPY Clinic and Surgery Pte Ltd,Tues,8:00am - 6:30pm,,false
Serangoon,Redwood @ TPY Clinic and Surgery Pte Ltd,Wed,8:00am - 6:30pm,,false
Serangoon,Redwood @ TPY Clinic and Surgery Pte Ltd,Thurs,8:00am - 6:30pm,,false
Serangoon,Redwood @ TPY Clinic and Surgery Pte Ltd,Fri,8:00am - 6:30pm,,false
Serangoon,Redwood @ TPY Clinic and Surgery Pte Ltd,Sat,8:30am - 12:30pm,,false
Serangoon,Redwood @ TPY Clinic and Surgery Pte Ltd,Sun,,Closed,true
Serangoon,Redwood @ TPY Clinic and Surgery Pte Ltd,PH,,Closed,true
Serangoon,RiverSage Family Clinic,Mon,8:00am - 1:00pm | 6:00pm - 9:30pm | 8:00am - 12:00pm,(WhatsApp Only) Sat & Sun:,false
Serangoon,RiverSage Family Clinic,Tues,8:00am - 1:00pm | 6:00pm - 9:30pm | 8:00am - 12:00pm,(WhatsApp Only) Sat & Sun:,false
Serangoon,RiverSage Family Clinic,Wed,8:00am - 1:00pm | 6:00pm - 9:30pm | 8:00am - 12:00pm,(WhatsApp Only) Sat & Sun:,false
Serangoon,RiverSage Family Clinic,Thurs,8:00am - 1:00pm | 6:00pm - 9:30pm | 8:00am - 12:00pm,(WhatsApp Only) Sat & Sun:,false
Serangoon,RiverSage Family Clinic,Fri,8:00am - 1:00pm | 6:00pm - 9:30pm | 8:00am - 12:00pm,(WhatsApp Only) Sat & Sun:,false
Serangoon,RiverSage Family Clinic,PH,,Closed,true
Serangoon,G Clinic Family Practice,Mon,9:00am - 12:30pm | 2:00pm - 4:30pm | 6:30pm - 8:30pm,,false
Serangoon,G Clinic Family Practice,Tues,9:00am - 12:30pm | 2:00pm - 4:30pm | 6:30pm - 8:30pm,,false
Serangoon,G Clinic Family Practice,Wed,9:00am - 12:30pm | 2:00pm - 4:30pm | 6:30pm - 8:30pm,,false
Serangoon,G Clinic Family Practice,Thurs,9:00am - 12:30pm | 2:00pm - 4:30pm | 6:30pm - 8:30pm,,false
Serangoon,G Clinic Family Practice,Fri,9:00am - 12:30pm | 2:00pm - 4:30pm | 6:30pm - 8:30pm,,false
Serangoon,G Clinic Family Practice,Sat,9:00am - 12:30pm,,false
Serangoon,G Clinic Family Practice,Sun,9:00am - 12:30pm,,false
Serangoon,G Clinic Family Practice,PH,9:00am - 12:30pm,,false
Serangoon,Solara Medical,Mon,8:30am - 1:00pm,,false
Serangoon,Solara Medical,Tues,8:30am - 1:00pm,,false
Serangoon,Solara Medical,Sat,,Closed,true
Serangoon,Solara Medical,Sun,6:00pm - 10:00pm,,false
Serangoon,Solara Medical,PH,,Closed,true
Serangoon,Sterling Clinic and Surgery,Mon,9:00am - 12:30pm | 2:00pm - 4:30pm,,false
Serangoon,Sterling Clinic and Surgery,Tues,9:00am - 12:30pm | 2:00pm - 4:30pm,,false
Serangoon,Sterling Clinic and Surgery,Wed,9:00am - 12:30pm | 2:00pm - 4:30pm,,false
Serangoon,Sterling Clinic and Surgery,Thurs,9:00am - 12:30pm | 2:00pm - 4:30pm,,false
Serangoon,Sterling Clinic and Surgery,Fri,9:00am - 12:30pm | 2:00pm - 4:30pm,,false
Serangoon,Sterling Clinic and Surgery,Sat,9:00am - 12:30pm,,false
Serangoon,Sterling Clinic and Surgery,Sun,9:00am - 12:30pm,,false
Serangoon,Sterling Clinic and Surgery,PH,,Open at selected timing (To call the clinic to confirm),false
Serangoon,Union Medical Clinic & Surgery (Serangoon North),Mon,8:30am - 12:30pm | 2:00pm - 4:30pm | 6:30pm - 8:30pm,,false
Serangoon,Union Medical Clinic & Surgery (Serangoon North),Tues,8:30am - 12:30pm | 2:00pm - 4:30pm | 6:30pm - 8:30pm,,false
Serangoon,Union Medical Clinic & Surgery (Serangoon North),Wed,8:30am - 12:30pm | 2:00pm - 4:30pm | 6:30pm - 8:30pm,,false
Serangoon,Union Medical Clinic & Surgery (Serangoon North),Thurs,8:30am - 12:30pm | 2:00pm - 4:30pm | 6:30pm - 8:30pm,,false
Serangoon,Union Medical Clinic & Surgery (Serangoon North),Fri,8:30am - 12:30pm | 2:00pm - 4:30pm | 6:30pm - 8:30pm,,false
Serangoon,Union Medical Clinic & Surgery (Serangoon North),Sat,8:30am - 12:30pm,,false
Serangoon,Union Medical Clinic & Surgery (Serangoon North),Sun,9:00am - 12:00pm,,false
Serangoon,Union Medical Clinic & Surgery (Serangoon North),PH,,Closed,true
Serangoon,Woodleigh Care Family Clinic,Mon,8:00am - 1:00pm | 2:00pm - 5:00pm | 6:00pm - 9:00pm | 8:00am - 1:00pm | 2:00pm - 5:00pm,Fr:,false
Serangoon,Woodleigh Care Family Clinic,Tues,8:00am - 1:00pm | 2:00pm - 5:00pm | 6:00pm - 9:00pm | 8:00am - 1:00pm | 2:00pm - 5:00pm,Fr:,false
Serangoon,Woodleigh Care Family Clinic,Wed,8:00am - 1:00pm | 2:00pm - 5:00pm | 6:00pm - 9:00pm | 8:00am - 1:00pm | 2:00pm - 5:00pm,Fr:,false
Serangoon,Woodleigh Care Family Clinic,Thurs,8:00am - 1:00pm | 2:00pm - 5:00pm | 6:00pm - 9:00pm | 8:00am - 1:00pm | 2:00pm - 5:00pm,Fr:,false
Serangoon,Woodleigh Care Family Clinic,Sat,8:00am - 1:00pm,,false
Serangoon,Woodleigh Care Family Clinic,Sun,8:00am - 1:00pm | 6:00pm - 9:00pm,,false
Serangoon,Woodleigh Care Family Clinic,PH,,Closed,true
Simei,DA Clinic @ Simei,Mon,8:30am - 12:00pm | 1:00pm - 9:00pm,,false
Simei,DA Clinic @ Simei,Tues,8:30am - 12:00pm | 1:00pm - 9:00pm,,false
Simei,DA Clinic @ Simei,Wed,8:30am - 12:00pm | 1:00pm - 9:00pm,,false
Simei,DA Clinic @ Simei,Thurs,8:30am - 12:00pm | 1:00pm - 9:00pm,,false
Simei,DA Clinic @ Simei,Fri,8:30am - 12:00pm | 1:00pm - 9:00pm,,false
Simei,DA Clinic @ Simei,Sat,8:30am - 12:00pm,,false
Simei,DA Clinic @ Simei,Sun,8:30am - 12:00pm,,false
Simei,DA Clinic @ Simei,PH,,Please call the clinic to confirm,false
Simei,Northeast Medical Group (Simei),Mon,8:00am - 1:00pm | 2:00pm - 10:00pm,,false
Simei,Northeast Medical Group (Simei),Tues,8:00am - 1:00pm | 2:00pm - 10:00pm,,false
Simei,Northeast Medical Group (Simei),Wed,8:00am - 1:00pm | 2:00pm - 10:00pm,,false
Simei,Northeast Medical Group (Simei),Thurs,8:00am - 1:00pm | 2:00pm - 10:00pm,,false
Simei,Northeast Medical Group (Simei),Fri,8:00am - 1:00pm | 2:00pm - 10:00pm,,false
Simei,Northeast Medical Group (Simei),Sat,8:00am - 1:00pm | 2:00pm - 10:00pm,,false
Simei,Northeast Medical Group (Simei),Sun,8:00am - 1:00pm | 2:00pm - 10:00pm,,false
Simei,Northeast Medical Group (Simei),PH,10:00am - 6:00pm,,false
Simei,St Andrew’s Mission Hospital Clinic (Simei),Mon,8:00am - 1:00pm | 2:00pm - 5:00pm,,false
Simei,St Andrew’s Mission Hospital Clinic (Simei),Tues,8:00am - 1:00pm | 2:00pm - 5:00pm,,false
Simei,St Andrew’s Mission Hospital Clinic (Simei),Wed,8:00am - 1:00pm | 2:00pm - 5:00pm,,false
Simei,St Andrew’s Mission Hospital Clinic (Simei),Thurs,8:00am - 1:00pm | 2:00pm - 5:00pm,,false
Simei,St Andrew’s Mission Hospital Clinic (Simei),Fri,8:00am - 1:00pm | 2:00pm - 5:00pm,,false
Simei,St Andrew’s Mission Hospital Clinic (Simei),Sat,,Closed,true
Simei,St Andrew’s Mission Hospital Clinic (Simei),Sun,,Closed,true
Simei,St Andrew’s Mission Hospital Clinic (Simei),PH,,Closed,true
Tanjong Pagar,Angsana Medical,Mon,8:30am - 1:00pm | 2:00pm - 5:30pm | 6:00pm - 8:00pm,,false
Tanjong Pagar,Angsana Medical,Tues,8:30am - 1:00pm | 2:00pm - 5:30pm | 6:00pm - 8:00pm,,false
Tanjong Pagar,Angsana Medical,Wed,8:30am - 1:00pm | 2:00pm - 5:30pm | 6:00pm - 8:00pm,,false
Tanjong Pagar,Angsana Medical,Thurs,8:30am - 1:00pm | 2:00pm - 5:30pm | 6:00pm - 8:00pm,,false
Tanjong Pagar,Angsana Medical,Fri,8:30am - 1:00pm | 2:00pm - 5:30pm,,false
Tanjong Pagar,Angsana Medical,Sat,9:00am - 12:30pm,,false
Tanjong Pagar,Angsana Medical,Sun,,Closed,true
Tanjong Pagar,Angsana Medical,PH,,Closed,true
Tanjong Pagar,AscendCare Medical Clinic,Mon,9:00am - 12:30pm | 1:30pm - 5:00pm,,false
Tanjong Pagar,AscendCare Medical Clinic,Tues,9:00am - 12:30pm | 1:30pm - 5:00pm,,false
Tanjong Pagar,AscendCare Medical Clinic,Wed,9:00am - 12:30pm | 1:30pm - 5:00pm,,false
Tanjong Pagar,AscendCare Medical Clinic,Thurs,9:00am - 12:30pm | 1:30pm - 5:00pm,,false
Tanjong Pagar,AscendCare Medical Clinic,Fri,9:00am - 12:30pm | 1:30pm - 5:00pm,,false
Tanjong Pagar,AscendCare Medical Clinic,Sat,,Closed,true
Tanjong Pagar,AscendCare Medical Clinic,Sun,,Closed,true
Tanjong Pagar,AscendCare Medical Clinic,PH,,Closed,true
Tanjong Pagar,Beacon Medical,Mon,8:30am - 12:00pm,,false
Tanjong Pagar,Beacon Medical,Tues,8:30am - 12:00pm,,false
Tanjong Pagar,Beacon Medical,Wed,8:30am - 12:00pm,,false
Tanjong Pagar,Beacon Medical,Thurs,8:30am - 12:00pm,,false
Tanjong Pagar,Beacon Medical,Fri,8:30am - 12:00pm,,false
Tanjong Pagar,Clinic Tanjong Pagar,Sun,,Closed,true
Tanjong Pagar,Clinic Tanjong Pagar,PH,,Closed,true
Tanjong Pagar,Bridgepoint Health,Mon,8:00am - 1:30pm,,false
Tanjong Pagar,Bridgepoint Health,Wed,8:00am - 1:30pm,,false
Tanjong Pagar,(Everton Park Clinic),Tues,8:00am - 1:30pm | 6:30pm - 9:30pm,,false
Tanjong Pagar,(Everton Park Clinic),Thurs,8:00am - 1:30pm | 6:30pm - 9:30pm,,false
Tanjong Pagar,(Everton Park Clinic),Fri,8:00am - 1:30pm | 2:30pm - 5:30pm,,false
Tanjong Pagar,(Everton Park Clinic),Sat,8:00am - 1:30pm,,false
Tanjong Pagar,(Everton Park Clinic),Sun,8:00am - 1:30pm,,false
Tanjong Pagar,(Everton Park Clinic),PH,,Closed,true
Tanjong Pagar,Chang Clinic & Surgery,Mon,9:00am - 12:00pm | 2:00pm - 4:00pm,,false
Tanjong Pagar,Chang Clinic & Surgery,Tues,9:00am - 12:00pm | 2:00pm - 4:00pm | 6:00pm - 8:00pm,,false
Tanjong Pagar,Chang Clinic & Surgery,Sat,9:00am - 1:00pm,,false
Tanjong Pagar,Chang Clinic & Surgery,Sun,,Closed,true
Tanjong Pagar,Chang Clinic & Surgery,PH,,Closed,true
Tanjong Pagar,Everton Clinic,Mon,8:30am - 1:00pm,,false
Tanjong Pagar,Everton Clinic,Tues,8:30am - 1:00pm,,false
Tanjong Pagar,Everton Clinic,Wed,,Closed,true
Tanjong Pagar,Everton Clinic,Thurs,2:00pm - 5:00pm | 6:00pm - 8:30pm,,false
Tanjong Pagar,Everton Clinic,Fri,8:30am - 1:00pm,,false
Tanjong Pagar,Everton Clinic,Sat,,Closed,true
Tanjong Pagar,Everton Clinic,Sun,8:30am - 1:00pm,,false
Tanjong Pagar,Everton Clinic,PH,,To call the clinic to confirm,false
Tanjong Pagar,Healthway Japanese Medical Downtown,Mon,8:30am - 1:00pm | 2:00pm - 5:30pm,,false
Tanjong Pagar,Healthway Japanese Medical Downtown,Tues,8:30am - 1:00pm | 2:00pm - 5:30pm,,false
Tanjong Pagar,Healthway Japanese Medical Downtown,Wed,8:30am - 1:00pm | 2:00pm - 5:30pm,,false
Tanjong Pagar,Healthway Japanese Medical Downtown,Thurs,8:30am - 1:00pm | 2:00pm - 5:30pm,,false
Tanjong Pagar,Healthway Japanese Medical Downtown,Fri,8:30am - 1:00pm | 2:00pm - 5:30pm,,false
Tanjong Pagar,Healthway Japanese Medical Downtown,Sat,,Closed,true
Tanjong Pagar,Healthway Japanese Medical Downtown,Sun,,Closed,true
Tanjong Pagar,Healthway Japanese Medical Downtown,PH,,Closed,true
Tanjong Pagar,HMI Health Screening (Amara),Mon,9:00am - 5:00pm,,false
Tanjong Pagar,HMI Health Screening (Amara),Tues,9:00am - 5:00pm,,false
Tanjong Pagar,HMI Health Screening (Amara),Wed,9:00am - 5:00pm,,false
Tanjong Pagar,HMI Health Screening (Amara),Thurs,9:00am - 5:00pm,,false
Tanjong Pagar,HMI Health Screening (Amara),Fri,9:00am - 5:00pm,,false
Tanjong Pagar,HMI Health Screening (Amara),Sat,9:00am - 1:00pm,,false
Tanjong Pagar,HMI Health Screening (Amara),Sun,,Closed,true
Tanjong Pagar,HMI Health Screening (Amara),PH,,Closed,true
Tampines,Acumed Medical Group (Tampines West),Mon,8:30am - 2:00pm,,false
Tampines,Acumed Medical Group (Tampines West),Tues,8:30am - 2:00pm,,false
Tampines,Acumed Medical Group (Tampines West),Wed,8:30am - 2:00pm,,false
Tampines,Acumed Medical Group (Tampines West),Thurs,8:30am - 2:00pm,,false
Tampines,Acumed Medical Group (Tampines West),Fri,8:30am - 2:00pm,,false
Tampines,Acumed Medical Group (Tampines West),Sat,,Closed,true
Tampines,Acumed Medical Group (Tampines West),Sun,,Closed,true
Tampines,Acumed Medical Group (Tampines West),PH,,Closed,true
Tampines,Caring Medical Clinic Tampines,Mon,8:30am - 2:00pm | 6:00pm - 9:00pm,,false
Tampines,Caring Medical Clinic Tampines,Tues,8:30am - 2:00pm | 6:00pm - 9:00pm,,false
Tampines,Caring Medical Clinic Tampines,Wed,8:30am - 2:00pm | 6:00pm - 9:00pm,,false
Tampines,Caring Medical Clinic Tampines,Thurs,8:30am - 2:00pm | 6:00pm - 9:00pm,,false
Tampines,Caring Medical Clinic Tampines,Fri,8:30am - 2:00pm | 6:00pm - 9:00pm,,false
Tampines,Caring Medical Clinic Tampines,Sat,8:30am - 12:30pm,,false
Tampines,Caring Medical Clinic Tampines,Sun,8:30am - 12:30pm | 6:00pm - 9:00pm,,false
Tampines,Caring Medical Clinic Tampines,PH,,Closed,true
Tampines,Crossroads Family Clinic,Mon,8:00am - 12:30pm | 2:00pm - 4:00pm | 5:30pm - 8:30pm,,false
Tampines,Crossroads Family Clinic,Tues,8:00am - 12:30pm | 2:00pm - 4:00pm,,false
Tampines,Crossroads Family Clinic,Wed,8:00am - 12:30pm | 2:00pm - 4:00pm | 5:30pm - 8:30pm,,false
Tampines,Crossroads Family Clinic,Thurs,8:00am - 12:30pm,,false
Tampines,Crossroads Family Clinic,Fri,8:00am - 12:30pm | 2:00pm - 4:00pm,,false
Tampines,Crossroads Family Clinic,Sat,8:00am - 12:30pm,,false
Tampines,Crossroads Family Clinic,Sun,,Closed,true
Tampines,Crossroads Family Clinic,PH,,Closed,true
Tampines,Dayspring 2 Medical Clinic (Tampines),Mon,9:00am - 1:00pm | 2:00pm - 5:00pm | 6:00pm - 9:00pm,,false
Tampines,Dayspring 2 Medical Clinic (Tampines),Tues,9:00am - 1:00pm | 2:00pm - 5:00pm | 6:00pm - 9:00pm,,false
Tampines,Dayspring 2 Medical Clinic (Tampines),Wed,9:00am - 1:00pm | 2:00pm - 5:00pm | 6:00pm - 9:00pm,,false
Tampines,Dayspring 2 Medical Clinic (Tampines),Thurs,9:00am - 1:00pm | 2:00pm - 5:00pm | 6:00pm - 9:00pm,,false
Tampines,Dayspring 2 Medical Clinic (Tampines),Fri,9:00am - 1:00pm | 2:00pm - 5:00pm | 6:00pm - 9:00pm,,false
Tampines,Dayspring 2 Medical Clinic (Tampines),Sat,9:00am - 1:00pm,,false
Tampines,Dayspring 2 Medical Clinic (Tampines),Sun,9:00am - 1:00pm,,false
Tampines,Dayspring 2 Medical Clinic (Tampines),PH,,Closed,true
Tampines,Edgedale Medical Clinic (Tampines),Mon,9:00am - 1:00pm | 6:00pm - 9:00pm,,false
Tampines,Edgedale Medical Clinic (Tampines),Tues,9:00am - 1:00pm | 6:00pm - 9:00pm,,false
Tampines,Edgedale Medical Clinic (Tampines),Wed,9:00am - 1:00pm | 6:00pm - 9:00pm,,false
Tampines,Edgedale Medical Clinic (Tampines),Thurs,9:00am - 1:00pm | 6:00pm - 9:00pm,,false
Tampines,Edgedale Medical Clinic (Tampines),Fri,9:00am - 1:00pm | 6:00pm - 9:00pm,,false
Tampines,Edgedale Medical Clinic (Tampines),Sat,9:00am - 1:00pm,,false
Tampines,Edgedale Medical Clinic (Tampines),Sun,,Closed,true
Tampines,Edgedale Medical Clinic (Tampines),PH,,Closed,true
Tampines,Faith Healthcare 11 (Tampines),Mon,8:30am - 4:30pm | 7:00pm - 9:30pm,,false
Tampines,Faith Healthcare 11 (Tampines),Tues,8:30am - 4:30pm | 7:00pm - 9:30pm,,false
Tampines,Faith Healthcare 11 (Tampines),Wed,8:30am - 4:30pm | 7:00pm - 9:30pm,,false
Tampines,Faith Healthcare 11 (Tampines),Thurs,8:30am - 4:30pm | 7:00pm - 9:30pm,,false
Tampines,Faith Healthcare 11 (Tampines),Fri,8:30am - 4:30pm | 7:00pm - 9:30pm,,false
Tampines,Faith Healthcare 11 (Tampines),Sat,8:30am - 1:00pm,,false
Tampines,Faith Healthcare 11 (Tampines),Sun,8:30am - 1:00pm,,false
Tampines,Faith Healthcare 11 (Tampines),PH,8:30am - 1:00pm,,false
Tampines,Good Medical Clinic (Tampines East),Mon,8:00am - 12:00pm | 6:00pm - 10:00pm,,false
Tampines,Good Medical Clinic (Tampines East),Tues,8:00am - 12:00pm | 6:00pm - 10:00pm,,false
Tampines,Good Medical Clinic (Tampines East),Wed,8:00am - 12:00pm | 6:00pm - 10:00pm,,false
Tampines,Good Medical Clinic (Tampines East),Thurs,8:00am - 12:00pm | 6:00pm - 10:00pm,,false
Tampines,Good Medical Clinic (Tampines East),Fri,8:00am - 12:00pm | 6:00pm - 10:00pm,,false
Tampines,Good Medical Clinic (Tampines East),Sat,8:00am - 12:00pm | 6:00pm - 10:00pm,,false
Tampines,Good Medical Clinic (Tampines East),Sun,8:00am - 12:00pm | 6:00pm - 10:00pm,,false
Tampines,Good Medical Clinic (Tampines East),PH,,To call the clinic to confirm,false
Tampines,Greenhealth,Mon,8:30am - 1:30pm,,false
Tampines,Greenhealth,Tues,8:30am - 1:30pm,,false
Tampines,Greenhealth,Wed,8:30am - 1:30pm,,false
Tampines,Greenhealth,Thurs,8:30am - 1:30pm,,false
Tampines,Family Clinic,Fri,8:30am - 1:30pm | 2:30pm - 4:30pm,,false
Tampines,Family Clinic,Sat,8:30am - 12:30pm,,false
Tampines,Family Clinic,Sun,9:00am - 12:00pm,,false
Tampines,Family Clinic,PH,,Closed,true
Tampines,Healthway Medical (Tampines St 21),Mon,8:30am - 1:00pm | 2:00pm - 5:00pm | 6:00pm - 9:00pm,,false
Tampines,Healthway Medical (Tampines St 21),Tues,8:30am - 1:00pm | 2:00pm - 5:00pm | 6:00pm - 9:00pm,,false
Tampines,Healthway Medical (Tampines St 21),Wed,8:30am - 1:00pm | 2:00pm - 5:00pm | 6:00pm - 9:00pm,,false
Tampines,Healthway Medical (Tampines St 21),Thurs,8:30am - 1:00pm | 2:00pm - 5:00pm | 6:00pm - 9:00pm,,false
Tampines,Healthway Medical (Tampines St 21),Fri,8:30am - 1:00pm | 2:00pm - 5:00pm,,false
Tampines,Healthway Medical (Tampines St 21),Sat,8:30am - 1:00pm,,false
Tampines,Healthway Medical (Tampines St 21),Sun,8:30am - 1:00pm,,false
Tampines,Healthway Medical (Tampines St 21),PH,8:30am - 1:00pm,,false
Tampines,HeartlandHealth (Tampines),Mon,8:00am - 1:00pm | 6:00pm - 11:00pm,,false
Tampines,HeartlandHealth (Tampines),Tues,8:00am - 1:00pm | 6:00pm - 11:00pm,,false
Tampines,HeartlandHealth (Tampines),Wed,8:00am - 1:00pm | 6:00pm - 11:00pm,,false
Tampines,HeartlandHealth (Tampines),Thurs,8:00am - 1:00pm | 6:00pm - 11:00pm,,false
Tampines,HeartlandHealth (Tampines),Fri,8:00am - 1:00pm | 6:00pm - 11:00pm,,false
Tampines,HeartlandHealth (Tampines),Sat,8:00am - 1:00pm | 6:00pm - 11:00pm,,false
Tampines,HeartlandHealth (Tampines),Sun,8:00am - 1:00pm | 6:00pm - 11:00pm,,false
Tampines,HeartlandHealth (Tampines),PH,8:00am - 1:00pm | 6:00pm - 11:00pm,,false
Tampines,HeartlandHealth (Tampines East),Mon,8:00am - 1:00pm | 6:00pm - 11:00pm,,false
Tampines,HeartlandHealth (Tampines East),Tues,8:00am - 1:00pm | 6:00pm - 11:00pm,,false
Tampines,HeartlandHealth (Tampines East),Wed,8:00am - 1:00pm | 6:00pm - 11:00pm,,false
Tampines,HeartlandHealth (Tampines East),Thurs,8:00am - 1:00pm | 6:00pm - 11:00pm,,false
Tampines,HeartlandHealth (Tampines East),Fri,8:00am - 1:00pm | 6:00pm - 11:00pm,,false
Tampines,HeartlandHealth (Tampines East),Sat,8:00am - 1:00pm | 6:00pm - 11:00pm,,false
Tampines,HeartlandHealth (Tampines East),Sun,8:00am - 1:00pm | 6:00pm - 11:00pm,,false
Tampines,HeartlandHealth (Tampines East),PH,8:00am - 1:00pm | 6:00pm - 11:00pm,,false
Tampines,Intemedical Tampines,Mon,8:00am - 10:00pm,(WhatsApp,false
Tampines,Intemedical Tampines,Tues,8:00am - 10:00pm,(WhatsApp,false
Tampines,Intemedical Tampines,Wed,8:00am - 10:00pm,(WhatsApp,false
Tampines,Intemedical Tampines,Thurs,8:00am - 10:00pm,(WhatsApp,false
Tampines,Intemedical Tampines,Fri,8:00am - 10:00pm,(WhatsApp,false
Tampines,Intemedical Tampines,Sat,8:00am - 10:00pm,(WhatsApp,false
Tampines,Intemedical Tampines,Sun,8:00am - 10:00pm,(WhatsApp,false
Tampines,Intemedical Tampines,PH,8:00am - 10:00pm,Only),false
Tampines,Karri Family Clinic,Mon,8:30am - 1:00pm | 6:30pm - 9:00pm,,false
Tampines,Karri Family Clinic,Tues,8:30am - 1:00pm | 6:30pm - 9:00pm,,false
Tampines,Karri Family Clinic,Wed,8:30am - 1:00pm | 6:30pm - 9:00pm,,false
Tampines,Karri Family Clinic,Thurs,8:30am - 1:00pm,,false
Tampines,Karri Family Clinic,Fri,8:30am - 1:00pm,,false
Tampines,Karri Family Clinic,Sat,8:30am - 12:30pm,,false
Tampines,Karri Family Clinic,Sun,,Closed,true
Tampines,Karri Family Clinic,PH,,Closed,true
Tampines,Kindred Family Clinic (Tampines),Mon,8:30am - 12:30pm,,false
Tampines,Kindred Family Clinic (Tampines),Tues,8:30am - 12:30pm,,false
Tampines,Kindred Family Clinic (Tampines),Wed,8:30am - 12:30pm | 2:00pm - 4:30pm,,false
Tampines,Kindred Family Clinic (Tampines),Thurs,2:00pm - 4:30pm | 6:00pm - 8:30pm,,false
Tampines,Kindred Family Clinic (Tampines),Fri,2:00pm - 4:30pm | 6:00pm - 8:30pm,,false
Tampines,Kindred Family Clinic (Tampines),Sat,8:30am - 12:30pm,,false
Tampines,Kindred Family Clinic (Tampines),Sun,,Closed,true
Tampines,Kindred Family Clinic (Tampines),PH,,Closed,true
Tampines,Little Cross Family Clinic Pte Ltd,Mon,8:30am - 3:00pm | 7:00pm - 9:00pm,,false
Tampines,Little Cross Family Clinic Pte Ltd,Tues,8:30am - 3:00pm | 7:00pm - 9:00pm,,false
Tampines,Little Cross Family Clinic Pte Ltd,Wed,8:30am - 3:00pm | 7:00pm - 9:00pm,,false
Tampines,Little Cross Family Clinic Pte Ltd,Thurs,8:30am - 3:00pm | 7:00pm - 9:00pm,,false
Tampines,Little Cross Family Clinic Pte Ltd,Fri,8:30am - 3:00pm | 7:00pm - 9:00pm,,false
Tampines,Little Cross Family Clinic Pte Ltd,Sat,8:30am - 12:30pm | 7:00pm - 9:00pm,,false
Tampines,Little Cross Family Clinic Pte Ltd,Sun,,Closed,true
Tampines,Little Cross Family Clinic Pte Ltd,PH,8:30am - 12:30pm,,false
Tampines,Medina Medical Centre,Mon,8:00am - 12:30pm | 2:30pm - 5:00pm,,false
Tampines,Medina Medical Centre,Tues,8:00am - 12:30pm | 2:30pm - 5:00pm,,false
Tampines,Medina Medical Centre,Wed,8:00am - 12:30pm | 2:30pm - 5:00pm,,false
Tampines,Medina Medical Centre,Thurs,8:00am - 12:30pm | 2:30pm - 5:00pm,,false
Tampines,Medina Medical Centre,Fri,8:00am - 12:30pm | 2:30pm - 5:00pm,,false
Tampines,Medina Medical Centre,Sat,8:30am - 12:30pm,,false
Tampines,Medina Medical Centre,Sun,,Closed,true
Tampines,Medina Medical Centre,PH,,Closed,true
Tampines,Northeast Medical 20 Group (Tampines),Mon,8:00am - 1:00pm | 2:00pm - 10:00pm,,false
Tampines,Northeast Medical 20 Group (Tampines),Tues,8:00am - 1:00pm | 2:00pm - 10:00pm,,false
Tampines,Northeast Medical 20 Group (Tampines),Wed,8:00am - 1:00pm | 2:00pm - 10:00pm,,false
Tampines,Northeast Medical 20 Group (Tampines),Thurs,8:00am - 1:00pm | 2:00pm - 10:00pm,,false
Tampines,Northeast Medical 20 Group (Tampines),Fri,8:00am - 1:00pm | 2:00pm - 10:00pm,,false
Tampines,Northeast Medical 20 Group (Tampines),Sat,8:00am - 1:00pm | 2:00pm - 10:00pm,,false
Tampines,Northeast Medical 20 Group (Tampines),Sun,8:00am - 1:00pm | 2:00pm - 10:00pm,,false
Tampines,Northeast Medical 20 Group (Tampines),PH,8:00am - 1:00pm,,false
Tampines,Our Family Physician Clinic & Surgery,Mon,8:00am - 11:00pm,,false
Tampines,Our Family Physician Clinic & Surgery,Tues,8:00am - 11:00pm,,false
Tampines,Our Family Physician Clinic & Surgery,Wed,8:00am - 11:00pm,,false
Tampines,Our Family Physician Clinic & Surgery,Thurs,8:00am - 11:00pm,,false
Tampines,Our Family Physician Clinic & Surgery,Fri,8:00am - 11:00pm,,false
Tampines,Our Family Physician Clinic & Surgery,Sat,8:00am - 11:00pm,,false
Tampines,Our Family Physician Clinic & Surgery,Sun,8:00am - 11:00pm,,false
Tampines,Our Family Physician Clinic & Surgery,PH,8:00am - 11:00pm,,false
Tampines,Our Tampines Family Clinic,Mon,8:00am - 2:00pm | 5:00pm - 10:00pm | 2:00pm - 6:00pm,(WhatsApp Only) Sat:,false
Tampines,Our Tampines Family Clinic,Tues,8:00am - 2:00pm | 5:00pm - 10:00pm | 2:00pm - 6:00pm,(WhatsApp Only) Sat:,false
Tampines,Our Tampines Family Clinic,Wed,8:00am - 2:00pm | 5:00pm - 10:00pm | 2:00pm - 6:00pm,(WhatsApp Only) Sat:,false
Tampines,Our Tampines Family Clinic,Thurs,8:00am - 2:00pm | 5:00pm - 10:00pm | 2:00pm - 6:00pm,(WhatsApp Only) Sat:,false
Tampines,Our Tampines Family Clinic,Fri,8:00am - 2:00pm | 5:00pm - 10:00pm | 2:00pm - 6:00pm,(WhatsApp Only) Sat:,false
Tampines,Our Tampines Family Clinic,Sun,8:00am - 1:00pm,,false
Tampines,Our Tampines Family Clinic,PH,,Closed,true
Tampines,Parkway Shenton Medical Clinic (Tampines West),Mon,8:00am - 5:00pm,,false
Tampines,Parkway Shenton Medical Clinic (Tampines West),Tues,8:00am - 5:00pm,,false
Tampines,Parkway Shenton Medical Clinic (Tampines West),Wed,8:00am - 5:00pm,,false
Tampines,Parkway Shenton Medical Clinic (Tampines West),Thurs,8:00am - 5:00pm,,false
Tampines,Parkway Shenton Medical Clinic (Tampines West),Fri,8:00am - 5:00pm,,false
Tampines,Parkway Shenton Medical Clinic (Tampines West),Sat,8:00am - 1:00pm,,false
Tampines,Parkway Shenton Medical Clinic (Tampines West),Sun,,Closed,true
Tampines,Parkway Shenton Medical Clinic (Tampines West),PH,,Closed,true
Tampines,Prima Care Family Clinic (T.North),Mon,8:30am - 5:30pm,,false
Tampines,Prima Care Family Clinic (T.North),Tues,8:30am - 5:30pm,,false
Tampines,Prima Care Family Clinic (T.North),Wed,8:30am - 5:30pm,,false
Tampines,Prima Care Family Clinic (T.North),Thurs,8:30am - 5:30pm,,false
Tampines,Prima Care Family Clinic (T.North),Fri,8:30am - 5:30pm,,false
Tampines,Prima Care Family Clinic (T.North),Sat,8:30am - 12:30pm,,false
Tampines,Prima Care Family Clinic (T.North),Sun,,Closed,true
Tampines,Prima Care Family Clinic (T.North),PH,,Closed,true
Tampines,ProHealth Medical Group @ Tampines,Sun,8:00am - 9:00pm,,false
Tampines,ProHealth Medical Group @ Tampines,PH,8:00am - 9:00pm,,false
Tampines,SATA 5 CommHealth Medical Centre (Tampines),Mon,8:30am - 12:00pm | 1:30pm - 5:00pm,,false
Tampines,SATA 5 CommHealth Medical Centre (Tampines),Tues,8:30am - 12:00pm | 1:30pm - 5:00pm,,false
Tampines,SATA 5 CommHealth Medical Centre (Tampines),Wed,8:30am - 12:00pm | 1:30pm - 5:00pm,,false
Tampines,SATA 5 CommHealth Medical Centre (Tampines),Thurs,8:30am - 12:00pm | 1:30pm - 5:00pm,,false
Tampines,SATA 5 CommHealth Medical Centre (Tampines),Fri,8:30am - 12:00pm | 1:30pm - 5:00pm,,false
Tampines,SATA 5 CommHealth Medical Centre (Tampines),Sat,8:30am - 12:30pm,,false
Tampines,SATA 5 CommHealth Medical Centre (Tampines),Sun,,Closed,true
Tampines,SATA 5 CommHealth Medical Centre (Tampines),PH,,Closed,true
Tampines,Shenton Family Medical Clinic (Tampines),Mon,8:30am - 1:00pm | 2:00pm - 5:00pm | 7:00pm - 9:00pm,,false
Tampines,Shenton Family Medical Clinic (Tampines),Tues,8:30am - 1:00pm | 2:00pm - 5:00pm | 7:00pm - 9:00pm,,false
Tampines,Shenton Family Medical Clinic (Tampines),Wed,8:30am - 1:00pm | 2:00pm - 5:00pm | 7:00pm - 9:00pm,,false
Tampines,Shenton Family Medical Clinic (Tampines),Thurs,8:30am - 1:00pm | 2:00pm - 5:00pm,,false
Tampines,Shenton Family Medical Clinic (Tampines),Fri,8:30am - 1:00pm | 2:00pm - 5:00pm,,false
Tampines,Shenton Family Medical Clinic (Tampines),Sat,8:30am - 12:30pm,,false
Tampines,Shenton Family Medical Clinic (Tampines),Sun,,Closed,true
Tampines,Shenton Family Medical Clinic (Tampines),PH,,Closed,true
Tampines,Shifa Clinic (Tampines),Mon,9:00am - 12:30pm | 2:00pm - 4:30pm | 9:00am - 12:30pm,(WhatsApp Sat: Only) Closed on Sun & PH,false
Tampines,Shifa Clinic (Tampines),Tues,9:00am - 12:30pm | 2:00pm - 4:30pm | 9:00am - 12:30pm,(WhatsApp Sat: Only) Closed on Sun & PH,false
Tampines,Shifa Clinic (Tampines),Wed,9:00am - 12:30pm | 2:00pm - 4:30pm | 9:00am - 12:30pm,(WhatsApp Sat: Only) Closed on Sun & PH,false
Tampines,Shifa Clinic (Tampines),Thurs,9:00am - 12:30pm | 2:00pm - 4:30pm | 9:00am - 12:30pm,(WhatsApp Sat: Only) Closed on Sun & PH,false
Tampines,Shifa Clinic (Tampines),Fri,9:00am - 12:30pm | 2:00pm - 4:30pm | 9:00am - 12:30pm,(WhatsApp Sat: Only) Closed on Sun & PH,false
Tampines,Street 21 Clinic Tampines Pte Ltd,Mon,8:30am - 12:30pm | 4:30pm - 7:30pm,,false
Tampines,Street 21 Clinic Tampines Pte Ltd,Tues,8:30am - 12:30pm | 4:30pm - 7:30pm,,false
Tampines,Street 21 Clinic Tampines Pte Ltd,Wed,8:30am - 12:30pm | 4:30pm - 7:30pm,,false
Tampines,Street 21 Clinic Tampines Pte Ltd,Thurs,8:30am - 12:30pm | 4:30pm - 7:30pm,,false
Tampines,Street 21 Clinic Tampines Pte Ltd,Fri,8:30am - 12:30pm | 4:30pm - 7:30pm,,false
Tampines,Street 21 Clinic Tampines Pte Ltd,Sat,8:30am - 12:30pm,,false
Tampines,Street 21 Clinic Tampines Pte Ltd,Sun,3:00pm - 6:00pm,,false
Tampines,Street 21 Clinic Tampines Pte Ltd,PH,8:30am - 12:30pm,,false
Tampines,Street 11 Clinic,Mon,8:00am - 1:00pm,,false
Tampines,Street 11 Clinic,Tues,8:00am - 1:00pm,,false
Tampines,Street 11 Clinic,Wed,8:00am - 1:00pm | 6:00pm - 9:00pm,,false
Tampines,Street 11 Clinic,Thurs,1:30pm - 3:00pm | 6:00pm - 9:00pm,,false
Tampines,Street 11 Clinic,Fri,1:30pm - 3:00pm | 6:00pm - 9:00pm,,false
Tampines,Street 11 Clinic,Sat,8:30am - 1:00pm,,false
Tampines,Street 11 Clinic,Sun,,Closed,true
Tampines,Street 11 Clinic,PH,,Closed,true
Tampines,Tampines West Family Clinic,Mon,9:00am - 2:00pm | 2:00pm - 5:00pm | 6:00pm - 9:00pm,*,false
Tampines,Tampines West Family Clinic,Tues,9:00am - 2:00pm | 2:00pm - 5:00pm | 6:00pm - 9:00pm,*,false
Tampines,Tampines West Family Clinic,Wed,9:00am - 2:00pm | 2:00pm - 5:00pm | 6:00pm - 9:00pm,*,false
Tampines,Tampines West Family Clinic,Thurs,9:00am - 2:00pm | 2:00pm - 5:00pm | 6:00pm - 9:00pm,*,false
Tampines,Tampines West Family Clinic,Fri,9:00am - 2:00pm | 2:00pm - 5:00pm,*,false
Tampines,Tampines West Family Clinic,Sat,9:00am - 12:30pm,*The clinic will be open for in-clinic Tele consult & e pharmacy services with immediate dispensing of medication. All vital signs are to be taken in the clinic prior to tele-consultation.,false
Tampines,Tampines West Family Clinic,Sun,9:00am - 12:30pm,*The clinic will be open for in-clinic Tele consult & e pharmacy services with immediate dispensing of medication. All vital signs are to be taken in the clinic prior to tele-consultation.,false
Tampines,Tampines West Family Clinic,PH,,Closed,true
Tampines,Unihealth 24 Hours Clinic (Tampines),Mon,,24 hours,false
Tampines,Unihealth 24 Hours Clinic (Tampines),Tues,,24 hours,false
Tampines,Unihealth 24 Hours Clinic (Tampines),Wed,,24 hours,false
Tampines,Unihealth 24 Hours Clinic (Tampines),Thurs,,24 hours,false
Tampines,Unihealth 24 Hours Clinic (Tampines),Fri,,24 hours,false
Tampines,Unihealth 24 Hours Clinic (Tampines),Sat,,24 hours,false
Tampines,Unihealth 24 Hours Clinic (Tampines),Sun,,24 hours,false
Tampines,Unihealth 24 Hours Clinic (Tampines),PH,,24 hours,false
Tiong Bahru,Havelock Family 22 Clinic,Mon,9:00am - 1:00pm | 2:00pm - 5:00pm,,false
Tiong Bahru,Havelock Family 22 Clinic,Tues,9:00am - 1:00pm | 2:00pm - 5:00pm,,false
Tiong Bahru,Havelock Family 22 Clinic,Wed,9:00am - 1:00pm | 2:00pm - 5:00pm,,false
Tiong Bahru,Havelock Family 22 Clinic,Thurs,9:00am - 1:00pm | 2:00pm - 5:00pm,,false
Tiong Bahru,Havelock Family 22 Clinic,Fri,9:00am - 1:00pm | 2:00pm - 5:00pm,,false
Tiong Bahru,Havelock Family 22 Clinic,Sat,9:00am - 1:00pm,,false
Tiong Bahru,Havelock Family 22 Clinic,Sun,,Closed,true
Tiong Bahru,Havelock Family 22 Clinic,PH,,Closed,true
Tiong Bahru,Healthway 18 Medical (Jalan Membina),Mon,8:30am - 1:00pm | 2:00pm - 5:00pm | 6:00pm - 9:00pm,,false
Tiong Bahru,Healthway 18 Medical (Jalan Membina),Tues,8:30am - 1:00pm,,false
Tiong Bahru,Healthway 18 Medical (Jalan Membina),Wed,8:30am - 1:00pm,,false
Tiong Bahru,Healthway 18 Medical (Jalan Membina),Thurs,8:30am - 1:00pm | 2:00pm - 5:00pm | 6:00pm - 9:00pm,,false
Tiong Bahru,Healthway 18 Medical (Jalan Membina),Fri,2:00pm - 5:00pm,,false
Tiong Bahru,Healthway 18 Medical (Jalan Membina),Sat,8:30am - 1:00pm,,false
Tiong Bahru,Healthway 18 Medical (Jalan Membina),Sun,,Closed,true
Tiong Bahru,Healthway 18 Medical (Jalan Membina),PH,,Closed,true
Tiong Bahru,Kao & Tan Family 18 Medical Centre & Surgery (Prohealth Medical Group Of Clinics),Mon,7:00am - 10:00pm,,false
Tiong Bahru,Kao & Tan Family 18 Medical Centre & Surgery (Prohealth Medical Group Of Clinics),Tues,7:00am - 10:00pm,,false
Tiong Bahru,Kao & Tan Family 18 Medical Centre & Surgery (Prohealth Medical Group Of Clinics),Wed,7:00am - 10:00pm,,false
Tiong Bahru,Kao & Tan Family 18 Medical Centre & Surgery (Prohealth Medical Group Of Clinics),Thurs,7:00am - 10:00pm,,false
Tiong Bahru,Kao & Tan Family 18 Medical Centre & Surgery (Prohealth Medical Group Of Clinics),Fri,7:00am - 10:00pm,,false
Tiong Bahru,Kao & Tan Family 18 Medical Centre & Surgery (Prohealth Medical Group Of Clinics),Sat,7:00am - 10:00pm,,false
Tiong Bahru,Kao & Tan Family 18 Medical Centre & Surgery (Prohealth Medical Group Of Clinics),Sun,7:00am - 10:00pm,,false
Tiong Bahru,Kao & Tan Family 18 Medical Centre & Surgery (Prohealth Medical Group Of Clinics),PH,7:00am - 10:00pm,*To call clinic to confirm,false
Tiong Bahru,The Good Clinic,Mon,8:00am - 2:00pm | 5:00pm - 8:00pm,,false
Tiong Bahru,The Good Clinic,Tues,8:00am - 2:00pm | 5:00pm - 8:00pm,,false
Tiong Bahru,The Good Clinic,Wed,8:00am - 2:00pm | 5:00pm - 8:00pm,,false
Tiong Bahru,The Good Clinic,Thurs,8:00am - 2:00pm | 5:00pm - 8:00pm,,false
Tiong Bahru,The Good Clinic,Fri,8:00am - 2:00pm | 5:00pm - 8:00pm,,false
Tiong Bahru,The Good Clinic,Sat,8:00am - 12:00pm,,false
Tiong Bahru,The Good Clinic,Sun,8:00am - 12:00pm,,false
Tiong Bahru,The Good Clinic,PH,,Closed,true
Tiong Bahru,WhiteCoat Clinic 7 Yong Siak,Mon,9:00am - 1:00pm | 2:00pm - 6:00pm,,false
Tiong Bahru,WhiteCoat Clinic 7 Yong Siak,Tues,9:00am - 1:00pm | 2:00pm - 6:00pm,,false
Tiong Bahru,WhiteCoat Clinic 7 Yong Siak,Wed,9:00am - 1:00pm | 2:00pm - 6:00pm,,false
Tiong Bahru,WhiteCoat Clinic 7 Yong Siak,Thurs,9:00am - 1:00pm | 2:00pm - 6:00pm,,false
Tiong Bahru,WhiteCoat Clinic 7 Yong Siak,Fri,9:00am - 1:00pm | 2:00pm - 6:00pm,,false
Tiong Bahru,WhiteCoat Clinic 7 Yong Siak,Sat,9:00am - 1:00pm,,false
Tiong Bahru,WhiteCoat Clinic 7 Yong Siak,Sun,,Closed,true
Tiong Bahru,WhiteCoat Clinic 7 Yong Siak,PH,,Closed,true
Toa Payoh,Brighton Medical 83 Clinic,Mon,8:30am - 1:00pm | 2:00pm - 5:00pm | 6:30pm - 11:00pm,,false
Toa Payoh,Brighton Medical 83 Clinic,Tues,8:30am - 1:00pm | 2:00pm - 5:00pm | 6:30pm - 11:00pm,,false
Toa Payoh,Brighton Medical 83 Clinic,Wed,8:30am - 1:00pm | 2:00pm - 5:00pm | 6:30pm - 11:00pm,,false
Toa Payoh,Brighton Medical 83 Clinic,Thurs,8:30am - 1:00pm | 2:00pm - 5:00pm | 6:30pm - 11:00pm,,false
Toa Payoh,Brighton Medical 83 Clinic,Fri,8:30am - 1:00pm | 2:00pm - 5:00pm | 6:30pm - 11:00pm,,false
Toa Payoh,Brighton Medical 83 Clinic,Sat,8:30am - 1:00pm | 2:00pm - 5:00pm | 6:30pm - 11:00pm,,false
Toa Payoh,Brighton Medical 83 Clinic,Sun,8:30am - 1:00pm | 2:00pm - 5:00pm,,false
Toa Payoh,Brighton Medical 83 Clinic,PH,8:30am - 1:00pm | 2:00pm - 5:00pm | 6:30pm - 11:00pm,,false
Toa Payoh,Camry Medical 95 Centre,Mon,8:30am - 12:00pm | 1:00pm - 4:00pm,,false
Toa Payoh,Camry Medical 95 Centre,Tues,8:30am - 12:00pm | 1:00pm - 4:00pm,,false
Toa Payoh,Camry Medical 95 Centre,Wed,8:30am - 12:00pm | 1:00pm - 4:00pm,,false
Toa Payoh,Camry Medical 95 Centre,Thurs,8:30am - 12:00pm | 1:00pm - 4:00pm,,false
Toa Payoh,Camry Medical 95 Centre,Fri,8:30am - 12:00pm | 1:00pm - 4:00pm,,false
Toa Payoh,Camry Medical 95 Centre,Sat,8:30am - 12:00pm,,false
Toa Payoh,Camry Medical 95 Centre,Sun,,Closed,true
Toa Payoh,Camry Medical 95 Centre,PH,,Closed,true
Toa Payoh,Joyce & 178 Partners Family Clinic,Mon,8:30am - 1:00pm | 6:00pm - 8:30pm,,false
Toa Payoh,Joyce & 178 Partners Family Clinic,Tues,8:30am - 1:00pm | 6:00pm - 8:30pm,,false
Toa Payoh,Joyce & 178 Partners Family Clinic,Wed,8:30am - 1:00pm | 6:00pm - 8:30pm,,false
Toa Payoh,Joyce & 178 Partners Family Clinic,Thurs,8:30am - 1:00pm | 6:00pm - 8:30pm,,false
Toa Payoh,Joyce & 178 Partners Family Clinic,Fri,8:30am - 1:00pm,,false
Toa Payoh,Joyce & 178 Partners Family Clinic,Sat,2:00pm - 4:00pm,(Please call the clinic to confirm),false
Toa Payoh,Joyce & 178 Partners Family Clinic,Sun,,Closed,true
Toa Payoh,Joyce & 178 Partners Family Clinic,PH,,Closed,true
Toa Payoh,Finest Health 19 Medical Centre,Mon,8:30am - 12:30pm | 7:00pm - 10:00pm | 8:30am - 12:30pm,"(WhatsApp Only) Tues, Thurs, Fri & Sat:",false
Toa Payoh,Finest Health 19 Medical Centre,Wed,8:30am - 12:30pm | 7:00pm - 10:00pm | 8:30am - 12:30pm,"(WhatsApp Only) Tues, Thurs, Fri & Sat:",false
Toa Payoh,Finest Health 19 Medical Centre,Sun,,Closed,true
Toa Payoh,Finest Health 19 Medical Centre,PH,,Closed,true
Toa Payoh,Healthcare United 70 Toa,Mon,8:00am - 1:00pm | 2:00pm - 5:00pm,,false
Toa Payoh,Healthcare United 70 Toa,Tues,8:00am - 1:00pm | 2:00pm - 5:00pm,,false
Toa Payoh,Healthcare United 70 Toa,Wed,8:00am - 1:00pm | 2:00pm - 5:00pm,,false
Toa Payoh,Healthcare United 70 Toa,Thurs,8:00am - 1:00pm | 2:00pm - 5:00pm,,false
Toa Payoh,Healthcare United 70 Toa,Fri,8:00am - 1:00pm | 2:00pm - 5:00pm,,false
Toa Payoh,Healthcare United 70 Toa,Sat,,Closed,true
Toa Payoh,Healthcare United 70 Toa,Sun,8:30am - 12:30pm,,false
Toa Payoh,Healthcare United 70 Toa,PH,,Closed,true
Toa Payoh,HeartlandHealth 124 (Braddell Medical Clinic),Mon,8:00am - 1:00pm | 6:00pm - 11:00pm,,false
Toa Payoh,HeartlandHealth 124 (Braddell Medical Clinic),Tues,8:00am - 1:00pm | 6:00pm - 11:00pm,,false
Toa Payoh,HeartlandHealth 124 (Braddell Medical Clinic),Wed,8:00am - 1:00pm | 6:00pm - 11:00pm,,false
Toa Payoh,HeartlandHealth 124 (Braddell Medical Clinic),Thurs,8:00am - 1:00pm | 6:00pm - 11:00pm,,false
Toa Payoh,HeartlandHealth 124 (Braddell Medical Clinic),Fri,8:00am - 1:00pm | 6:00pm - 11:00pm,,false
Toa Payoh,HeartlandHealth 124 (Braddell Medical Clinic),Sat,8:00am - 1:00pm | 6:00pm - 11:00pm,,false
Toa Payoh,HeartlandHealth 124 (Braddell Medical Clinic),Sun,8:00am - 1:00pm | 6:00pm - 11:00pm,,false
Toa Payoh,HeartlandHealth 124 (Braddell Medical Clinic),PH,8:00am - 1:00pm | 6:00pm - 11:00pm,,false
Toa Payoh,HeartlandHealth 19 (Kim Keat),Mon,7:00am - 11:00pm,,false
Toa Payoh,HeartlandHealth 19 (Kim Keat),Tues,7:00am - 11:00pm,,false
Toa Payoh,HeartlandHealth 19 (Kim Keat),Wed,7:00am - 11:00pm,,false
Toa Payoh,HeartlandHealth 19 (Kim Keat),Thurs,7:00am - 11:00pm,,false
Toa Payoh,HeartlandHealth 19 (Kim Keat),Fri,7:00am - 11:00pm,,false
Toa Payoh,HeartlandHealth 19 (Kim Keat),Sat,7:00am - 1:00pm | 6:00pm - 11:00pm,,false
Toa Payoh,HeartlandHealth 19 (Kim Keat),Sun,7:00am - 1:00pm | 6:00pm - 11:00pm,,false
Toa Payoh,HeartlandHealth 19 (Kim Keat),PH,7:00am - 1:00pm | 6:00pm - 11:00pm,,false
Toa Payoh,HeartlandHealth 66 (Toa Payoh),Mon,8:00am - 1:00pm | 6:00pm - 11:00pm,,false
Toa Payoh,HeartlandHealth 66 (Toa Payoh),Tues,8:00am - 1:00pm | 6:00pm - 11:00pm,,false
Toa Payoh,HeartlandHealth 66 (Toa Payoh),Wed,8:00am - 1:00pm | 6:00pm - 11:00pm,,false
Toa Payoh,HeartlandHealth 66 (Toa Payoh),Thurs,8:00am - 1:00pm | 6:00pm - 11:00pm,,false
Toa Payoh,HeartlandHealth 66 (Toa Payoh),Fri,8:00am - 1:00pm | 6:00pm - 11:00pm,,false
Toa Payoh,HeartlandHealth 66 (Toa Payoh),Sat,8:00am - 1:00pm | 6:00pm - 11:00pm,,false
Toa Payoh,HeartlandHealth 66 (Toa Payoh),Sun,8:00am - 1:00pm | 6:00pm - 11:00pm,,false
Toa Payoh,HeartlandHealth 66 (Toa Payoh),PH,8:00am - 1:00pm | 6:00pm - 11:00pm,,false
Toa Payoh,Kingsway Medical 109 Clinic (Braddell MRT),Mon,8:30am - 1:00pm | 2:00pm - 5:30pm | 6:00pm - 10:00pm | 1:00pm - 10:00pm,((WhatsApp Only) Sun:,false
Toa Payoh,Kingsway Medical 109 Clinic (Braddell MRT),Tues,8:30am - 1:00pm | 2:00pm - 5:30pm | 6:00pm - 10:00pm | 1:00pm - 10:00pm,((WhatsApp Only) Sun:,false
Toa Payoh,Kingsway Medical 109 Clinic (Braddell MRT),Wed,8:30am - 1:00pm | 2:00pm - 5:30pm | 6:00pm - 10:00pm | 1:00pm - 10:00pm,((WhatsApp Only) Sun:,false
Toa Payoh,Kingsway Medical 109 Clinic (Braddell MRT),Thurs,8:30am - 1:00pm | 2:00pm - 5:30pm | 6:00pm - 10:00pm | 1:00pm - 10:00pm,((WhatsApp Only) Sun:,false
Toa Payoh,Kingsway Medical 109 Clinic (Braddell MRT),Fri,8:30am - 1:00pm | 2:00pm - 5:30pm | 6:00pm - 10:00pm | 1:00pm - 10:00pm,((WhatsApp Only) Sun:,false
Toa Payoh,Kingsway Medical 109 Clinic (Braddell MRT),Sat,8:30am - 1:00pm | 2:00pm - 5:30pm | 6:00pm - 10:00pm | 1:00pm - 10:00pm,((WhatsApp Only) Sun:,false
Toa Payoh,Kingsway Medical 109 Clinic (Braddell MRT),PH,,Closed,true
Toa Payoh,Family Clinic 79D (Toa Payoh Central),Mon,8:30am - 2:00pm | 2:30pm - 4:30pm | 6:00pm - 10:00pm,,false
Toa Payoh,Family Clinic 79D (Toa Payoh Central),Tues,8:30am - 2:00pm | 2:30pm - 4:30pm | 6:00pm - 10:00pm,,false
Toa Payoh,Family Clinic 79D (Toa Payoh Central),Wed,8:30am - 2:00pm | 6:00pm - 10:00pm,,false
Toa Payoh,Family Clinic 79D (Toa Payoh Central),Thurs,8:30am - 2:00pm | 6:00pm - 10:00pm,,false
Toa Payoh,Family Clinic 79D (Toa Payoh Central),Fri,8:30am - 2:00pm | 6:00pm - 10:00pm,,false
Toa Payoh,Family Clinic 79D (Toa Payoh Central),Sat,8:30am - 2:00pm,,false
Toa Payoh,Family Clinic 79D (Toa Payoh Central),Sun,9:30am - 12:00pm,,false
Toa Payoh,Family Clinic 79D (Toa Payoh Central),PH,,Closed,true
Toa Payoh,Woodleigh Family Clinic,Mon,8:30am - 1:30pm | 5:30pm - 9:00pm,,false
Toa Payoh,Woodleigh Family Clinic,Tues,8:30am - 1:30pm | 5:30pm - 9:00pm,,false
Toa Payoh,Woodleigh Family Clinic,Wed,8:30am - 1:30pm | 5:30pm - 9:00pm,,false
Toa Payoh,Woodleigh Family Clinic,Thurs,8:30am - 1:30pm | 5:30pm - 9:00pm,,false
Toa Payoh,Woodleigh Family Clinic,Fri,8:30am - 1:30pm | 5:30pm - 9:00pm,,false
Toa Payoh,Woodleigh Family Clinic,Sat,8:30am - 12:30pm,,false
Toa Payoh,Woodleigh Family Clinic,Sun,8:30am - 12:30pm | 5:30pm - 9:00pm,,false
Toa Payoh,Woodleigh Family Clinic,PH,,Closed,true
Toa Payoh,Bidadari Clinic,Mon,8:30am - 12:30pm | 1:00pm - 5:00pm,,false
Toa Payoh,Bidadari Clinic,Tues,8:30am - 12:30pm | 1:00pm - 5:00pm,,false
Toa Payoh,Bidadari Clinic,Wed,8:30am - 12:30pm | 1:00pm - 5:00pm,,false
Toa Payoh,Bidadari Clinic,Thurs,8:30am - 12:30pm | 1:00pm - 5:00pm,,false
Toa Payoh,Bidadari Clinic,Fri,8:30am - 12:30pm | 1:00pm - 5:00pm,,false
Toa Payoh,Bidadari Clinic,Sat,8:30am - 12:30pm,,false
Toa Payoh,Bidadari Clinic,Sun,,Closed,true
Toa Payoh,Bidadari Clinic,PH,,Closed,true
Toa Payoh,Unihealth 24- 178 Hours Clinic (Toa Payoh),Mon,,24 hours,false
Toa Payoh,Unihealth 24- 178 Hours Clinic (Toa Payoh),Tues,,24 hours,false
Toa Payoh,Unihealth 24- 178 Hours Clinic (Toa Payoh),Wed,,24 hours,false
Toa Payoh,Unihealth 24- 178 Hours Clinic (Toa Payoh),Thurs,,24 hours,false
Toa Payoh,Unihealth 24- 178 Hours Clinic (Toa Payoh),Fri,,24 hours,false
Toa Payoh,Unihealth 24- 178 Hours Clinic (Toa Payoh),Sat,,24 hours,false
Toa Payoh,Unihealth 24- 178 Hours Clinic (Toa Payoh),Sun,,24 hours,false
Toa Payoh,Unihealth 24- 178 Hours Clinic (Toa Payoh),PH,,24 hours,false
Toa Payoh,Union Medical 148 Clinic & Surgery (Toa Payoh),Mon,8:30am - 2:00pm | 6:00pm - 9:00pm,,false
Toa Payoh,Union Medical 148 Clinic & Surgery (Toa Payoh),Tues,8:30am - 2:00pm | 6:00pm - 9:00pm,,false
Toa Payoh,Union Medical 148 Clinic & Surgery (Toa Payoh),Wed,8:30am - 2:00pm | 6:00pm - 9:00pm,,false
Toa Payoh,Union Medical 148 Clinic & Surgery (Toa Payoh),Thurs,8:30am - 2:00pm | 6:00pm - 9:00pm,,false
Toa Payoh,Union Medical 148 Clinic & Surgery (Toa Payoh),Fri,8:30am - 2:00pm | 6:00pm - 9:00pm,,false
Toa Payoh,Union Medical 148 Clinic & Surgery (Toa Payoh),Sat,8:30am - 1:00pm,,false
Toa Payoh,Union Medical 148 Clinic & Surgery (Toa Payoh),PH,,Closed,true
Thomson,"24-Hr Family Clinic, Thomson Medical Centre",Mon,12:00am - 12:00am,,false
Thomson,"24-Hr Family Clinic, Thomson Medical Centre",Tues,12:00am - 12:00am,,false
Thomson,"24-Hr Family Clinic, Thomson Medical Centre",Wed,12:00am - 12:00am,,false
Thomson,"24-Hr Family Clinic, Thomson Medical Centre",Thurs,12:00am - 12:00am,,false
Thomson,"24-Hr Family Clinic, Thomson Medical Centre",Fri,12:00am - 12:00am,,false
Thomson,"24-Hr Family Clinic, Thomson Medical Centre",Sat,12:00am - 12:00am,,false
Thomson,"24-Hr Family Clinic, Thomson Medical Centre",Sun,12:00am - 12:00am,,false
Thomson,"24-Hr Family Clinic, Thomson Medical Centre",PH,12:00am - 12:00am,,false
Woodlands,Acumed Medical Group (Woodlands),Mon,8:30am - 1:00pm | 2:00pm - 5:00pm,,false
Woodlands,Acumed Medical Group (Woodlands),Tues,8:30am - 1:00pm | 2:00pm - 5:00pm,,false
Woodlands,Acumed Medical Group (Woodlands),Wed,8:30am - 1:00pm | 2:00pm - 5:00pm,,false
Woodlands,Acumed Medical Group (Woodlands),Thurs,8:30am - 1:00pm | 2:00pm - 5:00pm,,false
Woodlands,Acumed Medical Group (Woodlands),Fri,8:30am - 1:00pm | 2:00pm - 5:00pm,,false
Woodlands,Acumed Medical Group (Woodlands),Sat,8:30am - 12:00pm,,false
Woodlands,Acumed Medical Group (Woodlands),Sun,,Closed,true
Woodlands,Acumed Medical Group (Woodlands),PH,,Closed,true
Woodlands,Aurora Clinic and Surgery,Mon,9:00am - 9:00pm,,false
Woodlands,Aurora Clinic and Surgery,Tues,9:00am - 9:00pm,,false
Woodlands,Aurora Clinic and Surgery,Wed,9:00am - 9:00pm,,false
Woodlands,Aurora Clinic and Surgery,Thurs,9:00am - 9:00pm,,false
Woodlands,Aurora Clinic and Surgery,Fri,9:00am - 9:00pm,,false
Woodlands,Aurora Clinic and Surgery,Sat,9:00am - 9:00pm,,false
Woodlands,Aurora Clinic and Surgery,Sun,9:00am - 9:00pm,,false
Woodlands,Aurora Clinic and Surgery,PH,9:00am - 9:00pm,,false
Woodlands,Banyan Clinic Pte Ltd,Mon,8:30am - 2:30pm | 5:30pm - 10:30pm,,false
Woodlands,Banyan Clinic Pte Ltd,Tues,8:30am - 2:30pm | 5:30pm - 10:30pm,,false
Woodlands,Banyan Clinic Pte Ltd,Wed,8:30am - 2:30pm | 5:30pm - 10:30pm,,false
Woodlands,Banyan Clinic Pte Ltd,Thurs,8:30am - 2:30pm | 5:30pm - 10:30pm,,false
Woodlands,Banyan Clinic Pte Ltd,Fri,8:30am - 2:30pm | 5:30pm - 10:30pm,,false
Woodlands,Banyan Clinic Pte Ltd,Sat,8:30am - 2:30pm | 5:30pm - 10:30pm,,false
Woodlands,Banyan Clinic Pte Ltd,Sun,8:30am - 2:30pm | 5:30pm - 10:30pm,,false
Woodlands,Banyan Clinic Pte Ltd,PH,,Closed,true
Woodlands,Caring Medical Clinic Woodlands,Mon,8:30am - 1:30pm,,false
Woodlands,Caring Medical Clinic Woodlands,Tues,8:30am - 1:30pm,,false
Woodlands,Caring Medical Clinic Woodlands,Wed,8:30am - 1:30pm,,false
Woodlands,Caring Medical Clinic Woodlands,Thurs,8:30am - 1:30pm,,false
Woodlands,Caring Medical Clinic Woodlands,Fri,8:30am - 1:30pm,,false
Woodlands,Caring Medical Clinic Woodlands,Sat,8:30am - 12:30pm,,false
Woodlands,Caring Medical Clinic Woodlands,Sun,8:30am - 12:30pm | 6:00pm - 9:00pm,,false
Woodlands,Caring Medical Clinic Woodlands,PH,,Closed,true
Woodlands,Doctors Clinic and Surgery,Mon,8:30am - 12:00pm | 2:00pm - 4:30pm | 6:30pm - 9:00pm,,false
Woodlands,Doctors Clinic and Surgery,Tues,8:30am - 12:00pm | 2:00pm - 4:30pm | 6:30pm - 9:00pm,,false
Woodlands,Doctors Clinic and Surgery,Wed,8:30am - 12:00pm | 2:00pm - 4:30pm | 6:30pm - 9:00pm,,false
Woodlands,Doctors Clinic and Surgery,Thurs,8:30am - 12:00pm | 2:00pm - 4:30pm | 6:30pm - 9:00pm,,false
Woodlands,Doctors Clinic and Surgery,Fri,8:30am - 12:00pm | 2:00pm - 4:30pm | 6:30pm - 9:00pm,,false
Woodlands,Doctors Clinic and Surgery,Sat,8:30am - 12:00pm,,false
Woodlands,Doctors Clinic and Surgery,Sun,8:30am - 12:00pm,,false
Woodlands,Doctors Clinic and Surgery,PH,,Closed,true
Woodlands,Medical & Paincare Marsiling,Mon,8:00am - 12:30pm | 1:30pm - 4:30pm | 7:00pm - 9:00pm,,false
Woodlands,Medical & Paincare Marsiling,Tues,8:00am - 12:30pm | 1:30pm - 4:30pm | 7:00pm - 9:00pm,,false
Woodlands,Medical & Paincare Marsiling,Wed,8:00am - 12:30pm | 1:30pm - 4:30pm | 7:00pm - 9:00pm,,false
Woodlands,Medical & Paincare Marsiling,Thurs,8:00am - 12:30pm | 1:30pm - 4:30pm | 7:00pm - 9:00pm,,false
Woodlands,Medical & Paincare Marsiling,Fri,8:00am - 12:30pm | 1:30pm - 4:30pm | 7:00pm - 9:00pm,,false
Woodlands,Medical & Paincare Marsiling,Sat,8:00am - 12:30pm,,false
Woodlands,Medical & Paincare Marsiling,Sun,,Closed,true
Woodlands,Medical & Paincare Marsiling,PH,,Closed,true
Woodlands,Medical Woodlands,Mon,8:00am - 2:00pm | 5:30pm - 9:00pm,,false
Woodlands,Medical Woodlands,Tues,8:00am - 2:00pm | 5:30pm - 9:00pm,,false
Woodlands,Medical Woodlands,Wed,8:00am - 2:00pm | 5:30pm - 9:00pm,,false
Woodlands,Medical Woodlands,Thurs,8:00am - 2:00pm | 5:30pm - 9:00pm,,false
Woodlands,Medical Woodlands,Fri,8:00am - 2:00pm,,false
Woodlands,Medical Woodlands,Sat,8:00am - 12:30pm,,false
Woodlands,Medical Woodlands,Sun,8:00am - 12:30pm,,false
Woodlands,Medical Woodlands,PH,,Closed,true
Woodlands,Frontier Medical Associates (Admiralty),Mon,8:00am - 3:00pm | 6:00pm - 9:00pm,,false
Woodlands,Frontier Medical Associates (Admiralty),Tues,8:00am - 3:00pm,,false
Woodlands,Frontier Medical Associates (Admiralty),Wed,8:00am - 3:00pm | 6:00pm - 9:00pm,,false
Woodlands,Frontier Medical Associates (Admiralty),Thurs,8:00am - 3:00pm,,false
Woodlands,Frontier Medical Associates (Admiralty),Fri,8:00am - 3:00pm,,false
Woodlands,Frontier Medical Associates (Admiralty),Sat,8:00am - 12:00pm,,false
Woodlands,Frontier Medical Associates (Admiralty),Sun,,Closed,true
Woodlands,Frontier Medical Associates (Admiralty),PH,,Closed,true
Woodlands,GoClinic Marsiling,Mon,8:00am - 3:00pm | 6:00pm - 9:00pm,,false
Woodlands,GoClinic Marsiling,Tues,8:00am - 3:00pm,,false
Woodlands,GoClinic Marsiling,Wed,8:00am - 3:00pm,,false
Woodlands,GoClinic Marsiling,Thurs,8:00am - 3:00pm,,false
Woodlands,GoClinic Marsiling,Fri,8:00am - 3:00pm,,false
Woodlands,GoClinic Marsiling,Sat,8:00am - 12:30pm,,false
Woodlands,GoClinic Marsiling,Sun,,Closed,true
Woodlands,GoClinic Marsiling,PH,,Closed,true
Woodlands,Martin Medical Centre Marsiling Clinic & Surgery,Mon,8:30am - 12:30pm | 2:00pm - 4:30pm | 7:00pm - 9:00pm,,false
Woodlands,Martin Medical Centre Marsiling Clinic & Surgery,Tues,8:30am - 12:30pm | 2:00pm - 4:30pm | 7:00pm - 9:00pm | 8:30am - 12:00pm | 1:00pm - 5:00pm,,false
Woodlands,Martin Medical Centre Marsiling Clinic & Surgery,Wed,8:30am - 12:30pm | 2:00pm - 4:30pm | 7:00pm - 9:00pm,,false
Woodlands,Martin Medical Centre Marsiling Clinic & Surgery,Thurs,8:30am - 12:30pm | 2:00pm - 4:30pm | 7:00pm - 9:00pm | 8:30am - 12:00pm | 1:00pm - 5:00pm,,false
Woodlands,Martin Medical Centre Marsiling Clinic & Surgery,Fri,8:30am - 12:30pm | 2:00pm - 4:30pm | 7:00pm - 9:00pm | 8:30am - 12:00pm | 1:00pm - 5:00pm,,false
Woodlands,Martin Medical Centre Marsiling Clinic & Surgery,Sat,8:30am - 12:30pm,Closed,false
Woodlands,Martin Medical Centre Marsiling Clinic & Surgery,Sun,8:30am - 12:30pm | 2:00pm - 5:00pm,,false
Woodlands,Martin Medical Centre Marsiling Clinic & Surgery,PH,8:30am - 12:30pm | 8:30am - 12:00pm | 1:00pm - 5:00pm | 6:00pm - 8:30pm,(To call clinic to confirm) 730131 Mon & Wed: | Closed,false
Woodlands,Family Clinic,Mon,8:00am - 1:00pm | 2:00pm - 4:30pm | 6:00pm - 9:30pm,,false
Woodlands,Family Clinic,Tues,8:00am - 1:00pm | 2:00pm - 4:30pm | 6:00pm - 9:30pm,,false
Woodlands,Family Clinic,Wed,8:00am - 1:00pm | 2:00pm - 4:30pm | 6:00pm - 9:30pm,,false
Woodlands,Family Clinic,Thurs,8:00am - 1:00pm | 2:00pm - 4:30pm | 6:00pm - 9:30pm,,false
Woodlands,Family Clinic,Fri,8:00am - 1:00pm | 2:00pm - 4:30pm | 6:00pm - 9:30pm,,false
Woodlands,Family Clinic,Sat,8:00am - 12:00pm,,false
Woodlands,Family Clinic,Sun,8:00am - 2:00pm,,false
Woodlands,Family Clinic,PH,9:00am - 1:00pm,,false
Woodlands,Medipoint Medical Center (Woodlands Branch),Mon,8:30am - 1:30pm,,false
Woodlands,Medipoint Medical Center (Woodlands Branch),Tues,8:30am - 1:30pm,,false
Woodlands,Medipoint Medical Center (Woodlands Branch),Wed,8:30am - 1:30pm,,false
Woodlands,Medipoint Medical Center (Woodlands Branch),Thurs,8:30am - 1:30pm,,false
Woodlands,Medipoint Medical Center (Woodlands Branch),Fri,8:30am - 1:30pm,,false
Woodlands,Medipoint Medical Center (Woodlands Branch),Sat,8:30am - 12:00pm,,false
Woodlands,Medipoint Medical Center (Woodlands Branch),Sun,,Closed,true
Woodlands,Medipoint Medical Center (Woodlands Branch),PH,,Closed,true
Woodlands,Millennium Medical Group,Mon,9:00am - 12:30pm | 2:00pm - 4:00pm | 7:00pm - 9:00pm,,false
Woodlands,Millennium Medical Group,Tues,9:00am - 12:30pm | 2:00pm - 4:00pm | 7:00pm - 9:00pm,,false
Woodlands,Millennium Medical Group,Wed,9:00am - 12:30pm | 2:00pm - 4:00pm | 7:00pm - 9:00pm,,false
Woodlands,Millennium Medical Group,Thurs,9:00am - 12:30pm | 2:00pm - 4:00pm | 7:00pm - 9:00pm,,false
Woodlands,Millennium Medical Group,Fri,9:00am - 12:30pm | 2:00pm - 4:00pm | 7:00pm - 9:00pm,,false
Woodlands,Millennium Medical Group,Sat,9:00am - 12:30pm,,false
Woodlands,Millennium Medical Group,Sun,,Closed,true
Woodlands,Millennium Medical Group,PH,,Closed,true
Woodlands,mydoctor@Admiralty,Mon,8:30am - 12:30pm | 1:30pm - 4:30pm | 5:00pm - 9:00pm,,false
Woodlands,mydoctor@Admiralty,Tues,8:30am - 12:30pm | 1:30pm - 4:30pm | 5:00pm - 9:00pm,,false
Woodlands,mydoctor@Admiralty,Wed,8:30am - 12:30pm | 1:30pm - 4:30pm | 5:00pm - 9:00pm,,false
Woodlands,mydoctor@Admiralty,Thurs,8:30am - 12:30pm | 1:30pm - 4:30pm | 5:00pm - 9:00pm,,false
Woodlands,mydoctor@Admiralty,Fri,8:30am - 12:30pm | 1:30pm - 4:30pm | 5:00pm - 9:00pm,,false
Woodlands,mydoctor@Admiralty,Sat,8:30am - 12:30pm,,false
Woodlands,mydoctor@Admiralty,Sun,8:30am - 12:30pm,,false
Woodlands,mydoctor@Admiralty,PH,,8:30am 12:30pmS,false
Woodlands,Northlink (Woodlands) Clinic Ltd,Mon,8:00am - 1:00pm | 2:00pm - 5:00pm | 6:00pm - 9:00pm,,false
Woodlands,Northlink (Woodlands) Clinic Ltd,Tues,8:00am - 1:00pm | 2:00pm - 5:00pm | 6:00pm - 9:00pm,,false
Woodlands,Northlink (Woodlands) Clinic Ltd,Wed,8:00am - 1:00pm | 2:00pm - 5:00pm | 6:00pm - 9:00pm,,false
Woodlands,Northlink (Woodlands) Clinic Ltd,Thurs,8:00am - 1:00pm | 2:00pm - 5:00pm | 6:00pm - 9:00pm,,false
Woodlands,Northlink (Woodlands) Clinic Ltd,Fri,8:00am - 1:00pm | 2:00pm - 5:00pm | 6:00pm - 9:00pm,,false
Woodlands,Northlink (Woodlands) Clinic Ltd,Sat,8:00am - 1:00pm | 2:00pm - 5:00pm,,false
Woodlands,Northlink (Woodlands) Clinic Ltd,Sun,8:00am - 1:00pm | 2:00pm - 5:00pm,,false
Woodlands,Northlink (Woodlands) Clinic Ltd,PH,8:00am - 1:00pm | 2:00pm - 5:00pm,,false
Woodlands,Norwood Medical Clinic,Mon,8:00am - 1:00pm | 6:00pm - 7:30pm,& Fri:,false
Woodlands,Norwood Medical Clinic,Tues,8:00am - 1:00pm | 6:00pm - 7:30pm,& Fri:,false
Woodlands,Norwood Medical Clinic,Wed,8:00am - 1:00pm,,false
Woodlands,Norwood Medical Clinic,Thurs,8:00am - 1:00pm | 6:00pm - 7:30pm,& Fri:,false
Woodlands,Norwood Medical Clinic,Sat,8:00am - 1:00pm,,false
Woodlands,Norwood Medical Clinic,Sun,9:00am - 1:00pm,,false
Woodlands,Norwood Medical Clinic,PH,,Closed,true
Woodlands,Royal Medical Centre,Mon,8:30am - 1:00pm | 2:00pm - 4:00pm | 6:30pm - 9:00pm,,false
Woodlands,Royal Medical Centre,Tues,8:30am - 1:00pm | 2:00pm - 4:00pm | 6:30pm - 9:00pm,,false
Woodlands,Royal Medical Centre,Wed,8:30am - 1:00pm | 2:00pm - 4:00pm | 6:30pm - 9:00pm,,false
Woodlands,Royal Medical Centre,Thurs,8:30am - 1:00pm | 2:00pm - 4:00pm | 6:30pm - 9:00pm,,false
Woodlands,Royal Medical Centre,Fri,8:30am - 1:00pm | 2:00pm - 4:00pm | 6:30pm - 9:00pm,,false
Woodlands,Royal Medical Centre,Sat,8:30am - 12:30pm,,false
Woodlands,Royal Medical Centre,Sun,,Closed,true
Woodlands,Royal Medical Centre,PH,,Closed,true
Woodlands,SATA CommHealth Medical Centre (Woodlands),Mon,8:30am - 12:30pm | 1:30pm - 5:00pm,,false
Woodlands,SATA CommHealth Medical Centre (Woodlands),Tues,8:30am - 12:30pm | 1:30pm - 5:00pm,,false
Woodlands,SATA CommHealth Medical Centre (Woodlands),Wed,8:30am - 12:30pm | 1:30pm - 5:00pm,,false
Woodlands,SATA CommHealth Medical Centre (Woodlands),Thurs,8:30am - 12:30pm | 1:30pm - 5:00pm,,false
Woodlands,SATA CommHealth Medical Centre (Woodlands),Fri,8:30am - 12:30pm | 1:30pm - 5:00pm,,false
Woodlands,SATA CommHealth Medical Centre (Woodlands),Sat,8:30am - 12:30pm,,false
Woodlands,SATA CommHealth Medical Centre (Woodlands),Sun,,Closed,true
Woodlands,SATA CommHealth Medical Centre (Woodlands),PH,,Closed,true
Woodlands,Victoria Medical House,Mon,9:00am - 12:00pm | 6:30pm - 8:30pm,,false
Woodlands,Victoria Medical House,Tues,9:00am - 12:00pm,,false
Woodlands,Victoria Medical House,Thurs,9:00am - 12:00pm | 6:30pm - 8:30pm,,false
Woodlands,Victoria Medical House,Fri,9:00am - 12:00pm,,false
Woodlands,Victoria Medical House,Sun,,Closed,true
Woodlands,Victoria Medical House,PH,,Closed,true
Woodlands,Virtue Family Clinic (Woodlands),Mon,8:30am - 2:00pm | 5:00pm - 8:30pm,,false
Woodlands,Virtue Family Clinic (Woodlands),Tues,8:30am - 2:00pm | 5:00pm - 8:30pm,,false
Woodlands,Virtue Family Clinic (Woodlands),Wed,8:30am - 2:00pm | 5:00pm - 8:30pm,,false
Woodlands,Virtue Family Clinic (Woodlands),Thurs,8:30am - 2:00pm | 5:00pm - 8:30pm,,false
Woodlands,Virtue Family Clinic (Woodlands),Fri,8:30am - 2:00pm | 5:00pm - 8:30pm,,false
Woodlands,Virtue Family Clinic (Woodlands),Sat,8:30am - 1:00pm,,false
Woodlands,Virtue Family Clinic (Woodlands),Sun,8:30am - 2:00pm | 5:00pm - 8:30pm,,false
Woodlands,Virtue Family Clinic (Woodlands),PH,,Closed,true
Woodlands,Woodlands Medical Center,Mon,2:00pm - 4:30pm | 6:00pm - 8:30pm,,false
Woodlands,Woodlands Medical Center,Tues,2:00pm - 4:30pm | 6:00pm - 8:30pm,,false
Woodlands,Woodlands Medical Center,Wed,2:00pm - 4:30pm | 6:00pm - 8:30pm,,false
Woodlands,Woodlands Medical Center,Thurs,2:00pm - 4:30pm | 6:00pm - 8:30pm,,false
Woodlands,Woodlands Medical Center,Fri,2:00pm - 4:30pm | 6:00pm - 8:30pm,,false
Woodlands,Woodlands Medical Center,Sat,,Closed,true
Woodlands,Woodlands Medical Center,Sun,8:30am - 12:00pm,,false
Woodlands,Woodlands Medical Center,PH,,Closed,true
Woodlands,Medical Centre (Admiralty MRT),Mon,8:30am - 1:00pm,,false
Woodlands,Medical Centre (Admiralty MRT),Tues,8:30am - 1:00pm,,false
Woodlands,Medical Centre (Admiralty MRT),Wed,,Closed,true
Woodlands,Medical Centre (Admiralty MRT),Thurs,2:00pm - 5:00pm,,false
Woodlands,Medical Centre (Admiralty MRT),Fri,8:30am - 1:00pm,,false
Woodlands,Medical Centre (Admiralty MRT),Sat,8:30am - 1:00pm,,false
Woodlands,Medical Centre (Admiralty MRT),Sun,,Closed,true
Woodlands,Medical Centre (Admiralty MRT),PH,,Closed,true
Woodlands,Medical Clinic (Woodlands),Mon,8:00am - 1:00pm | 5:00pm - 9:00pm,,false
Woodlands,Medical Clinic (Woodlands),Tues,8:00am - 1:00pm | 5:00pm - 9:00pm,,false
Woodlands,Medical Clinic (Woodlands),Wed,8:00am - 1:00pm | 5:00pm - 9:00pm,,false
Woodlands,Medical Clinic (Woodlands),Thurs,8:00am - 1:00pm | 5:00pm - 9:00pm,,false
Woodlands,Medical Clinic (Woodlands),Fri,8:00am - 1:00pm,,false
Woodlands,Medical Clinic (Woodlands),Sat,8:00am - 1:00pm,,false
Woodlands,Medical Clinic (Woodlands),Sun,8:00am - 1:00pm,,false
Woodlands,Medical Clinic (Woodlands),PH,8:00am - 1:00pm,,false
Yishun,Apex Medical 844 Group (Yishun),Mon,8:30am - 12:30pm | 2:30pm - 4:00pm | 7:00pm - 9:00pm,& Fri:,false
Yishun,Apex Medical 844 Group (Yishun),Tues,8:30am - 12:30pm | 2:30pm - 4:00pm,,false
Yishun,Apex Medical 844 Group (Yishun),Wed,8:30am - 12:30pm | 2:30pm - 4:00pm | 7:00pm - 9:00pm,& Fri:,false
Yishun,Apex Medical 844 Group (Yishun),Thurs,8:30am - 12:30pm | 2:30pm - 4:00pm | 7:00pm - 9:00pm,& Fri:,false
Yishun,Apex Medical 844 Group (Yishun),Sat,8:30am - 12:30pm,,false
Yishun,Apex Medical 844 Group (Yishun),Sun,,Closed,true
Yishun,Apex Medical 844 Group (Yishun),PH,,Closed,true
Yishun,Atrio Family 291 Clinic (Yishun),Mon,8:00am - 2:00pm | 5:30pm - 9:30pm,,false
Yishun,Atrio Family 291 Clinic (Yishun),Tues,8:00am - 2:00pm | 5:30pm - 9:30pm,,false
Yishun,Atrio Family 291 Clinic (Yishun),Wed,8:00am - 2:00pm | 5:30pm - 9:30pm,,false
Yishun,Atrio Family 291 Clinic (Yishun),Thurs,8:00am - 2:00pm | 5:30pm - 9:30pm,,false
Yishun,Atrio Family 291 Clinic (Yishun),Fri,8:00am - 2:00pm | 5:30pm - 9:30pm,,false
Yishun,Atrio Family 291 Clinic (Yishun),Sat,8:00am - 2:00pm | 5:30pm - 9:30pm,,false
Yishun,Atrio Family 291 Clinic (Yishun),Sun,9:00am - 2:00pm | 5:30pm - 9:30pm,,false
Yishun,Atrio Family 291 Clinic (Yishun),PH,,Closed,true
Yishun,Bethesda 293 Medical @ Yishun,Mon,9:00am - 3:00pm,,false
Yishun,Bethesda 293 Medical @ Yishun,Tues,9:00am - 3:00pm,,false
Yishun,Bethesda 293 Medical @ Yishun,Wed,9:00am - 3:00pm,,false
Yishun,Bethesda 293 Medical @ Yishun,Thurs,9:00am - 3:00pm,,false
Yishun,Bethesda 293 Medical @ Yishun,Fri,9:00am - 3:00pm,,false
Yishun,Bethesda 293 Medical @ Yishun,Sat,,Closed,true
Yishun,Bethesda 293 Medical @ Yishun,Sun,,Closed,true
Yishun,Bethesda 293 Medical @ Yishun,PH,,Closed,true
Yishun,FairCare Family 103 Clinic (Yishun),Mon,8:30am - 1:00pm | 2:00pm - 5:00pm | 6:00pm - 9:00pm,,false
Yishun,FairCare Family 103 Clinic (Yishun),Tues,8:30am - 1:00pm | 2:00pm - 5:00pm | 6:00pm - 9:00pm,,false
Yishun,FairCare Family 103 Clinic (Yishun),Wed,8:30am - 1:00pm | 2:00pm - 5:00pm | 6:00pm - 9:00pm,,false
Yishun,FairCare Family 103 Clinic (Yishun),Thurs,8:30am - 1:00pm | 2:00pm - 5:00pm | 6:00pm - 9:00pm,,false
Yishun,FairCare Family 103 Clinic (Yishun),Fri,8:30am - 1:00pm | 2:00pm - 5:00pm | 6:00pm - 9:00pm,,false
Yishun,FairCare Family 103 Clinic (Yishun),Sat,8:30am - 1:00pm,,false
Yishun,FairCare Family 103 Clinic (Yishun),Sun,8:30am - 1:00pm,,false
Yishun,FairCare Family 103 Clinic (Yishun),PH,,Closed,true
Yishun,GoClinic Yishun 769,Mon,8:00am - 2:00pm | 6:00pm - 9:00pm,,false
Yishun,GoClinic Yishun 769,Tues,8:00am - 2:00pm,,false
Yishun,GoClinic Yishun 769,Wed,8:00am - 2:00pm | 6:00pm - 9:00pm,,false
Yishun,GoClinic Yishun 769,Thurs,8:00am - 2:00pm,,false
Yishun,GoClinic Yishun 769,Fri,8:00am - 2:00pm | 6:00pm - 9:00pm,,false
Yishun,GoClinic Yishun 769,Sat,8:00am - 1:00pm,,false
Yishun,GoClinic Yishun 769,Sun,,Closed,true
Yishun,GoClinic Yishun 769,PH,,Closed,true
Yishun,Healthway 101 Medical (Yishun Ave 5),Mon,8:30am - 1:00pm | 2:00pm - 5:00pm | 6:00pm - 9:00pm,,false
Yishun,Healthway 101 Medical (Yishun Ave 5),Tues,8:30am - 1:00pm | 2:00pm - 5:00pm,,false
Yishun,Healthway 101 Medical (Yishun Ave 5),Wed,8:30am - 1:00pm | 2:00pm - 5:00pm,,false
Yishun,Healthway 101 Medical (Yishun Ave 5),Thurs,8:30am - 1:00pm | 2:00pm - 5:00pm | 6:00pm - 9:00pm,,false
Yishun,Healthway 101 Medical (Yishun Ave 5),Fri,8:30am - 1:00pm | 2:00pm - 5:00pm,,false
Yishun,Healthway 101 Medical (Yishun Ave 5),Sat,8:30am - 1:00pm,,false
Yishun,Healthway 101 Medical (Yishun Ave 5),Sun,9:00am - 12:00pm,,false
Yishun,Healthway 101 Medical (Yishun Ave 5),PH,9:00am - 12:00pm,,false
Yishun,Healthway 417 Medical (Yishun Ave 11),Mon,8:30am - 12:30pm | 2:00pm - 5:00pm | 6:00pm - 9:00pm,,false
Yishun,Healthway 417 Medical (Yishun Ave 11),Tues,8:30am - 12:30pm | 2:00pm - 5:00pm | 6:00pm - 9:00pm,,false
Yishun,Healthway 417 Medical (Yishun Ave 11),Wed,8:30am - 12:30pm | 2:00pm - 5:00pm | 6:00pm - 9:00pm,,false
Yishun,Healthway 417 Medical (Yishun Ave 11),Thurs,8:30am - 12:30pm | 2:00pm - 5:00pm | 6:00pm - 9:00pm,,false
Yishun,Healthway 417 Medical (Yishun Ave 11),Fri,8:30am - 12:30pm | 2:00pm - 5:00pm | 6:00pm - 9:00pm,,false
Yishun,Healthway 417 Medical (Yishun Ave 11),Sat,8:30am - 12:30pm,,false
Yishun,Healthway 417 Medical (Yishun Ave 11),Sun,8:30am - 12:30pm,,false
Yishun,Healthway 417 Medical (Yishun Ave 11),PH,8:30am - 12:30pm,,false
Yishun,Heartland Family 333C Clinic,Mon,8:00am - 12:30pm,,false
Yishun,Heartland Family 333C Clinic,Tues,8:00am - 12:30pm,,false
Yishun,Heartland Family 333C Clinic,Wed,8:00am - 12:30pm | 2:00pm - 4:00pm,,false
Yishun,Heartland Family 333C Clinic,Thurs,2:00pm - 4:00pm | 6:30pm - 9:00pm,,false
Yishun,Heartland Family 333C Clinic,Fri,8:00am - 12:30pm,,false
Yishun,Heartland Family 333C Clinic,Sat,8:30am - 12:00pm,,false
Yishun,Heartland Family 333C Clinic,Sun,8:30am - 12:00pm,,false
Yishun,Heartland Family 333C Clinic,PH,,Closed,true
Yishun,HeartlandHealth 18 (Yishun),Mon,8:00am - 1:00pm | 6:00pm - 11:00pm,,false
Yishun,HeartlandHealth 18 (Yishun),Tues,8:00am - 1:00pm | 6:00pm - 11:00pm,,false
Yishun,HeartlandHealth 18 (Yishun),Wed,8:00am - 1:00pm | 6:00pm - 11:00pm,,false
Yishun,HeartlandHealth 18 (Yishun),Thurs,8:00am - 1:00pm | 6:00pm - 11:00pm,,false
Yishun,HeartlandHealth 18 (Yishun),Fri,8:00am - 1:00pm | 6:00pm - 11:00pm,,false
Yishun,HeartlandHealth 18 (Yishun),Sat,8:00am - 1:00pm | 6:00pm - 11:00pm,,false
Yishun,HeartlandHealth 18 (Yishun),Sun,8:00am - 1:00pm | 6:00pm - 11:00pm,,false
Yishun,HeartlandHealth 18 (Yishun),PH,8:00am - 1:00pm | 6:00pm - 11:00pm,,false
Yishun,Intemedical 419 Yishun,Mon,8:00am - 10:00pm,,false
Yishun,Intemedical 419 Yishun,Tues,8:00am - 10:00pm,,false
Yishun,Intemedical 419 Yishun,Wed,8:00am - 10:00pm,,false
Yishun,Intemedical 419 Yishun,Thurs,8:00am - 10:00pm,,false
Yishun,Intemedical 419 Yishun,Fri,8:00am - 10:00pm,,false
Yishun,Intemedical 419 Yishun,Sat,8:00am - 10:00pm,,false
Yishun,Intemedical 419 Yishun,Sun,8:00am - 10:00pm,,false
Yishun,Clinic and 844 Surgery #,Mon,8:00am - 5:00pm,,false
Yishun,Clinic and 844 Surgery #,Tues,8:00am - 5:00pm,,false
Yishun,Clinic and 844 Surgery #,Wed,8:00am - 4:00pm,,false
Yishun,Clinic and 844 Surgery #,Thurs,8:00am - 4:00pm,,false
Yishun,Clinic and 844 Surgery #,Fri,8:00am - 1:00pm,,false
Yishun,Clinic and 844 Surgery #,Sat,,Closed,true
Yishun,Clinic and 844 Surgery #,Sun,,Closed,true
Yishun,Clinic and 844 Surgery #,PH,,Closed,true
Yishun,Kindred Family 172 Clinic (Yishun),Mon,8:30am - 1:00pm | 2:00pm - 5:00pm | 6:00pm - 9:00pm,,false
Yishun,Kindred Family 172 Clinic (Yishun),Tues,8:30am - 1:00pm | 2:00pm - 5:00pm,,false
Yishun,Kindred Family 172 Clinic (Yishun),Sat,8:30am - 1:00pm,,false
Yishun,Kindred Family 172 Clinic (Yishun),Sun,8:30am - 1:00pm,,false
Yishun,Kindred Family 172 Clinic (Yishun),PH,,Closed,true
Yishun,Lifeline Yishun 846 Ring Medical Clinic,Mon,8:30am - 12:30pm | 2:00pm - 4:30pm,,false
Yishun,Lifeline Yishun 846 Ring Medical Clinic,Tues,8:30am - 12:30pm | 2:00pm - 4:30pm | 7:00pm - 9:00pm,,false
Yishun,Lifeline Yishun 846 Ring Medical Clinic,Wed,8:30am - 12:30pm | 2:00pm - 4:30pm,,false
Yishun,Lifeline Yishun 846 Ring Medical Clinic,Thurs,8:30am - 12:30pm | 2:00pm - 4:30pm | 7:00pm - 9:00pm,,false
Yishun,Lifeline Yishun 846 Ring Medical Clinic,Fri,8:30am - 12:30pm | 2:00pm - 4:30pm,,false
Yishun,Lifeline Yishun 846 Ring Medical Clinic,Sat,9:00am - 12:00pm,,false
Yishun,Lifeline Yishun 846 Ring Medical Clinic,Sun,,Closed,true
Yishun,Lifeline Yishun 846 Ring Medical Clinic,PH,,Closed,true
Yishun,Lion Health Clinic 931 Surgery (Yishun),Mon,8:00am - 2:00pm | 5:00pm - 11:00pm,,false
Yishun,Lion Health Clinic 931 Surgery (Yishun),Tues,8:00am - 2:00pm | 5:00pm - 11:00pm,,false
Yishun,Lion Health Clinic 931 Surgery (Yishun),Wed,8:00am - 2:00pm | 5:00pm - 11:00pm,,false
Yishun,Lion Health Clinic 931 Surgery (Yishun),Thurs,8:00am - 2:00pm | 5:00pm - 11:00pm,,false
Yishun,Lion Health Clinic 931 Surgery (Yishun),Fri,8:00am - 2:00pm | 5:00pm - 11:00pm,,false
Yishun,Lion Health Clinic 931 Surgery (Yishun),Sat,8:00am - 2:00pm | 5:00pm - 11:00pm,,false
Yishun,Lion Health Clinic 931 Surgery (Yishun),Sun,8:00am - 2:00pm | 5:00pm - 11:00pm,,false
Yishun,Lion Health Clinic 931 Surgery (Yishun),PH,8:00am - 2:00pm | 5:00pm - 11:00pm,,false
Yishun,Family Clinic 160 (Yishun 160),Mon,8:00am - 1:00pm | 2:00pm - 5:00pm | 6:00pm - 9:00pm,,false
Yishun,Family Clinic 160 (Yishun 160),Tues,8:00am - 1:00pm | 2:00pm - 5:00pm | 6:00pm - 9:00pm,,false
Yishun,Family Clinic 160 (Yishun 160),Wed,8:00am - 1:00pm | 2:00pm - 5:00pm | 6:00pm - 9:00pm,,false
Yishun,Family Clinic 160 (Yishun 160),Thurs,8:00am - 1:00pm | 2:00pm - 5:00pm | 6:00pm - 9:00pm,,false
Yishun,Family Clinic 160 (Yishun 160),Fri,8:00am - 1:00pm | 2:00pm - 5:00pm | 6:00pm - 9:00pm,,false
Yishun,Family Clinic 160 (Yishun 160),Sat,8:00am - 12:00pm,,false
Yishun,Family Clinic 160 (Yishun 160),Sun,8:00am - 1:00pm,,false
Yishun,Family Clinic 160 (Yishun 160),PH,9:30am - 12:30pm,,false
Yishun,Medivale Medical 236 Clinic,Mon,8:30am - 12:30pm | 2:00pm - 4:00pm | 6:00pm - 9:00pm,,false
Yishun,Medivale Medical 236 Clinic,Tues,8:30am - 12:30pm | 2:00pm - 4:00pm | 6:00pm - 9:00pm,,false
Yishun,Medivale Medical 236 Clinic,Wed,8:30am - 12:30pm | 2:00pm - 4:00pm | 6:00pm - 9:00pm,,false
Yishun,Medivale Medical 236 Clinic,Thurs,8:30am - 12:30pm | 2:00pm - 4:00pm | 6:00pm - 9:00pm,,false
Yishun,Medivale Medical 236 Clinic,Fri,8:30am - 12:30pm | 2:00pm - 4:00pm | 6:00pm - 9:00pm,,false
Yishun,Medivale Medical 236 Clinic,Sat,8:30am - 12:30pm,,false
Yishun,Medivale Medical 236 Clinic,Sun,8:30am - 12:30pm,,false
Yishun,Medivale Medical 236 Clinic,PH,,Closed,true
Yishun,Family Clinic 507 (Angsana Breeze Yishun),Mon,8:00am - 2:30pm | 6:00pm - 9:30pm,,false
Yishun,Family Clinic 507 (Angsana Breeze Yishun),Tues,8:00am - 2:30pm | 6:00pm - 9:30pm,,false
Yishun,Family Clinic 507 (Angsana Breeze Yishun),Wed,8:00am - 2:30pm | 6:00pm - 9:30pm,,false
Yishun,Family Clinic 507 (Angsana Breeze Yishun),Thurs,8:00am - 2:30pm | 6:00pm - 9:30pm,,false
Yishun,Family Clinic 507 (Angsana Breeze Yishun),Fri,8:00am - 2:30pm | 6:00pm - 9:30pm,,false
Yishun,Family Clinic 507 (Angsana Breeze Yishun),Sat,8:00am - 12:30pm,,false
Yishun,Family Clinic 507 (Angsana Breeze Yishun),Sun,8:00am - 12:00pm,,false
Yishun,Family Clinic 507 (Angsana Breeze Yishun),PH,,Closed,true
Yishun,OneCare Clinic 18 (Junction 9),Mon,8:00am - 3:00pm | 5:30pm - 9:30pm,,false
Yishun,OneCare Clinic 18 (Junction 9),Tues,8:00am - 3:00pm | 5:30pm - 9:00pm,,false
Yishun,OneCare Clinic 18 (Junction 9),Wed,8:00am - 3:00pm | 5:30pm - 9:00pm,,false
Yishun,OneCare Clinic 18 (Junction 9),Thurs,8:00am - 3:00pm | 5:30pm - 9:00pm,,false
Yishun,OneCare Clinic 18 (Junction 9),Fri,8:00am - 3:00pm | 5:30pm - 9:00pm,,false
Yishun,OneCare Clinic 18 (Junction 9),Sat,8:00am - 1:00pm | 6:00pm - 9:00pm,,false
Yishun,OneCare Clinic 18 (Junction 9),Sun,8:00am - 1:00pm | 6:00pm - 9:00pm,,false
Yishun,OneCare Clinic 18 (Junction 9),PH,,Open at selected timing (To call the clinic to confirm),false
Yishun,OneCare Clinic 431 (Yishun),Mon,8:30am - 3:30pm | 6:00pm - 9:30pm,,false
Yishun,OneCare Clinic 431 (Yishun),Tues,8:30am - 3:30pm | 6:00pm - 9:00pm,,false
Yishun,OneCare Clinic 431 (Yishun),Wed,8:30am - 3:30pm | 6:00pm - 9:00pm,,false
Yishun,OneCare Clinic 431 (Yishun),Thurs,8:30am - 3:30pm | 6:00pm - 9:00pm,,false
Yishun,OneCare Clinic 431 (Yishun),Fri,8:30am - 3:30pm | 6:00pm - 9:00pm,,false
Yishun,OneCare Clinic 431 (Yishun),Sat,8:30am - 1:00pm,,false
Yishun,OneCare Clinic 431 (Yishun),Sun,8:30am - 1:00pm | 6:00pm - 9:00pm,,false
Yishun,OneCare Clinic 431 (Yishun),PH,,Open at selected timing (To call the clinic to confirm),false
Yishun,Our Yishun 471B Family Clinic,Mon,8:30am - 2:30pm | 5:30pm - 9:00pm | 8:30am - 2:30pm | 6:00pm - 9:00pm,(WhatsApp Only) Fri:,false
Yishun,Our Yishun 471B Family Clinic,Tues,8:30am - 2:30pm | 5:30pm - 9:00pm | 8:30am - 2:30pm | 6:00pm - 9:00pm,(WhatsApp Only) Fri:,false
Yishun,Our Yishun 471B Family Clinic,Wed,8:30am - 2:30pm | 5:30pm - 9:00pm | 8:30am - 2:30pm | 6:00pm - 9:00pm,(WhatsApp Only) Fri:,false
Yishun,Our Yishun 471B Family Clinic,Thurs,8:30am - 2:30pm | 5:30pm - 9:00pm | 8:30am - 2:30pm | 6:00pm - 9:00pm,(WhatsApp Only) Fri:,false
Yishun,Our Yishun 471B Family Clinic,Sat,8:30am - 1:00pm,,false
Yishun,Our Yishun 471B Family Clinic,Sun,8:30am - 1:00pm | 6:00pm - 9:00pm,,false
Yishun,Our Yishun 471B Family Clinic,PH,,Closed,true
Yishun,Pacific Medical 716 and Dental Group,Mon,8:30am - 3:00pm | 6:30pm - 9:30pm,,false
Yishun,Pacific Medical 716 and Dental Group,Tues,8:30am - 3:00pm,,false
Yishun,Pacific Medical 716 and Dental Group,Wed,8:30am - 3:00pm | 6:30pm - 9:30pm,,false
Yishun,Pacific Medical 716 and Dental Group,Thurs,8:30am - 3:00pm,,false
Yishun,Pacific Medical 716 and Dental Group,Fri,8:30am - 3:00pm | 6:30pm - 9:30pm,,false
Yishun,Pacific Medical 716 and Dental Group,Sat,8:30am - 12:30pm,,false
Yishun,Pacific Medical 716 and Dental Group,Sun,,Closed,true
Yishun,Pacific Medical 716 and Dental Group,PH,,Closed,true
Yishun,PanCare Medical 605 Clinic (Yishun Nee 605),Mon,8:30am - 1:00pm | 2:00pm - 5:00pm | 6:00pm - 9:00pm,,false
Yishun,PanCare Medical 605 Clinic (Yishun Nee 605),Tues,8:30am - 1:00pm | 2:00pm - 5:00pm,,false
Yishun,PanCare Medical 605 Clinic (Yishun Nee 605),Wed,8:30am - 1:00pm | 2:00pm - 5:00pm,,false
Yishun,PanCare Medical 605 Clinic (Yishun Nee 605),Thurs,8:30am - 1:00pm | 2:00pm - 5:00pm,,false
Yishun,PanCare Medical 605 Clinic (Yishun Nee 605),Fri,8:30am - 1:00pm | 2:00pm - 5:00pm,,false
Yishun,PanCare Medical 605 Clinic (Yishun Nee 605),Sat,8:30am - 1:00pm,,false
Yishun,PanCare Medical 605 Clinic (Yishun Nee 605),Sun,,Closed,true
Yishun,PanCare Medical 605 Clinic (Yishun Nee 605),PH,,Closed,true
Yishun,PanCare Medical 747 Clinic (Yishun Nee 747),Mon,8:00am - 5:00pm | 6:00pm - 9:00pm,,false
Yishun,PanCare Medical 747 Clinic (Yishun Nee 747),Tues,8:00am - 1:00pm,,false
Yishun,PanCare Medical 747 Clinic (Yishun Nee 747),Wed,8:00am - 1:00pm,,false
Yishun,PanCare Medical 747 Clinic (Yishun Nee 747),Thurs,8:00am - 1:00pm | 2:00pm - 5:00pm | 6:00pm - 9:00pm,,false
Yishun,PanCare Medical 747 Clinic (Yishun Nee 747),Fri,8:00am - 5:00pm,,false
Yishun,PanCare Medical 747 Clinic (Yishun Nee 747),Sat,8:00am - 2:00pm,,false
Yishun,PanCare Medical 747 Clinic (Yishun Nee 747),Sun,,Closed,true
Yishun,PanCare Medical 747 Clinic (Yishun Nee 747),PH,,Closed,true
Yishun,Parkway Shenton 160 Medical Clinic (Yishun Central),Mon,8:30am - 1:00pm | 2:00pm - 5:30pm | 6:30pm - 9:00pm,,false
Yishun,Parkway Shenton 160 Medical Clinic (Yishun Central),Tues,8:30am - 1:00pm | 2:00pm - 5:30pm,,false
Yishun,Parkway Shenton 160 Medical Clinic (Yishun Central),Wed,8:30am - 1:00pm | 2:00pm - 5:30pm,,false
Yishun,Parkway Shenton 160 Medical Clinic (Yishun Central),Thurs,8:30am - 1:00pm | 2:00pm - 5:30pm | 6:30pm - 9:00pm,,false
Yishun,Parkway Shenton 160 Medical Clinic (Yishun Central),Fri,8:30am - 1:00pm | 2:00pm - 5:30pm,,false
Yishun,Parkway Shenton 160 Medical Clinic (Yishun Central),Sat,8:30am - 12:30pm,,false
Yishun,Parkway Shenton 160 Medical Clinic (Yishun Central),Sun,,Closed,true
Yishun,Parkway Shenton 160 Medical Clinic (Yishun Central),PH,,Closed,true
Yishun,Pinnacle Family 920 Clinic (Yishun),Mon,8:00am - 1:00pm,,false
Yishun,Pinnacle Family 920 Clinic (Yishun),Tues,8:00am - 1:00pm | 2:00pm - 4:00pm,,false
Yishun,Pinnacle Family 920 Clinic (Yishun),Wed,8:00am - 1:00pm,,false
Yishun,Pinnacle Family 920 Clinic (Yishun),Thurs,2:00pm - 4:00pm | 5:00pm - 9:00pm,(WhatsApp only),false
Yishun,Pinnacle Family 920 Clinic (Yishun),Fri,8:00am - 1:00pm | 2:00pm - 4:00pm,,false
Yishun,Pinnacle Family 920 Clinic (Yishun),Sat,9:00am - 1:00pm,,false
Yishun,Pinnacle Family 920 Clinic (Yishun),Sun,,Closed,true
Yishun,Pinnacle Family 920 Clinic (Yishun),PH,,Closed,true
Yishun,Psalms Family 293 Clinic,Mon,8:30am - 1:00pm | 2:00pm - 4:00pm,,false
Yishun,Psalms Family 293 Clinic,Tues,8:30am - 1:00pm | 2:00pm - 4:00pm,,false
Yishun,Psalms Family 293 Clinic,Wed,8:30am - 1:00pm | 2:00pm - 4:00pm,,false
Yishun,Psalms Family 293 Clinic,Thurs,8:30am - 1:00pm | 2:00pm - 4:00pm,,false
Yishun,Psalms Family 293 Clinic,Fri,8:30am - 1:00pm | 2:00pm - 4:00pm,,false
Yishun,Psalms Family 293 Clinic,Sat,8:30am - 12:00pm,,false
Yishun,Psalms Family 293 Clinic,Sun,,Closed,true
Yishun,Psalms Family 293 Clinic,PH,,Closed,true
Yishun,Silver Cross 846 Family Clinic (Yishun),Mon,8:00am - 5:00pm | 6:00pm - 9:00pm,,false
Yishun,Silver Cross 846 Family Clinic (Yishun),Tues,8:00am - 5:00pm | 6:00pm - 9:00pm,,false
Yishun,Silver Cross 846 Family Clinic (Yishun),Wed,8:00am - 5:00pm | 6:00pm - 9:00pm,,false
Yishun,Silver Cross 846 Family Clinic (Yishun),Thurs,8:00am - 5:00pm | 6:00pm - 9:00pm,,false
Yishun,Silver Cross 846 Family Clinic (Yishun),Fri,8:00am - 5:00pm | 6:00pm - 9:00pm,,false
Yishun,Silver Cross 846 Family Clinic (Yishun),Sat,8:00am - 5:00pm,,false
Yishun,Silver Cross 846 Family Clinic (Yishun),Sun,8:00am - 5:00pm,,false
Yishun,Silver Cross 846 Family Clinic (Yishun),PH,8:00am - 5:00pm,"(*) Clinic hours are subject to change, please call before visiting.",false
Yishun,The Family 411 Medical Centre (Yishun) Pte Ltd,Mon,8:30am - 12:30pm | 2:00pm - 4:30pm | 7:00pm - 9:00pm,,false
Yishun,The Family 411 Medical Centre (Yishun) Pte Ltd,Tues,8:30am - 12:30pm | 2:00pm - 4:30pm | 7:00pm - 9:00pm,,false
Yishun,The Family 411 Medical Centre (Yishun) Pte Ltd,Wed,8:30am - 12:30pm | 2:00pm - 4:30pm | 7:00pm - 9:00pm,,false
Yishun,The Family 411 Medical Centre (Yishun) Pte Ltd,Thurs,8:30am - 12:30pm | 2:00pm - 4:30pm | 7:00pm - 9:00pm,,false
Yishun,The Family 411 Medical Centre (Yishun) Pte Ltd,Fri,8:30am - 12:30pm | 2:00pm - 4:30pm | 7:00pm - 9:00pm,,false
Yishun,The Family 411 Medical Centre (Yishun) Pte Ltd,Sat,8:30am - 12:30pm | 6:00pm - 8:00pm,,false
Yishun,The Family 411 Medical Centre (Yishun) Pte Ltd,Sun,8:30am - 12:30pm,,false
Yishun,The Family 411 Medical Centre (Yishun) Pte Ltd,PH,8:30am - 12:30pm,,false
Yishun,Unihealth 24- 103 Hours Clinic (Yishun),Mon,,24 hours,false
Yishun,Unihealth 24- 103 Hours Clinic (Yishun),Tues,,24 hours,false
Yishun,Unihealth 24- 103 Hours Clinic (Yishun),Wed,,24 hours,false
Yishun,Unihealth 24- 103 Hours Clinic (Yishun),Thurs,,24 hours,false
Yishun,Unihealth 24- 103 Hours Clinic (Yishun),Fri,,24 hours,false
Yishun,Unihealth 24- 103 Hours Clinic (Yishun),Sat,,24 hours,false
Yishun,Unihealth 24- 103 Hours Clinic (Yishun),Sun,,24 hours,false
Yishun,Unihealth 24- 103 Hours Clinic (Yishun),PH,,24 hours,false
Yishun,Uniq Medical 925 Clinic (Yishun),Mon,9:00am - 1:00pm | 6:00pm - 9:00pm,,false
Yishun,Uniq Medical 925 Clinic (Yishun),Tues,9:00am - 1:00pm | 6:00pm - 9:00pm,,false
Yishun,Uniq Medical 925 Clinic (Yishun),Wed,9:00am - 1:00pm | 6:00pm - 9:00pm,,false
Yishun,Uniq Medical 925 Clinic (Yishun),Thurs,9:00am - 1:00pm | 6:00pm - 9:00pm,,false
Yishun,Uniq Medical 925 Clinic (Yishun),Fri,9:00am - 1:00pm | 6:00pm - 9:00pm,,false
Yishun,Uniq Medical 925 Clinic (Yishun),Sat,9:00am - 1:00pm,,false
Yishun,Uniq Medical 925 Clinic (Yishun),Sun,,Closed,true
Yishun,Uniq Medical 925 Clinic (Yishun),PH,9:00am - 1:00pm,,false
Yishun,Medical Clinic 618 (Yishun),Mon,8:00am - 1:00pm | 6:00pm - 9:00pm,,false
Yishun,Medical Clinic 618 (Yishun),Tues,8:00am - 1:00pm | 6:00pm - 9:00pm,,false
Yishun,Medical Clinic 618 (Yishun),Wed,8:00am - 1:00pm | 6:00pm - 9:00pm,,false
Yishun,Medical Clinic 618 (Yishun),Thurs,8:00am - 1:00pm | 6:00pm - 9:00pm,,false
Yishun,Medical Clinic 618 (Yishun),Fri,8:00am - 1:00pm,,false
Yishun,Medical Clinic 618 (Yishun),Sat,8:00am - 1:00pm,,false
Yishun,Medical Clinic 618 (Yishun),Sun,9:00am - 12:00pm,,false
Yishun,Medical Clinic 618 (Yishun),PH,9:00am - 12:00pm,,false
